{
  "task_names": [
    "PfDHFR_Docking",
    "hDHFR_Docking",
    "hERG_Toxicity_Prob",
    "Caco2_logPapp",
    "Half_Life_hours"
  ],
  "signs": [
    -1,
    1,
    -1,
    1,
    1
  ],
  "bounds": {
    "PfDHFR_Docking": [
      -0.65,
      -0.1
    ],
    "hDHFR_Docking": [
      -0.65,
      -0.1
    ],
    "hERG_Toxicity_Prob": [
      0.003755229292437434,
      0.999658465385437
    ],
    "Caco2_logPapp": [
      -7.009392261505127,
      -3.929786205291748
    ],
    "Half_Life_hours": [
      0.37630030512809753,
      54.0836067199707
    ]
  }
}