{
  "task_names": [
    "PfDHFR_Docking",
    "hDHFR_Docking",
    "hERG_Toxicity_Prob",
    "Caco2_logPapp",
    "Half_Life_hours"
  ],
  "signs": [
    -1,
    1,
    -1,
    1,
    1
  ],
  "bounds": {
    "PfDHFR_Docking": [
      -0.65,
      -0.1
    ],
    "hDHFR_Docking": [
      -0.65,
      -0.1
    ],
    "hERG_Toxicity_Prob": [
      0.003755229292437434,
      0.9996427297592163
    ],
    "Caco2_logPapp": [
      -6.912514686584473,
      -3.929786205291748
    ],
    "Half_Life_hours": [
      0.37630030512809753,
      44.22749328613281
    ]
  }
}