{
  "task_names": [
    "Caco2_Permeability",
    "Half_Life",
    "hERG_Toxicity_Prob",
    "PfDHFR_Docking"
  ],
  "signs": [
    1,
    1,
    -1,
    -1
  ],
  "bounds": {
    "Caco2_Permeability": [
      -6.839174747467041,
      -3.958852767944336
    ],
    "Half_Life": [
      0.37630030512809753,
      42.01264953613281
    ],
    "hERG_Toxicity_Prob": [
      0.0038742402102798223,
      0.9996427297592163
    ],
    "PfDHFR_Docking": [
      -14.0,
      -4.0
    ]
  }
}