SMILES,on_front_upper_-5,on_front_upper_-2,on_front_upper_0,on_front_upper_2
CC(OC(=O)c1ccc(O)cc1)C(=O)Nc1cc(C(F)(F)F)ccc1Cl,False,False,False,False
CC(C)Cc1nnc(NC(=O)Cc2cccs2)s1,False,False,False,False
O=C1COc2ccccc2N1CC(O)COc1cccc2[nH]c3ccccc3c12,False,False,False,False
O=C1NC(=S)N/C1=C\c1ccccc1,True,True,True,True
Cn1ccnc1CN1CCN(CCOc2ccccc2C#N)CC1,False,False,False,False
COC(=O)c1c[nH]c2cc(CN3CCN(Cc4ccccc4)CC3)ccc2c1=O,False,False,False,False
COc1ccc(NC2=NC(=O)CS2)c([N+](=O)[O-])c1,False,False,False,False
CC(=O)OCC1(O)C(=O)OCc2c1cc1n(c2=O)Cc2cc3ccccc3nc2-1,True,True,True,True
Cc1cnc(N2CCC(Oc3cc(F)ccc3Cl)CC2)nn1,False,False,False,False
Cn1c(=N)n(CC(=O)c2ccc(C(C)(C)C)cc2)c2ccccc21,False,False,False,False
CCS(=O)(=O)N1Cc2ccccc2CC1C(=O)N(C)Cc1ccc(OC)c(F)c1,False,False,False,False
COc1ccccc1N(CC(=O)NCc1ccccc1)C(=O)CCC(=O)Nc1nccs1,False,False,False,False
COc1ccccc1NC(=O)CSc1nnc(NC(=O)NC2CCCCC2)s1,False,False,False,False
COc1ccc2c(=O)cc(C(C)Br)oc2c1CBr,False,False,False,False
NC(=O)c1ccc(O)c(C(=O)Nc2cc(C(F)(F)F)cc(C(F)(F)F)c2)c1,False,False,False,False
CNC(=O)C1CC(=O)N(CCCc2ccccc2)/C(=N/c2ccccc2)S1,False,False,False,False
O=C(COC(=O)CCC(=O)c1cccs1)Nc1cccc(F)c1,False,False,False,False
COc1cc2c(cc1O)CC[C@@H]1[C@@H]2CC[C@]2(C)C(C(N)=O)CC[C@@H]12,False,False,False,False
C=CCOc1c(OC)cc(Cc2cnc(N)nc2N)cc1OC,False,False,False,False
Cc1cccc(C)c1NC(=O)CN1C(=O)S/C(=C\c2cccn2-c2cccc(C(=O)O)c2)C1=O,False,False,False,False
CO[C@H]1CCC[C@@H](N2CCC(c3ccccc3)CC2)[C@@H]1O,False,False,False,False
Cc1ccc(C(=O)NC2CC2)cc1-c1ccc2cc[nH]c(=O)c2c1,False,False,False,False
COc1cccc(C(=O)/N=C2\SSC3=NCCN32)c1,False,False,False,False
CN(C)/N=C1/CN(CC(=O)Nc2cccc(-c3cnn(C)c3)c2)C(=O)C(Cc2c(Cl)cccc2C#N)CN1,False,False,False,False
CC(C)C(NC(=O)c1ccc(Cl)cc1Cl)C(=O)NCCc1ccccn1,False,False,False,False
COc1cccc(NC(=O)Cc2ccc3ccccc3c2)c1,False,False,False,False
Cc1ccc(Cl)cc1-c1nn(C)cc1NC(=O)c1cnn2cccnc12,False,False,False,False
O=C(Cn1cc(C(F)(F)F)ccc1=O)Nc1cccc(S(=O)(=O)N2CCOCC2)c1,False,False,False,False
COc1ccc2c(c1)CCCC1NC(=O)OC21,False,False,False,False
CC1CC(n2c(=O)[nH]c3ccccc32)CCN1CCNC(=O)[C@@H]1C[C@H]1c1ccccc1,False,False,False,False
COc1ccc(S(=O)(=O)N2CCOCC2)cc1NC(=O)Cc1ccccc1Cl,False,False,False,False
O=C(Nc1ccc(O)cc1)NC1CCCCC1,False,False,False,False
CC(C)(C)c1ccc(C(=O)Nc2ccc(S(N)(=O)=O)cc2)cc1,False,False,False,False
Cc1csc(NC(=O)c2c(-c3c(F)cccc3Cl)noc2C)n1,False,False,False,False
CC1CCCN(Cc2ccc(OCc3ccccc3)cc2)C1,False,False,False,False
C[C@]12CC[C@H]3[C@@H](CCC4=C[C@H](O)CC[C@@]43C)[C@@H]1CC[C@@H]2O,False,False,False,False
O=C(Cn1sc2ccccc2c1=O)Nc1ccccc1F,False,False,False,False
CCOC(=O)C1=C(Nc2ccccc2)CC(C)(O)C(C(=O)OCC)C1c1ccc(Br)cc1,False,False,False,False
CCc1ccc(NC(=O)CCn2cnc3ccccc3c2=O)cc1,False,False,False,False
Cn1c(=O)c2cc(S(=O)(=O)Nc3ccc(Cl)cc3F)ccc2n(C)c1=O,True,True,True,True
CC(C)c1ccc(S(=O)(=O)N2CCN(C(c3ccc(Cl)cc3)c3cccnc3)CC2)cc1,False,False,False,False
CC(=O)Nc1ccc(NS(=O)(=O)c2ccc3c4c(cccc24)C(=O)N3)cc1,True,True,True,True
Cc1ccc(NC(=O)c2oc3ccc(S(=O)(=O)N4CCC5(CC4)OCCO5)cc3c2C)c(C)c1,True,True,True,True
Cc1ccc(C(=O)Nc2ccon2)cc1-c1ccc2c(c1)NC(=O)C2(C)C,True,True,True,True
O=C1/C(=C/c2ccc(Cl)cc2)COc2ccccc21,True,True,True,True
O=C1Nc2cc(Cl)ccc2/C1=C\c1ccccc1Cl,True,True,True,True
Nc1ccc(-c2c(F)cccc2Cl)c(F)c1,True,True,True,True
O=C1c2ccccc2C2(CCCCC2)C(=O)N1c1ccc(Cl)cc1,True,True,True,True
COc1ccc2c(=O)c3c(OC)cc(OC)c(-c4cc(F)cc(F)c4)c3oc2c1OC,True,True,True,True
O=S(=O)(c1ccc(Cl)cc1)N1CCN(C(c2ccc(Cl)cc2)c2cccnc2)CC1,True,True,True,True
Nc1cccnc1Sc1ccc(Cl)cc1,True,True,True,True
O=C1c2ccccc2C(=O)N1c1ccccc1Cl,True,True,True,True
Nc1nc(N)c2nc(CSc3ccc(Cl)cc3)cnc2n1,True,True,True,True
Clc1ccc2c(N/N=C/c3ccc4c(c3)OCO4)ccnc2c1,True,True,True,True
Nc1ccc2ncnc(Nc3ccc(F)c(Cl)c3)c2c1,True,True,True,True
O=C1c2ccccc2C[C@]12[C@@H](c1cccs1)[C@@H]1CSCN1[C@@]21C(=O)Nc2ccccc21,True,True,True,True
CC(=O)Nc1cc(NC(=O)c2cc(=O)c3ccccc3o2)ccc1C,True,True,True,True
COc1ccc(C23Cc4cc(OC)c(OC)cc4C(O2)c2c(c4ccccc4oc2=O)O3)cc1,True,True,True,True
O=C1c2ccccc2Oc2ccccc2C12CCNCC2,True,True,True,True
CC(NC(=O)C(C#N)C(C)(C)C)c1ccc(Cl)cc1,True,True,True,True
Nc1nnc(-c2cccc(Cl)c2Cl)c(N)n1,True,True,True,True
COc1ccccc1-c1oc2ccccc2c(=O)c1OC,True,True,True,True
Cc1ccccc1NS(=O)(=O)c1cc2c(c([N+](=O)[O-])c1)Nc1ccccc1O2,False,False,False,False
O=C1NC(=O)C2(CCOc3c2cc(Cl)c2ccccc32)N1,True,True,True,True
NC(=O)n1cc(NC(=O)N2C[C@@H](N)C[C@H]2C(=O)NC(c2ccccc2)c2ccccc2)c2ccccc21,True,True,True,True
O=C1NC(=O)/C(=C2/C(=O)Nc3ccccc32)N1,True,True,True,True
O=C1Nc2ccc(Cl)cc2[C@@]12C[C@@H]2c1ccco1,False,False,False,False
CC1(C)N=C(c2ccc(Cl)cc2)N([O])C1(C)C,True,True,True,True
COc1ccc(-c2c(-c3cc(OC)c4c(c3OC)OCO4)noc2N)cc1,False,False,False,False
[O-]/[N+](=C/c1ccc(F)cc1)c1ccc(Cl)cc1,True,True,True,True
CCCSc1ccc2c(cc1=O)[C@@H](N)CCc1cc(OC)c(OC)c(OC)c1-2,True,True,True,True
Nc1nc(N)c(-c2ccc(Cl)cc2)c(CCCCCO)n1,True,True,True,True
CCOP(=O)(OCC)C(C)(C)/[N+]([O-])=C/c1ccc([N+](=O)[O-])cc1,True,True,True,True
O=[N+]([O-])c1ccc(-c2c([N+](=O)[O-])cccc2[N+](=O)[O-])c([N+](=O)[O-])c1,True,True,True,True
CC1(C)C(=O)N(c2ccc(C#N)cc2)C(=O)c2ccccc21,True,True,True,True
Cn1c2ccccc2c2cc(/C=C3\C(=O)Nc4ccccc43)ccc21,True,True,True,True
CC(=O)C(O)C(c1ccccc1)c1c(O)c2ccccc2oc1=O,False,False,False,False
O=C1NC(=O)[C@]2(CCOc3ccc(Cl)cc32)O1,False,False,False,False
O=C(Nc1ccccc1O)c1coc2ccccc2c1=O,True,True,True,True
CC(C)(C)C(=O)Nc1ncccc1-c1ccc(-c2cnc(N)cn2)c(F)c1,True,True,True,True
C#CC(C(=O)NC(C)c1ccc(Cl)cc1)C(C)(C)C,True,True,True,True
COc1ccc(NC(=O)c2ccc(-c3c(C)noc3C)c3ccoc23)cc1,True,True,True,True
O=C1C(c2ccc([N+](=O)[O-])cc2)=[N+]([O-])c2ccccc21,True,True,True,True
COc1cccc(C(c2c(N)c3ccccc3oc2=O)c2c(N)c3ccccc3oc2=O)c1,True,True,True,True
NS(=O)(=O)c1cccc(Nc2nnc(-c3ccc(Cl)cc3)c3ccccc23)c1,True,True,True,True
CC1CC(=O)c2c(c3c(c4c(-c5ccc([N+](=O)[O-])cc5)cc(=O)oc24)OC(C)(C)C=C3)O1,True,True,True,True
Nc1ncnc(C#Cc2ccccc2)c1-c1ccc(Cl)cc1,True,True,True,True
CSc1ccc(NC2=C(c3ccccc3Cl)C(=O)NC2=O)cc1,False,False,False,False
Cc1ccnc(N2C(=O)CSC2c2ccc(Cl)cc2)c1,True,True,True,True
O=Cc1cccc(Nc2ccnc3cc(Cl)ccc23)c1,True,True,True,True
COc1cccc2c1OC1(OC(=O)c3ccccc31)C2=O,True,True,True,True
NC1=NC(=O)C(CC(=O)c2ccc(Cl)cc2)S1,False,False,False,False
CN1C(=O)/C(=C/c2cccc(/C=C3/C(=O)N(C)c4ccccc43)n2)c2ccccc21,True,True,True,True
O=C1Nc2ccccc2/C1=C/c1n[nH]cc1Cl,False,False,False,False
CCCC1(CCC)C(=O)C(C2=NS(=O)(=O)c3ccccc3N2)=C(O)c2ccccc21,True,True,True,True
O=C1Nc2ccc(S(=O)(=O)Nc3ccc(Cl)cn3)c3cccc1c23,True,True,True,True
COc1ccc(N2C(=O)/C(=C3/C(=O)Nc4ccccc43)c3ccccc32)cc1,True,True,True,True
COc1ccc(N)c(N2C(=O)c3ccccc3C2=O)c1,True,True,True,True
Cc1c(-c2ccc(F)cc2)nc(N)c(C#N)c1-c1cccs1,True,True,True,True
O=C1Nc2ccccc2[C@@]12C(c1ccc(Cl)cc1)C([N+](=O)[O-])C1CSCN12,True,True,True,True
CC[C@@H](c1ccccc1)N1C(=O)c2c(F)c(F)c(F)c(F)c2C1=O,True,True,True,True
Cc1ccc2c(c1)C(O)=C(C(=O)Nc1ccccn1)N(C)S2(=O)=O,False,False,False,False
CC(C)(C)c1cc(NC(=O)NN2CCOCC2)nn1-c1c(Cl)cc(Cl)cc1Cl,True,True,True,True
O=c1c2ccccc2sn1-c1ccccc1F,True,True,True,True
NC(=O)C1=C2CCCc3cccc(c32)C1=O,True,True,True,True
CC[C@@]1(c2ccccc2)OC(=O)NC1=O,False,False,False,False
COc1cccc(-c2ccccc2C2=CC(=O)CC(C)(C)C2=O)c1,False,False,False,False
CCC1(c2ccccc2)SC(N)=NC1=O,False,False,False,False
COc1cccc(N2C(=O)c3ccccc3N3C(=O)c4c(ccc(OC)c4OC)C23)c1,False,False,False,False
CC(C)(C)NS(=O)(=O)c1ccccc1-c1ccc(-c2ccc(N)nc2)c(F)c1,True,True,True,True
Cn1oc(=O)c(-c2ccc(F)cc2)c1-c1ccncc1,True,True,True,True
CCCC(Br)(Br)c1cc2ccccc2c(=O)o1,True,True,True,True
O=c1oc2ccccc2c(=O)n1-c1ccc(I)cc1F,True,True,True,True
C[C@@H]1CN2C(=O)c3ccccc3C2(c2ccccc2)O1,False,False,False,False
O=C1Nc2cc(Cl)ccc2Oc2ccccc21,True,True,True,True
O=C1Nc2ccccc2/C1=C/c1ccc([18F])cc1,True,True,True,True
Nc1ccc2c(O)c(C(=O)NCc3ccc(Cl)cc3)cnc2n1,True,True,True,True
CC(C)NC(=O)N(C)C[C@@H]1OCc2ccccc2-c2c(n(C)c3ccccc23)C(=O)N([C@@H](C)CO)C[C@@H]1C,True,True,True,True
Nc1ccc2c(c1)[N+]([O-])=C(c1ccc(Cl)cc1)C2=O,True,True,True,True
COc1ccc([C@@]2(C)C(=O)Nc3cc(Cl)cc(Cl)c3C2=O)cc1,True,True,True,True
Cc1ncc(-c2c(F)ccc(F)c2F)n1-c1ccc(Cl)cc1,False,False,False,False
COc1cc(C2C3=C(COC3=O)Nc3cc4c(cc32)OCO4)ccc1F,False,False,False,False
Cn1c2ccccc2n2c3ccccc3c(=O)c(C#N)c12,True,True,True,True
O=C(Nc1ccc(Cl)cc1)c1coc2ccccc2c1=O,True,True,True,True
Nc1ccccc1Nc1ccc2c(c1)CCc1ccccc1C2=O,False,False,False,False
Fc1ccccc1-c1nc(-c2ccncc2)no1,True,True,True,True
CC(C)(NS(C)(=O)=O)C(=O)NCCc1csc2ccccc12,False,False,False,False
Cc1ccc2c(c1)C(=O)C1(C2)Cc2c(C)cccc2C1=O,False,False,False,False
CS(=O)(=O)c1ccc(-c2c(S(=O)(=O)c3ccc(Cl)cc3)sc3ncccc23)cc1,True,True,True,True
Cc1ncc(C#Cc2ccc3c(=O)c(-c4ccc(NS(C)(=O)=O)cc4)coc3c2)n1C,True,True,True,True
CC(NC(N)=O)C(=O)Nc1ccc(Cl)c(S(=O)(=O)Nc2ccc(Cl)cc2)c1,True,True,True,True
Nc1ccccc1C=C1c2ccccc2-c2ccc([N+](=O)[O-])cc21,True,True,True,True
Cn1c(Nc2ccc(Cl)cc2)cc(=O)n(C)c1=O,False,False,False,False
CCS(=O)(=O)Nc1cc(-c2ccc3ncnc(Nc4ccc(F)c(Cl)c4)c3c2)cnc1OC,True,True,True,True
COc1ccc2c(=O)cc(-c3ccco3)oc2c1,False,False,False,False
N#Cc1ccc(C(=O)Nc2ccc(NS(=O)(=O)C(F)(F)F)c(F)c2)cc1,False,False,False,False
CC(C)(C)C(=O)Nc1ccccc1Br,True,True,True,True
COc1ccc2c(-c3cc4ccccc4o3)cc(=O)oc2c1,False,False,False,False
Cc1cc2c(cc1F)c(C(N)=O)c(-c1ccc(NS(=O)(=O)C(C)(C)C)cc1)n2C1CCOCC1,True,True,True,True
O=C1/C(=C\c2ccc(Cl)cc2)Oc2ccccc21,True,True,True,True
COc1cc(OC)c(C2COc3c(ccc4c3C=CC(C)(C)O4)C2=O)cc1OC,True,True,True,True
Nc1oc2ccc(F)cc2c(=O)c1C=O,False,False,False,False
CS(=O)(=O)c1ccc(-c2ccc(F)c(F)c2-c2ccc(F)cc2)cc1,True,True,True,True
COC1(c2cc(=O)c3ccccc3o2)C=CC(=O)C=C1,True,True,True,True
Cc1onc(-c2ccccc2)c1-c1cnn(S(=O)(=O)c2ccc(Cl)cc2)c1,False,False,False,False
CC(=O)c1c(-c2ccc(Cl)cc2)c(-c2ccc(Cl)cc2)nn(CCN)c1=O,True,True,True,True
CCCNc1c(NS(=O)(=O)c2ccc(C)cc2C)c(=O)oc2ccccc12,False,False,False,False
Cc1ccc(CN2C(=O)c3c(Cl)ccc(NS(=O)(=O)c4ccc(C(C)(C)C)cc4)c3C2=O)[n+]([O-])c1,False,False,False,False
COc1ccc([C@]23Cc4cc(C#N)ccc4[C@H](O2)c2c(c4ccc(OC)cc4oc2=O)O3)cc1,True,True,True,True
CCc1cccc2c1S(=O)(=O)c1ccccc1C2=O,True,True,True,True
N#Cc1cccc(C#N)c1Oc1ccc(S(=O)(=O)Nc2ccc(Cl)cc2)cc1,False,False,False,False
Nc1ccc2oc(-c3ccccc3F)c(O)c(=O)c2c1,False,False,False,False
O=C(Nc1ccc(F)c([N+](=O)[O-])c1)Nc1cccc2c(O)cccc12,True,True,True,True
CCC1(C)CC(=O)N(Nc2ccc(Cl)cc2)C1=O,True,True,True,True
COc1cc(C(c2c(O)c3ccccc3oc2=O)c2c(O)c3ccccc3oc2=O)cc(Br)c1O,False,False,False,False
CC(C)NC(=O)Nc1ccc2c(c1)CC(=O)N([C@H](C)CO)C[C@H](C)[C@H](CN(C)S(=O)(=O)c1ccc(Cl)cc1)O2,True,True,True,True
Brc1cccc(Nc2cnnc3ccccc23)c1,False,False,False,False
N=C1SCC(=O)N1c1ccc(Cl)cc1,True,True,True,True
Cc1cc(C)c(S(=O)(=O)N2CCCCC2)cc1N(C)S(=O)(=O)c1ccc(Cl)cc1,False,False,False,False
COc1cc(C(C)(C)C)ccc1C1COC(c2c(F)cccc2F)=N1,False,False,False,False
O=C(N[C@H]1CN2CCC1CC2)c1cc(Cl)cc2c1O[C@H]1CCC[C@@H]2C1,False,False,False,False
CCCc1cc(-c2nc(-c3ccc(Cl)cc3)c(C(N)=O)s2)ccn1,False,False,False,False
CS(=O)(=O)c1ccc(-c2cnc(N)c(-c3ccc(S(C)(=O)=O)cc3)c2)cc1,True,True,True,True
NC1=N[C@@H](CCC2(c3ccc(Cl)cc3)CC2)CO1,True,True,True,True
COc1ccc(-c2coc3cc(OC)cc(OC)c3c2=O)cc1,True,True,True,True
COc1ccc2c(c1)C(c1cc(OC)c(OC)c(OC)c1)=NCC(=O)N2,False,False,False,False
COc1cc2occ(-c3c(O)cc(O)cc3O)c(=O)c2c(O)c1CC=C(C)C,False,False,False,False
CN1C(=O)CCC2=C1CCc1cc(Cl)ccc12,False,False,False,False
Cc1nn(C(=O)C(C)N2C(=O)c3ccccc3C2=O)c(C)c1Br,False,False,False,False
NC(=O)CSC(c1ccc(Cl)cc1)c1ccc(Cl)cc1,True,True,True,True
Cc1cc(O)ccc1-c1ccc(-n2cc(NC(N)=O)c(C(N)=O)n2)cc1,True,True,True,True
Cc1ccccc1C1=N/C(=C/c2cccnc2)C(=O)O1,True,True,True,True
CN(C)c1ccnc(NC(=O)C(C)(C)C)c1,True,True,True,True
Cc1ccc(-n2c(=O)c3c(n4cnnc24)-c2ccccc2CC32CCCCC2)cc1,True,True,True,True
Cc1ccoc1C(=O)Nc1ccc(N2C(=O)c3cccc(C)c3C2=O)c(C(F)(F)F)c1,True,True,True,True
O=C1c2ccccc2C(OCC2(CO)CC2)(c2ccc(Cl)cc2)N1Cc1cc[n+]([O-])cc1,True,True,True,True
COc1ccc([C@@H]2[C@H]3CSCN3[C@]3(C(=O)Nc4ccccc43)[C@@]23C(=O)Oc2ccccc23)cc1,False,False,False,False
Cc1cc2nc3n(c2cc1C)C1(Nc2ccccc2-3)C(=O)Nc2ccccc21,True,True,True,True
O=C(NC(CO)CO)c1ccc2c(c1)C(=O)c1ccc(Nc3cc(NC(=O)c4cccs4)c(F)cc3F)cc1OC2,False,False,False,False
CN1c2nc(-c3ccc(Cl)cc3)cnc2C(N)=NS1(=O)=O,False,False,False,False
Cc1cc(=O)oc2cc3occ(-c4ccccc4)c3cc12,False,False,False,False
CCc1nc(N)nc(N)c1-c1ccc(CNc2ccc(Cl)cc2)cc1,True,True,True,True
COc1ccc(C2(c3cccc(-c4cccnc4F)c3)COC(N)=N2)cc1,True,True,True,True
COc1ccc(NC(=S)C2=C(O)C(C)(C)Oc3ccc(C#N)cc32)cc1,False,False,False,False
O=C(Nc1cccnc1)c1cccc2c1C(=O)c1ccccc1-2,True,True,True,True
O=C1Nc2ccccc2/C1=C\c1ccccc1C(F)(F)F,False,False,False,False
NC(=O)c1ccc(-c2ccc(Cl)cc2)s1,True,True,True,True
O=C(Nc1ccc(-c2ccc(Cl)c(Cl)c2)cn1)C1=C(O)c2ccccc2S(=O)(=O)N1,True,True,True,True
Cc1ccc(Cl)cc1NC(=O)C(NS(=O)(=O)c1ccc2c(c1)CCC(=O)N2)c1ccccc1,True,True,True,True
Nc1cc(Cl)ccc1-c1cccc2cc(S(=O)(=O)Nc3ncns3)ccc12,False,False,False,False
Cc1cc(-c2cc(Cl)cc(Cl)c2)c(S(C)(=O)=O)cc1C(=O)N=C(N)N,False,False,False,False
Cc1ccoc1C(=O)Nc1ccc(N2C(=O)c3ccccc3C2=O)nc1,True,True,True,True
CCc1c2c(c(C)c3c1Oc1ccccc1O3)C(=O)OC2,False,False,False,False
NC(N)=NC(=O)c1ccc2c(F)cnc(-c3ccccc3F)c2c1,False,False,False,False
Cc1ccc2c(c1)C1(OCCO1)C(=O)N2,False,False,False,False
CC(C)(C)N(NC(=O)c1ccc(Cl)cc1)C(=O)c1coc2ccccc2c1=O,True,True,True,True
CCNc1ccnc2sc3c(=O)n(-c4ccc(Cl)cc4)ccc3c12,True,True,True,True
COc1cc2c(cc1NC(=O)C(C)N1CCN(S(=O)(=O)c3ccccc3[N+](=O)[O-])CC1)oc1ccccc12,True,True,True,True
C[C@]1(c2cc(NC(=O)c3ccn(C(F)F)n3)ccc2F)N=C(N)OCC1(F)F,False,False,False,False
CCCCSc1ccc2c(cc1=O)[C@@H](N)CCc1cc(OC)c(OC)c(OC)c1-2,True,True,True,True
Cn1ncc(C(=O)c2ccc3c(c2)n(C(C)(C)C)c(=O)n3C)c1O,True,True,True,True
O=C1N=S(=O)(Nc2ccccc2)c2ccccc21,False,False,False,False
COC1(c2ccc(NC(=O)c3cc(=O)c4cc(F)cc(-c5c(C)nn(C)c5C)c4o3)cn2)CCOCC1,False,False,False,False
CCCC1(C)SC(N(C)c2ccccc2)=NC1=O,False,False,False,False
COc1ccc2c(c1)C1(N=C(N)N(C)C1=O)c1cc(NC(=O)c3ccc(Cl)cn3)ccc1O2,False,False,False,False
CC(=O)Nc1ccc(NC(=O)c2cccc3c2-c2ccccc2C3=O)cc1,True,True,True,True
C=C(Nc1ccc([N+](=O)[O-])cc1[N+](=O)[O-])c1c/c(=N\NC(N)=S)c2ccccc2o1,True,True,True,True
CCNCC(=O)N=S(C)(=O)c1ccc(C(=O)Nc2c(OC)cc(Cl)cc2C(=O)Nc2ccc(Cl)cn2)cc1,True,True,True,True
CNc1ncc2ncnc(Nc3cc(C(=O)Nc4cc(C(C)(C)C)on4)ccc3F)c2n1,True,True,True,True
Cn1c(N)c2c(=O)n(C)c(-c3ccc(Cl)cc3)cc2c(C#N)c1=O,True,True,True,True
O=c1oc2ccccc2c(=O)c2ccccc12,True,True,True,True
CCn1c(C)nnc1C(Cc1cccnc1)NS(=O)(=O)c1ccc(Cl)cc1,False,False,False,False
C=C1C(=O)Oc2ccc(Cl)cc2[C@H]1[C@@H]1CCc2cc(OC)ccc2C1=O,True,True,True,True
Cc1cc(NC(=O)NC(C(F)(F)F)C(F)(F)F)no1,False,False,False,False
COc1cc(/C=C2\C(=O)Nc3ccc(Nc4ccco4)cc32)cc(OC)c1OC,False,False,False,False
C#CCN1C(=O)COc2cc(F)c(N3C(=O)c4cccc(C)c4C3=O)cc21,True,True,True,True
C(#Cc1ccccn1)c1ccc(C#Cc2ccccn2)cc1,True,True,True,True
O=C1c2ccccc2N(CC2CC2)C(=O)CN1CC1CCCCC1,True,True,True,True
O=C1CC23CC(=O)CC2(C1)c1ccccc1C3=O,False,False,False,False
CN1C(C(=O)Nc2ccccn2)=C(O)c2sccc2[S+]1(=O)[O-],True,True,True,True
Clc1ccc(-c2nnc(-c3ccco3)o2)cc1,False,False,False,False
Cn1cc(C2=C(c3cnc4ccccn34)C(=O)NC2=O)c2cc3c(cc21)OCO3,False,False,False,False
CC(C)(C)n1c(=O)n(-c2ccccc2)c2nc(Nc3ccccc3)ncc21,True,True,True,True
CN1C(=O)c2ccccc2N(C)C1c1cccs1,True,True,True,True
Cc1ccc(N2C(=O)c3ccccc3C(C)(C)C2=O)cc1,True,True,True,True
CN1Cc2cccc(-c3cccn3C(=O)OC(C)(C)C)c2C1=O,False,False,False,False
Nc1nc(N)c2nc(-c3ccc(F)cc3)cnc2n1,True,True,True,True
COc1ccc(-c2c(NC(=O)C(C)C)n(C)c3ccccc3c2=O)cc1,True,True,True,True
NS(=O)(=O)c1ccc2c(c1)S(c1ccc(Cl)cc1)=NS2(=O)=O,True,True,True,True
O=C1N/C(=C\c2ccccc2)c2ccccc21,True,True,True,True
CC(Nc1ncnc2c(C(N)=O)cccc12)c1cccc(NC(=O)c2cccc(F)c2)c1,False,False,False,False
NC(=O)c1ccc2ccc(C(=O)c3ccccc3)c-2cc1,True,True,True,True
Cc1ccccc1-c1nccc(Nc2ccc(F)cc2)n1,False,False,False,False
Nc1nc(N)nc(-c2ccccc2I)n1,True,True,True,True
CC(C)(C)c1ccc(S(=O)(=O)Nc2ccc(Cl)c3c2C(=O)N(c2ccccn2)C3=O)cc1,True,True,True,True
Nc1nccc(-n2cc(-c3cccnc3Cl)c3cnccc32)n1,False,False,False,False
O=Cc1ccccc1-c1cccc(Cl)c1,True,True,True,True
NOC(c1ccccc1)c1ccccc1F,False,False,False,False
CC(C)(C)NS(=O)(=O)c1ccccc1-c1ccc(-c2coc(N)n2)c(F)c1,False,False,False,False
CC1(C)CN2C(=O)c3ccccc3C2(C)S1,True,True,True,True
Cc1ccc(C(=O)Nc2ccc(Cl)cc2)cc1NC(=O)C1(c2ncnc3[nH]ccc23)CC1,True,True,True,True
Nc1cnc(N2CCc3cc(S(=O)(=O)Nc4c(F)cc(Cl)cc4F)cc(N4CCCC4=O)c32)nc1,False,False,False,False
COc1ccccc1N1C(=O)c2cccnc2C1=O,True,True,True,True
N=C(N)NC(=S)Nc1ccc(Cl)cc1,True,True,True,True
CCCCCCCCCCCCNCCN,True,True,True,True
Cc1cc2c(cc1C)N1C(=O)c3cc4ccccc4cc3NC(=O)C1C(=O)N2,False,False,False,False
Cc1cnn2c(-c3ccc(F)cc3)c(-c3ccc(S(C)(=O)=O)cc3)nc2c1C,True,True,True,True
C=C1C(C)=C(C#N)C(=O)N1c1ccccc1-c1ccccc1,False,False,False,False
COc1ccc2c(c1)[nH]c1c3cnc4ccccc4c3c3c(c21)C(=O)NC3=O,True,True,True,True
Cc1nn(-c2ccccc2[N+](=O)[O-])c2c1c(=O)oc1ccccc12,True,True,True,True
Cc1c(N2C(=O)c3ccccc3C2=O)c(=O)n(-c2ccccc2)n1C,True,True,True,True
O=C1C2=Cc3ccccc3CCN2c2ccccc21,True,True,True,True
COc1ccc(C2C(C(=O)Nc3cc(OC)c(OC)c(OC)c3)c3ccccc3C(=O)N2C)cc1,False,False,False,False
Cn1nccc1NS(=O)(=O)c1ccc(Cl)cc1,True,True,True,True
Cc1cc(NC(=O)Nc2ccc(Cl)cc2)ccc1NC(=O)c1cnoc1C,True,True,True,True
COc1ccc2c(O)c(Oc3ccc(Cl)cc3)c(=O)oc2c1,True,True,True,True
CS(=O)(=O)c1ccc(-c2oc3ccccc3c(=O)c2-c2ccccc2)cc1,True,True,True,True
Nc1ccc(-c2c(F)cccc2F)c(F)c1,True,True,True,True
C[C@@]12C(=O)Nc3cc(F)ccc3C(=O)N1[C@H]1c3ccccc3OC[C@@H]1[C@@H]2c1ccccc1,False,False,False,False
CS(=O)(=O)c1ccc(C#CC(=O)c2ccc(F)c(F)c2)cc1,True,True,True,True
O=C(Nc1ccccc1-c1ccccc1)c1nonc1O,True,True,True,True
Nc1cc(OCCOCCNc2ccnc3cc(Cl)ccc23)nc(N)n1,False,False,False,False
CCCCCCCCCNCC(F)(P(=O)(O)O)P(=O)(O)O,True,True,True,True
CCn1cc(-c2ccc(OC)cc2)c(=O)c2ccc(OC)cc21,False,False,False,False
Cc1cc2c(cc1-c1cnc(NC(=O)c3ccncc3F)s1)OC(F)(F)O2,True,True,True,True
CCN1C(=O)c2cccc3c(S(=O)(=O)Nc4ccccc4)ccc1c23,True,True,True,True
Nc1ncc(-c2ccc(Cl)c(Cl)c2)c(N)n1,False,False,False,False
O=c1c2ccc(F)cc2sn1-c1ccc(Cl)cc1,True,True,True,True
COc1cc(-c2cc([C@@H]3[C@H]4CN(C5COC5)C[C@H]43)n(C3CCC3)n2)cnc1N,False,False,False,False
Cc1ccccc1N1C(=O)c2c(C)nc3ccc(Br)cc3c2C1=O,True,True,True,True
O=C1Nc2ccccc2/C1=C/c1ccc(C(F)(F)F)cc1Cl,True,True,True,True
CCc1nccc(-c2ccc(S(C)(=O)=O)cc2)c1C#Cc1ccc(N)nc1C,False,False,False,False
Cc1cnc(NC(=O)Nc2ccc(Cl)cc2)s1,True,True,True,True
CC(C)(O)C(Br)COc1c2c(cc3oc(=O)ccc13)OCO2,False,False,False,False
C[C@@H](CCCN1CCOCC1)Nc1ccnc2cc(Cl)ccc12,True,True,True,True
Fc1cc(CC2(Cc3ccncc3)c3ccccc3-c3ncccc32)ccn1,True,True,True,True
NCCCN(CCCN1CCN(CCCNc2ccnc3cc(Cl)ccc23)CC1)CC1CC1,True,True,True,True
O=C1OCc2cc(-c3ccc(-c4cccc(O)c4)s3)ccc21,True,True,True,True
FC(F)(F)c1ccccc1-c1ncco1,True,True,True,True
O=C(Nc1ccc2c(c1)OCO2)N1CCN(S(=O)(=O)c2ccc(Cl)cc2)CC1,True,True,True,True
Nc1cccc(C23SCCN2C(=O)c2ccccc23)c1,False,False,False,False
O=C(Nc1ccc(Br)cn1)c1ccc2nccnc2c1,False,False,False,False
CCOc1ccccc1NC(=O)C(=O)c1c(O)c2ccc(O)cc2oc1=O,False,False,False,False
Cc1cc(C(=O)CSc2nnnn2C)c(C)n1Cc1ccccc1,False,False,False,False
CCOC(=O)C(=O)Nc1cccc(N(C)C)c1C#N,False,False,False,False
Cn1nccc1-c1cc(Cl)ccc1Oc1ccc(S(=O)(=O)Nc2cccnn2)cc1C#N,False,False,False,False
CCN1CC=C(C2=Cc3ccccc3Cc3ccccc32)CC1,True,True,True,True
Cc1ccc(C(=O)c2cnc(-c3ccccc3)n2S(=O)(=O)c2ccccc2)cc1,False,False,False,False
COc1cc(Cl)ccc1Oc1nc2ccccc2nc1C(=O)Nc1ccc(C(=O)O)nc1,False,False,False,False
CCCc1ccccc1OCCNCC(O)COc1ccccc1,False,False,False,False
C=CCOCC1CC2(O)C(=O)c3cc(C)ccc3N=C2N1c1ccccc1,False,False,False,False
NCC1CCC(c2cccc3ccccc23)O1,False,False,False,False
CCC(C)C(=O)O[C@H]1C[C@@H](C)C[C@@H]2C=C[C@H](C)[C@H](CCC(=O)C[C@@H](O)CC(=O)OC)[C@@H]12,False,False,False,False
NS(=O)(=O)N1CC2(CCN(C(=O)Nc3ccc(Oc4ccccc4)cc3)CC2)c2ccccc21,False,False,False,False
CCOC(=O)C1=C(C)OC(C)=C(C(=O)OCC)C1c1cccc([N+](=O)[O-])c1,False,False,False,False
O=C1[C@@H]2CSCN2C(=O)CN1Cc1c(F)cccc1Cl,False,False,False,False
COc1ccc(CCC(=O)Nc2nc(-c3ccncc3)cs2)cc1,False,False,False,False
COc1ccnc2ccc(-c3cn(CC(=O)Nc4cccc(C#N)c4)nc3-c3cccc(C)n3)cc12,False,False,False,False
CCCCCCCn1c(=N)n(CC(=O)c2ccco2)c2ccccc21,False,False,False,False
CS(=O)(=O)N1CCN(Cc2csc3c(-c4cccc(O)c4)nc(N4CCOCC4)nc23)CC1,False,False,False,False
CCCN1CCCn2c(nc(CNC(=O)c3nccn3C)cc2=O)C1,False,False,False,False
O=S(=O)(c1ccccc1)c1nc(-c2ccccc2Cl)oc1NCCN1CCOCC1,False,False,False,False
O=C(NO)c1ccc(C(=O)NCCc2ccncc2)cc1,False,False,False,False
CCOC(=O)C1C(C(=O)OC)=C(CC(C)C)c2ccccc2N1S(=O)(=O)C(F)(F)F,False,False,False,False
CCCCCNc1nc(-c2ccccc2)cs1,False,False,False,False
COc1ccc(C(=O)Nc2cc3cnc(NCCN4CCOCC4)cc3n(C)c2=O)cc1,False,False,False,False
NS(=O)(=O)c1ccc(CCNC(=O)Cc2ccc(Cl)cc2)cc1,False,False,False,False
COc1ccc(F)c(-c2ccc3c(NC(=O)c4ccc(N(C)CCN(C)C)cc4)n[nH]c3c2)c1F,True,True,True,True
NC(=O)c1c(NC(=O)CN2CCCC2)sc2c1CCCC2,False,False,False,False
Cc1cc(N2C(=O)C(O)=C(C(=O)c3ccco3)C2c2ccccc2F)no1,False,False,False,False
C=CCNC(=O)c1cnc2ccc(S(=O)(=O)N(C)c3ccc(OCC)cc3)cc2c1O,False,False,False,False
O=C1NCc2c1cc(-c1ccc(F)cc1)c1ccccc21,False,False,False,False
CC(C(=O)N1CCCC1)c1cccc(C(OC(=O)N2CCCC2)c2ccccc2)c1,False,False,False,False
C[C@@H]1CN(C(=O)c2ccccc2)CCN1C(=O)C(=O)c1ccc(-c2cscn2)cc1,False,False,False,False
COC(=N)c1nc2ccc3ncnc(Nc4ccc(Cl)cc4)c3c2s1,False,False,False,False
CN1c2ccccc2C(=O)N(c2ccccc2)C1c1ccc(C=O)s1,False,False,False,False
COC(=O)c1c(NC(=O)Cc2ccc(OC)c(S(=O)(=O)N3CCOCC3)c2)sc(C)c1C,False,False,False,False
O=C(CCN1C(=O)CCC1=O)Nc1cnn(-c2ccccc2Cl)c1,False,False,False,False
COc1ccccc1CN1CCCCC1c1cccnc1,False,False,False,False
CCCOc1cccc(C2C(C(=O)c3ccc(F)cc3)=C(O)C(=O)N2CCN(C)C)c1,False,False,False,False
COc1ccc(C(=O)N(CCC2CCCN2C)C/C(C)=C/c2cccc(F)c2)cc1OC,False,False,False,False
CN1CCN(c2ncc3nc(-c4ccc(Cl)cc4)c(=O)n(C4CC4)c3n2)CC1,False,False,False,False
COc1n[nH]c2ncc(NC(=O)c3c(F)ccc(NC(=O)c4cccc(C(C)(C)C#N)c4)c3F)cc12,True,True,True,True
O=C1/C(=C/c2ccc(Cl)cc2)Cc2ccccc21,True,True,True,True
CN(C)C1(CNCCC2CCOCC2)COc2ccc(F)cc2OC1,False,False,False,False
CON1C(=O)/C(=C\c2ccc(-c3ccccc3)cc2)c2ccccc21,True,True,True,True
O=[N+]([O-])c1ccccc1NCCNS(=O)(=O)c1ccc(Cl)cc1,False,False,False,False
Cc1ccc([N+](=O)[O-])cc1NC(=S)NC(=O)C(C)(C)C,True,True,True,True
Cc1cc(Cl)cc(C)c1Oc1nc(N)nc(Nc2ccc(C#N)cc2)n1,False,False,False,False
O=C1Nc2ccccc2/C1=C\c1n[nH]c2ccccc2c1=O,True,True,True,True
Cc1c(N2C(=O)c3ccccc3C2=O)cccc1[N+](=O)[O-],True,True,True,True
COc1cc(C=O)c2c(=O)c3ccccc3oc2c1O,False,False,False,False
CCOC(c1ccc(Cl)cc1)C(SC(C)(C)C)n1cncn1,True,True,True,True
COC1=CC2(OC)Oc3ccc(Cl)cc3C(=O)C2=CC1=O,False,False,False,False
Cc1ccc(C2=NO[C@@]3(C(=O)Nc4cc(Cl)ccc43)N2c2ccccc2)cc1,False,False,False,False
O=C1Nc2ccc(Cl)cc2C12c1c(c3ccccc3oc1=O)Oc1c2c(=O)oc2ccccc12,True,True,True,True
O=c1oc2ccccc2c2c1CCCc1ccccc1-2,True,True,True,True
NS(=O)(=O)c1ccc(N2C(=O)C[C@H](C(=O)N3CCOCC3)[C@H]2c2ccc(Cl)cc2)cc1,True,True,True,True
OC(c1ccc(Cl)cc1)(c1cccnc1)c1cccs1,True,True,True,True
COc1ccc(C2=NO[C@@]3(C(=O)Nc4ccc([N+](=O)[O-])cc43)[C@@H]2c2ccccc2)cc1,False,False,False,False
CO[C@@]1(C)C[C@@H](c2ccccc2)c2c(c3ccccc3oc2=O)O1,False,False,False,False
Cc1ccc(S(=O)(=O)/N=C(\NN)Nc2ccc(Cl)cc2)cc1,True,True,True,True
Nc1cccc2c1C1c3ccccc3C2C2C(=O)NC(=O)C12,True,True,True,True
COc1ccccc1Cn1c(=O)c2c(n3nnnc13)-c1ccccc1CC21CCCC1,False,False,False,False
CC(C)N1C(=O)C23SSC1(C)C(=O)N2c1ccccc1C3(C)C,True,True,True,True
Cc1cc(=O)c(Oc2ccc(Cl)cc2)c(-c2ccc(S(C)(=O)=O)cc2)o1,False,False,False,False
CC(C)N1C[C@@H](CN(C)Cc2ccc(Cl)cc2)Oc2c(C(=O)Nc3ccnnc3)cccc2C1=O,False,False,False,False
Cc1cccc2c(=O)c3ccccc3sc12,False,False,False,False
CN1C(=O)[C@]2(C(C#N)=C(N)OC(c3c[nH]c4ccccc34)=C2C#N)c2ccccc21,True,True,True,True
CC(=O)Nc1ccc(Nc2ccc(S(C)(=O)=O)cc2[N+](=O)[O-])cc1,True,True,True,True
CC(=O)c1ccc(Nc2ccc(-c3ccccc3C)nn2)cc1,False,False,False,False
COC(=O)Nc1n[nH]c2cc(NC(=O)N[C@@H](c3ccc(F)cc3)C(C)(C)O)ncc12,False,False,False,False
Cc1ccc(Sc2c([N+](=O)[O-])c(=O)oc3ccccc23)cc1,True,True,True,True
CCC1(CC)OC(NCc2ccccc2)=NC1=O,False,False,False,False
CSc1cc(-c2ccc(Cl)cc2)oc(=O)c1C#N,False,False,False,False
COc1ncc(-c2cc(-c3ccc(S(C)(=O)=O)cc3)cnc2N)cc1Cl,False,False,False,False
O=c1c2ccccc2ncn1-c1cccc(Br)c1,False,False,False,False
CN(C)c1ccc(C#Cc2ccc(F)cc2F)cc1,False,False,False,False
COc1ccc2oc(-c3ccccc3[N+](=O)[O-])cc(=O)c2c1,False,False,False,False
CC(=O)c1ccc(N2C(=O)c3ccc(C(=O)c4ccc5c(c4)C(=O)N(c4ccc(C(C)=O)cc4)C5=O)cc3C2=O)cc1,True,True,True,True
CC(C)(C)c1nn2c(=O)cc(-c3cccc(S(C)(=O)=O)c3)[nH]c2c1-c1ccc(Cl)cc1,True,True,True,True
Cc1ccc(NS(=O)(=O)c2ccc(Cl)cc2)cc1C,True,True,True,True
O=C1/C(=C/c2ccc(Cl)cc2)NS(=O)(=O)c2ccccc21,True,True,True,True
COc1c(C=O)c2c(c(OC)c1OC)-c1ccc(OC)c(=O)cc1C(NC(C)=O)CC2,True,True,True,True
CCOC1Oc2ccccc2C(=O)/C1=C\Nc1ccc(S(=O)(=O)Nc2ccc(OC)nn2)cc1,False,False,False,False
Cc1cc(C)cc(-c2c(O)c3ccccc3oc2=O)c1,False,False,False,False
CS(=O)(=O)c1ccc(-c2cnn(C3CC3)c(=O)c2-c2ccc(F)cc2)cc1,False,False,False,False
O=C1CCC(N2Cc3ccccc3C2=O)C(=O)N1,False,False,False,False
O=C1NC(=O)C(c2ccccc2[N+](=O)[O-])=C1Nc1cccc(O)c1,False,False,False,False
Cc1ccc(S(=O)(=O)Nc2ccc(C(N)=O)cc2)cc1[N+](=O)[O-],True,True,True,True
CC1=C(C#N)C(c2cccnc2)C2=C(O)c3ccccc3C2=N1,False,False,False,False
CC1=NC(c2cn(S(=O)(=O)c3ccc(Cl)cc3)c3ccccc23)CN1C,False,False,False,False
Nc1cc(Cl)ccc1Nc1ccncc1,True,True,True,True
c1ccc(C(c2ccccc2)c2cccnc2)cc1,False,False,False,False
CN(C)c1ccc(C(C)(C)CC2C(=O)Nc3ccccc32)cc1,False,False,False,False
COc1ccc2ccc(=O)oc2c1-c1cocc1C,True,True,True,True
C[C@@H](NC(=O)c1cnc(C#Cc2cccc(F)c2)cn1)C(C)(C)O,True,True,True,True
Cc1cc(C2CC(=O)Nc3ccccc3S2)c(C)s1,False,False,False,False
Cc1nc([C@]2(c3cnn(C)c3)N[C@@H](c3nc(-c4ccccc4)c[nH]3)Cc3c2[nH]c2ccccc32)no1,False,False,False,False
COc1cc(N)c(Cl)cc1C(=O)NCC(O)CN1CCC(CN2CCC(N)CC2)CC1,False,False,False,False
CCC(CC)C(=O)OCC(=O)NC12CC3CC(CC(C3)C1)C2,False,False,False,False
COc1ccc(NC(S)=Nc2nc(CC(=O)Nc3ccccc3OC)cs2)cc1,False,False,False,False
CS(=O)(=O)N[C@H]1CC[C@@H](N2CC(NC(=O)CNc3n[nH]c4ccc(C(F)(F)F)cc34)C2)CC1,False,False,False,False
CCCC(CCC)C(=O)O/N=C(\Cn1cncn1)c1ccc2ccccc2c1,False,False,False,False
O=C(Nc1cnn2ccc(N3CCC[C@@H]3c3cccc(F)c3)nc12)c1cccnc1,False,False,False,False
O=C(Nc1ccc(O)c(-n2cnnn2)c1)c1ccncc1,False,False,False,False
O=c1sn(-c2cccc(Cl)c2)c(=O)n1Cc1ccccc1,False,False,False,False
O=C1c2ccccc2-c2ccc(O[C@H]3CN4CCC3CC4)cc21,False,False,False,False
Cc1cnn(CCNCc2ccc(C(N)=O)cc2)c1,False,False,False,False
O=C(CCCN1CCC2(CC1)CC(c1ccccc1)OC2=O)c1ccc(F)cc1,False,False,False,False
CCO/C(O)=C1/C(C)=Nc2ccccc2N=C1NS(=O)(=O)c1ccc(Cl)cc1,False,False,False,False
CC(Sc1nc(N)cc(O)n1)C(=O)NNC(=O)c1cccc(Cl)c1,False,False,False,False
CC(C)(C)CCNCC(=O)N1CCC[C@H]1C#N,False,False,False,False
CSc1nc2c(Nc3cccc(N)c3)c3ccccc3nc2s1,False,False,False,False
CC(C)n1cnc2c(NCc3ccc4ccccc4c3)nc(N3CCCCC3CCO)nc21,False,False,False,False
COc1ccc(CCNC(=O)Cc2cc(OC)c(OC)cc2CO)cc1OC,False,False,False,False
CNC(=O)C1CCCN1Cc1cccc(N(C)C)c1,False,False,False,False
COC(=O)CN(C(=O)CCc1ccccc1)c1ccc(C(O)(C(F)(F)F)C(F)(F)F)cc1,False,False,False,False
CCc1nn(C)c(C(=O)NCc2ccc(Oc3ccc(C)cc3)cc2)c1OC,False,False,False,False
CCOC(=O)C1CCCN(C(=O)c2ccc(C)c([N+](=O)[O-])c2)C1,False,False,False,False
O=C(O)c1c2c(c(C(=O)O)c3ccccc13)-c1ccccc1-2,False,False,False,False
CCN(C(=O)CSc1nnc(C)n1-c1ccc(C)cc1)c1c(N)n(Cc2ccccc2)c(=O)[nH]c1=O,False,False,False,False
O=C(Nc1nnn[nH]1)c1cccc2nc3cccc(Cl)c3nc12,False,False,False,False
Cc1ccc2c(c1C)CN(C(=O)N(C)C)CC2c1ccc(O)cc1,False,False,False,False
CN1CCc2nc3sc(C(=O)c4ccc(F)cc4)c(N)c3cc2C1,False,False,False,False
COc1ccccc1C(=O)NC(C)CC(=O)O,False,False,False,False
O=C(NNS(=O)(=O)c1ccccc1F)c1ccccc1F,False,False,False,False
CN1C[C@H](C(=O)N2CCN(c3ccc(F)c(F)c3)CC2)C[C@@H]2c3cccc4[nH]c(Cl)c(c34)C[C@H]21,False,False,False,False
COc1ccc(CCNC(=O)COC(=O)CSc2ccc(C(N)=O)cc2[N+](=O)[O-])cc1OC,False,False,False,False
COC(=O)CC(c1cccnc1)C(C(=O)N(C(C)C)C(C)C)c1cccc(Br)c1,False,False,False,False
CCOc1ccc2c(C)nc(NC(N)=NC(C)=O)nc2c1,False,False,False,False
CCCCN(C)CCCNC(=O)Cn1ncc2c3ccccc3n(Cc3cc(C)ccc3C)c2c1=O,False,False,False,False
O=C(Nc1ccc2c(c1)C(=O)NS2(=O)=O)c1ccc(-c2ccccc2)cc1,False,False,False,False
N#Cc1cccc([C@]23CCC(N(CCN4CC[C@@H](O)C4)C(=O)Nc4cc(F)cc(F)c4)CC2C3)c1,False,False,False,False
Cc1ccc(S(=O)(=O)NC[C@@H](O)C[C@@H](Cc2ccccc2)C(=O)N[C@H]2c3ccccc3C[C@H]2O)cc1,False,False,False,False
Cc1cnc(NC(=O)N2CCOCC2)s1,False,False,False,False
Cc1cc2c(cc1C)[n+]([O-])c(C(=O)NCCNc1ccnc3cc(Cl)ccc13)c(C)[n+]2[O-],False,False,False,False
NC(=O)c1ccc(-n2cc(-c3ccc(Cl)cc3)cn2)cc1,True,True,True,True
O=C1c2ccccc2C(=O)N1c1noc2ccccc12,True,True,True,True
CS(=O)(=O)c1ccc(-c2cnc(N)c(-c3cnc(N)nc3)c2)cc1,True,True,True,True
CC(C)(C)C12COC(c3ccc(N)cc3)(OC1)OC2,True,True,True,True
Cc1ccc(-c2nc(N)ncc2-c2cc(F)c(O)c(F)c2)cc1,False,False,False,False
Cn1cc(-c2nnnn2-c2ccccc2)c(=O)c2ccccc21,True,True,True,True
CC1(C)OC(c2ccc(S(C)(=O)=O)cc2)=C(c2ccc(C(C)(C)C)cc2)C1=O,False,False,False,False
Cc1ccc(F)c(C(=O)c2cc3c(cc2-c2ccc(S(C)(=O)=O)cc2)OCO3)c1,True,True,True,True
O=C(c1c(F)ccc(NS(=O)(=O)c2ccc(F)cc2)c1F)c1c[nH]c2ncncc12,False,False,False,False
Cc1ccc(C)c(N2c3ccc(Cl)cc3S(=O)(=O)c3c(N)nc(N)nc32)c1,False,False,False,False
Cc1cn(-c2ccc(S(C)(=O)=O)cc2)c(-c2ccc(Cl)cc2)n1,False,False,False,False
CCNc1ccc(S(=O)(=O)N(C)C)cc1NCC(=O)Nc1ccc(F)c(Cl)c1,False,False,False,False
COc1c(O)cc2c3c(cc4c(O)cccc4c13)NC2=O,False,False,False,False
CS(=O)(=O)c1ccc(/C=C2\OC(=O)c3ccccc32)cc1,True,True,True,True
Nc1ccc(S(=O)(=O)O)c2ccccc12,False,False,False,False
CS(=O)(=O)c1ccc(-c2cc3c(cc2C(=O)c2ccccc2F)OCO3)cc1,True,True,True,True
Cc1ccc(-c2nc3ccccc3c(=O)n2-n2cccc2)cc1,False,False,False,False
NCCNC(=O)c1c(O)c2ccccc2oc1=O,True,True,True,True
CCn1cc(C2=C(O)C(=O)NC2=O)c2ccccc21,False,False,False,False
CC1(C)COC(c2ccc3c(c2)OCO3)OC1,False,False,False,False
Cc1ccc2c(c1)[nH]c1c3[nH]c4ccccc4c3c3c(c21)C(=O)NC3=O,True,True,True,True
CS(=O)(=O)c1ccc(Cl)c(NC(=O)C2CCCN(C(=O)c3ccc(Cl)cc3)C2)c1,False,False,False,False
COc1ccccc1-c1oc2ccccc2c1C#CC(C)(C)O,False,False,False,False
CC(C)OC(=O)C(C)(C)Oc1ccc(C(=O)c2ccc(Cl)cc2)cc1,False,False,False,False
O=C1NC(=O)C(c2ccccc2Cl)=C1Nc1ccc(O)c(Cl)c1,False,False,False,False
NC(=O)c1ccc(Oc2ccc(C(N)=O)cc2)cc1,True,True,True,True
Cc1nc(N)cc(-c2ccncc2NC(=O)c2nc(-c3c(F)cccc3F)ccc2N)n1,True,True,True,True
Clc1ccc(-c2csc(-c3ccno3)n2)cc1,True,True,True,True
CCN1CCN(c2ccnc(NCCCNc3ccnc4cc(Cl)ccc34)n2)CC1,True,True,True,True
O=S(=O)(c1ccc(C(F)(F)F)cc1)N1CCN(C(c2ccc(Cl)cc2)c2cncnc2)CC1,True,True,True,True
CCNC(=O)NC1CN(CC(=O)NCc2ccccc2C)C[C@@H]1OC,False,False,False,False
Cc1ccc(NC(=S)c2ccncc2)cc1,False,False,False,False
CC(C)c1ccc(OCC(=O)N2CCN(CCc3ccccn3)CC2)cc1,False,False,False,False
Cc1ccc2c(ccn3cc4c(c(=O)n(C)c(=O)n4C)c23)c1,False,False,False,False
CCCN(CCC)S(=O)(=O)c1ccc(C(=O)N[C@@H](CS)C(N)=O)cc1,False,False,False,False
CN(Cc1ccccc1)CC(C(=O)c1ccc(Cl)cc1)n1cnc2ccccc2c1=O,False,False,False,False
CCC(C)c1ccc(Nc2nc(C)cs2)cc1,False,False,False,False
Cc1ccc(C)c2c(=O)cc(CN3CC[C@@H](N)[C@H](O)C3)[nH]c12,False,False,False,False
O=C(O)c1ccc2sc(Cn3ccnc3)c(Br)c2c1,False,False,False,False
CNC(=O)[C@@H]1Cc2ccc(NS(=O)(=O)O)cc2CN1C(=O)CCc1cccc(O)c1,False,False,False,False
O=C(Cc1ccc(O)cc1Cl)N1CCCC1CO,False,False,False,False
Cc1sc2nc(SCCCN3CCN(c4ccccc4)CC3)n(N)c(=O)c2c1C,False,False,False,False
Cc1cc2c(c(C)c1Cl)C(=O)CC(c1ccccc1)O2,False,False,False,False
O=C(c1ccc(O)c2[nH]c(-c3cccs3)nc12)N1CCNCC1,False,False,False,False
CCCC[C@]1(CC)CS(=O)(=O)c2cc(CN(C)CCC(=O)O)c(OC)cc2[C@@H](c2ccccc2)N1,False,False,False,False
CC(C)c1c(Cc2c(F)cccc2F)nc(SCC(=O)c2ccc(F)cc2)[nH]c1=O,False,False,False,False
CCCCN[C@H]1c2c(c3cc(OC)c(OC)cc3c3cc(OC)ccc23)CN2C(=O)CC[C@H]12,False,False,False,False
NC(=O)c1nc(Nc2ccccc2)nn1[C@@H]1O[C@H](CO)[C@@H](O)[C@H]1O,False,False,False,False
CC1(O)CCc2c(C(=O)Nc3cnn(Cc4ccccc4)c3)n[nH]c2C1,False,False,False,False
NCc1ccc2c(c1)C1(CCN(C(=O)c3ccc(Sc4ccccc4)o3)CC1)CO2,False,False,False,False
CN(C)C(=O)Cn1ccc2cc(NC(=O)N3CCSCC3)ccc21,False,False,False,False
COc1ccccc1CNc1cc(C)cc2c(=O)cc(N3CCOCC3)[nH]c12,False,False,False,False
O=C1CC(Sc2ccc(F)cc2F)N1C(=O)NCc1ccccc1,False,False,False,False
COc1ccccc1-n1c(CNc2c(C)cccc2C)nnc1SCC(=O)N1CCOCC1,False,False,False,False
COc1cc(-c2cnn(C)c2)ccc1Nc1ncc2ccnc(NCC(C)(C)O)c2n1,False,False,False,False
CCOC(=O)C[C@H](O)[C@H](CC(C)C)NC(=O)[C@H](NC(=O)[C@@H](NC(=O)CC(C)C)C(C)C)C(C)C,False,False,False,False
Cc1cc(-c2nc3ccccc3n2C[C@H]2CC[C@H](O)CC2)cn(C)c1=O,False,False,False,False
O=C(CCCOc1ccccc1)OCn1nnc2ccccc2c1=O,False,False,False,False
C#CCn1cnc2c(ncn2[C@@H]2O[C@H](COC)[C@@H](OP(C)(=O)O)[C@H]2O)c1=O,False,False,False,False
COc1ccc(S(=O)(=O)N(Cc2ccccc2)Cc2nc(-c3ccccc3)no2)cc1,False,False,False,False
CC(C)(C)C(=O)Nc1cc(C(F)(F)F)ccc1-n1ccnc1,True,True,True,True
CN1C(=O)CCc2cc(-c3cncc(COc4ncccn4)c3)ccc21,False,False,False,False
CC1(C(=O)NS(=O)(=O)Cc2ccccc2)CCN1C(=O)Cc1ccc(-c2ccccc2)cc1,False,False,False,False
CCN(C(=O)c1ccc(-n2c(C)nc3ccccc32)cc1)[C@@H]1CCN(C(C)C)C1,False,False,False,False
Cc1ccc(Nc2ncnc3onc(C)c23)cc1Cl,False,False,False,False
CC(=O)N1CCN(C(=O)c2csc(Cc3n[nH]c(=O)c4ccccc34)c2)CC1,False,False,False,False
CC(=O)C1=C(O)C(=O)N(c2cccc(C(F)(F)F)c2)C1C1CCCCC1,False,False,False,False
Cc1cc2oc(=O)cc(-c3ccccc3)c2c(C)c1-c1cncnc1,False,False,False,False
Clc1ccc2c(c1)C1(CCNCC1)CN2c1ncnc2[nH]ccc12,True,True,True,True
O=c1onc2n1C=CSC2(O)c1ccc(Cl)cc1,False,False,False,False
O=c1c(S(=O)(=O)c2ccc(Cl)cc2)cn(Cc2ccc(F)cc2)c2ccc(F)cc12,True,True,True,True
CN(C)c1cccc2c(S(=O)(=O)Nc3ccc(NC(=O)C(C)(C)CO)cc3)cccc12,False,False,False,False
O=C1c2cc([N+](=O)[O-])ccc2-c2cccc(F)c21,True,True,True,True
Cn1c(O)c(C2=Nc3ccccc3C2=O)c2ccc(Br)cc21,True,True,True,True
O=C1c2ccccc2C(=O)N1C[C@H]1CO[C@](Cn2ccnc2)(c2ccc(Cl)cc2Cl)O1,False,False,False,False
CCOc1ccc2c(c1)c(=O)c(S(=O)(=O)c1ccc(C)cc1)cn2CC,False,False,False,False
CC1(C)CC(=O)N(c2ccc(C#Cc3ccccc3)cn2)C1,True,True,True,True
CCCCCN1CC(=O)C(c2nc(-c3ccc(Cl)cc3)cs2)=C1N,True,True,True,True
Cc1cc(C#N)cnc1C(=O)Nc1ccc2c(c1)C1(COC(N)=N1)C1(CC1)CO2,False,False,False,False
CS(=O)(=O)c1ccc2ncc(C(N)=O)c(Nc3cccc(O)c3)c2c1,False,False,False,False
CC1(C)OC(=O)C(C(c2ccccc2)C(C#N)C(N)=O)=C(O)O1,True,True,True,True
CC(C)(C)c1ccc(-c2ccc(C#N)cc2)cc1,False,False,False,False
COc1cccc(NC(=O)c2cnc(N3CCCC3)c(C(F)(F)F)c2)c1,False,False,False,False
CCOP1(=O)N=C(C2=C(O)C(C(C)(C)C)N(Cc3ccc(F)cc3)C2=O)Nc2ccc(NS(C)(=O)=O)cc21,False,False,False,False
COc1ccc(C2=NN(C(=O)c3cccs3)C(O)(C(F)(F)F)C2)cc1,False,False,False,False
CCN1CCN(C(C(=O)NC2CCCCC2)c2ccc(Cl)cc2)CC1,False,False,False,False
NCCCCCN(Cc1ccccc1)C(=O)[C@H](N)Cc1ccc2ccccc2c1,False,False,False,False
COc1cc(C(=O)N2CCN(Cc3ccc4c(c3)OCO4)CC2)cc(OC)c1OC,False,False,False,False
CCOC(=O)N1CCN(Cc2nc(-c3ccc(OC)cc3)no2)CC1,False,False,False,False
COc1ccc(S(=O)(=O)N2CCCC(C(=O)NCc3ccccn3)C2)cc1,False,False,False,False
O=C(O)/C(=C/c1ccc(Oc2ccccc2I)cc1)NC(=O)C1CC1,False,False,False,False
CN(C)c1nc(N)c2cc(NCc3ccccc3)ccc2n1,False,False,False,False
COc1ccc(/C=N/NC(=O)c2ccc(O)nn2)cc1OC,False,False,False,False
COc1ccccc1C(=O)NC(=S)Nc1cccc2cc(O)ccc12,False,False,False,False
CC1(C)C(=O)NC(=O)N1Cc1ccccc1,False,False,False,False
CCOC(=O)c1sc(SC(C)C)c(C#N)c1-c1ccc(C#N)cc1,False,False,False,False
O=C(NCCCCN1CCN(c2ccccn2)CC1)c1cc2ccccc2cn1,False,False,False,False
O=C1c2sccc2N(Cc2cccc(Cl)c2)S(=O)(=O)N1Cc1ccccc1,False,False,False,False
CN(CC1COCCO1)c1ncnc2cc(F)ccc12,False,False,False,False
C=CCc1ccc(OCCOc2cccc3ccc(C)nc23)c(OC)c1,False,False,False,False
CCc1nnc(NC(=O)CCCOc2ccc(Cl)cc2)s1,False,False,False,False
Cc1ccccc1NC(=O)CC1C(=O)NCCN1C(=O)c1cccc(Cl)c1,False,False,False,False
CC(C)(CO)NC(=O)c1cnn(-c2ncc3c(n2)-c2ccccc2CC3)c1C1CC1,False,False,False,False
O=C(O)[C@@H](Cc1c[nH]c2ccccc12)C(=O)NO,False,False,False,False
COc1cc(OC)c(C(=O)CN2CCOCC2)c(OC)c1,False,False,False,False
CCNc1cc(-c2n[nH]c(C)n2)ccn1,False,False,False,False
COCC(=O)Nc1ccccc1-c1ccccc1,False,False,False,False
O=C(CC1CCC1)N1CCCC(Oc2ccc(NC(=O)N3Cc4ccncc4C3)cc2)C1,False,False,False,False
CCn1nc(C)cc1C(=O)OCCNC(=O)c1ccccc1,False,False,False,False
CCCCCCCC1Cc2cc(O)c(C(=O)O)c(O)c2C(C)O1,False,False,False,False
Nn1nc(-c2ccccc2)c2sccc2c1=O,False,False,False,False
O=C(O)Cc1cc(Cl)c(=O)n(Cc2ccccc2S(=O)(=O)c2ccccc2)c1,False,False,False,False
CC(C)S(=O)(=O)NC[C@H]1CC[C@H](NC(=O)CN2C(=O)CCc3cc(Cl)ccc32)CC1,False,False,False,False
COc1ccc(/N=C2/SC(C(=O)Nc3ccc4c(c3)OCO4)CC(=O)N2C)cc1,False,False,False,False
COc1ccc(Cn2c(=O)sn(-c3c(C)noc3C)c2=O)cc1,False,False,False,False
COc1ccc(OC)c(N(CC(=O)NCc2ccncc2)S(=O)(=O)c2ccc(C)cc2)c1,False,False,False,False
Cc1ccc(S(=O)(=O)Nc2ccc3c(c2)n(C)c(=O)n3C)cc1F,False,False,False,False
O=C(O)C[C@H](NC(=O)OCc1ccccc1)C(=O)CONC(=O)c1ccccc1,False,False,False,False
Cc1ccc(S(=O)(=O)Nc2ccc(F)c(F)c2O)cc1,False,False,False,False
Cc1cc(N)n(-c2ccc(Cl)cc2)n1,False,False,False,False
Nc1ccccc1SC[C@H]1CO[C@](CCc2ccc(Cl)cc2)(Cn2ccnc2)O1,False,False,False,False
NC(=O)c1ccc(-c2cnc(N)c(-c3ccsc3)c2)cc1,False,False,False,False
NC(=O)N1c2ccccc2C=Cc2ccccc21,True,True,True,True
Cc1ccc(C(=O)NNC(=O)c2ccc(NC(=O)C(C)(C)C)cc2)cc1,True,True,True,True
Nc1ccccc1/C=C/c1ccnc2ccccc12,False,False,False,False
NS(=O)(=O)c1cccc(N2C(=O)c3cccc([N+](=O)[O-])c3C2=O)c1,True,True,True,True
NC(=O)C(c1ccccc1)(c1ccccc1)c1ccc(F)cc1,True,True,True,True
COc1cc(Nc2ccc(-c3ccccc3F)nn2)cc(OC)c1OC,False,False,False,False
NCCNS(=O)(=O)c1ccc(NC(=S)NCc2ccc(Cl)cc2)cc1,True,True,True,True
CCCCCCNc1nc(N)nc(C)c1I,True,True,True,True
CN(C)c1cc2oc(=O)ccc2cc1-c1ccc(F)cc1,False,False,False,False
O=C1OCC2=C1C1(C(=O)Nc3ccc([N+](=O)[O-])cc31)c1c(-c3ccccc3)n[nH]c1N2,True,True,True,True
CCCCCCCCC[S+]([O-])CC(P(=O)(O)O)P(=O)(O)O,True,True,True,True
O=C1Nc2ccc(Cl)cc2/C1=C\c1ccccc1F,False,False,False,False
COc1cc(NC(=O)Nc2cccc(C)c2)ccc1-c1cnco1,False,False,False,False
Cn1nc(C(C)(C)C)c([N+](=O)[O-])c1C(=O)NCCO,True,True,True,True
Cc1cccc2c1Oc1ccccc1S2(=O)=O,True,True,True,True
COc1ccc(C2(C#N)CCN(CC(=O)NO)CC2)cc1OC1CCC1,False,False,False,False
CCc1ccc(COc2ccc(C3CN(C(=O)c4cc(OCCN5C[C@@H](O)[C@H](O)C5)ccn4)C3)cc2OC)cc1,False,False,False,False
Fc1cccc(CNc2ncnc3ccc(-c4ccco4)cc23)c1,False,False,False,False
O=C(NCC(c1cccnc1)N1CCN(c2ccccc2F)CC1)Oc1ccccc1,False,False,False,False
CCCn1c(N)c(C(=O)COC(=O)CCNS(=O)(=O)c2ccccc2F)c(=O)[nH]c1=O,False,False,False,False
COc1cccc(NC(=O)Cn2nc3c(Oc4ccccc4)nccn3c2=O)c1,False,False,False,False
O=C1c2cccc3cccc(c23)CN1[C@@H]1CN2CCC1CC2,False,False,False,False
O=C(NCc1ccc(F)cc1)C1CCN(S(=O)(=O)c2cccnc2)CC1,False,False,False,False
CC(C)Oc1ccc(C(=O)C2=C(O)C(=O)N(CCN3CCNCC3)C2c2cccc([N+](=O)[O-])c2)cc1,False,False,False,False
CCN(CC)CCNC(=O)c1ccc(NC(=O)Nc2ccc(Br)cc2)cc1OC,False,False,False,False
OC(Cn1ccc2ccccc21)c1ccccc1,False,False,False,False
CCOC(=O)CCC(NC(=O)c1ccc(CNc2ccc3nc(N)nc(N)c3c2)cc1)C(=O)OCC,False,False,False,False
C[C@@H](O)c1nc(C(=O)NCCc2c[nH]c3ccccc23)cs1,False,False,False,False
Fc1ccc(-c2n[nH]c3cc(NC4CCN(CC5CC5)CC4)cnc23)cc1,False,False,False,False
O=C(O)c1ccc2c(c1)C(=O)N(c1ccccc1)C2=O,False,False,False,False
Cn1c(SCC(=O)NCc2ccco2)nnc1C1CCCC1,False,False,False,False
CCn1cc(-c2nnc(S)n2NC(=O)c2ccccc2)c(=O)c2ccc(C)nc21,False,False,False,False
COc1ccc(CNC(=O)C2=CC(c3ccc(OC)cc3)=NS(=O)(=O)N2C)cc1,False,False,False,False
Cc1noc(-c2ccc3nc(Nc4cc(CN5CCN(CC(F)F)CC5)ccn4)[nH]c3c2)n1,False,False,False,False
COc1cccc(/C=C/c2nc(C#N)c(NCCc3ccccc3)o2)c1,False,False,False,False
Cc1cc(C)c(S(=O)(=O)Nc2ccc(Cl)cn2)c(C)c1,False,False,False,False
COc1ccc(CCNC(=O)CN2C(=O)COc3ccccc32)cc1OC,False,False,False,False
O=C(CCCn1c2ccccc2c(=O)c2ccccc21)NCc1ccc(F)cc1,False,False,False,False
Cc1ccc(S(=O)(=O)Nc2cccc3cccnc23)c([N+](=O)[O-])c1,False,False,False,False
C[C@@H](n1cnc2cc(S(=O)(=O)c3ccccc3)ccc2c1=O)[C@](O)(Cn1cncn1)c1ccc(F)cc1F,False,False,False,False
COc1ccc(Cl)cc1C(=O)N1CCCC(c2cc3ncccc3[nH]2)C1,False,False,False,False
COc1cccc(C(=O)n2nc(-c3ccco3)nc2NCc2cccs2)c1,False,False,False,False
COc1ccc(-c2nn(-c3ccc(Cl)cc3)c3c2C(c2ccc(C#N)cc2)CS(=O)(=O)O3)cc1,False,False,False,False
Cc1ccc2cccc(S(=O)(=O)N(C)C3CCCN(C)C3)c2n1,False,False,False,False
CCn1cc(NC(=O)C2CCN(Cc3ccccc3C#N)CC2)cn1,False,False,False,False
CCOC(=O)/C(C(=O)c1ccccc1)=C1\N[C@H](C(=O)OCC)CS1,False,False,False,False
O=C1NC(=O)c2c1c1c3ccccc3[nH]c1c1c2c2ccccc2n1CC(F)(F)F,False,False,False,False
Cc1nc(C(NC(=O)c2ccc(-c3ccc(Cl)cc3)[nH]2)C2CCCCN2)[nH]c1CO,False,False,False,False
NS(=O)(=O)c1ccc(CCNC(=S)S)cc1,False,False,False,False
C[C@@H](O)[C@H]1CC[C@H]2[C@@H]3CC[C@H]4C[C@@H](O)CC[C@]4(C)[C@H]3CC[C@]12CO,False,False,False,False
COC(=O)Nc1ccc2n(c1)cc(-c1ccccc1)[n+]2C,False,False,False,False
O=[N+]([O-])c1cccc(CC(O)(P(=O)(O)O)P(=O)(O)O)c1,False,False,False,False
CCCOc1ccc(Cl)cc1[C@H]1C[C@@H]1CN,True,True,True,True
Clc1ccc(C2=Nn3c(nnc3-c3cccs3)SC2)cc1,False,False,False,False
COc1cc2c(c(OC)c1OC)-c1ccc(OC)c(=O)cc1[C@@H](NC(=O)c1ccc(Cl)cc1)CC2,True,True,True,True
O=[N+]([O-])c1ccc(SCCc2ccccc2)c2nonc12,True,True,True,True
O=C1CCC2=C(CCc3cc(Cl)ccc32)N1,False,False,False,False
C(=N/C12CN3CN(CN(C3)C1)C2)\c1ccc2c(c1)OCO2,False,False,False,False
CC(C)(C)C(=O)CN1C(=O)C2(OCCO2)c2cc(Br)ccc21,True,True,True,True
O=C(N[C@@H]1CN2CCC1CC2)c1cc(Cl)cc2c1O[C@H]1CCCC[C@@H]21,False,False,False,False
O=C1c2ccccc2C2OCC(c3ccccc3)N12,False,False,False,False
Cc1ccc(-c2ccc(NC(=O)C3=C(O)c4ccccc4S(=O)(=O)N3)cc2)cc1C,True,True,True,True
CC(C)(C)NC(=O)c1cc(NC(=O)c2cccs2)cc(NC(=O)c2cccs2)c1,True,True,True,True
CC(=O)Nc1ccc(Nc2ncccc2-c2ncnc3[nH]cnc23)cn1,False,False,False,False
O=C(Nc1ccccc1-c1nnn(-c2ccc(C(F)(F)F)cc2)n1)c1ccc([N+](=O)[O-])cc1,False,False,False,False
COc1ccc(-c2cnc3c(NC(=O)NC(C)(C)C)ccnc3c2)cc1OC,False,False,False,False
Cc1cc(Oc2cncc(F)c2)cc(C(=O)Nc2ccc(Cl)cn2)n1,False,False,False,False
CN1C(=O)c2ccccc2C(O)(c2ccccc2)C1(O)c1ccccc1,False,False,False,False
CC(C)c1ccc(NC(=O)c2cc(S(=O)(=O)N3CCN(c4ccccc4F)CC3)ccc2F)cc1,False,False,False,False
Cc1ccc(C(=O)Nc2cc(C(C)(C)C)on2)cc1-n1cc(-c2cncc(N3C[C@H](C)O[C@H](C)C3)c2)nn1,True,True,True,True
Nc1nc(=O)n(Cc2ccc(-c3ccccc3[N+](=O)[O-])o2)cc1F,False,False,False,False
O=S1(=O)c2cc(Cl)ccc2NC(=S)c2c[nH]cc21,True,True,True,True
CC(O)(C(=O)Nc1ccccc1Cl)C(F)(F)F,True,True,True,True
COc1ccc(-n2nnnc2SCC(=O)Nc2c(C)n[nH]c2C)cc1,False,False,False,False
O=C(Nc1cnccn1)c1ccc(CN2C(=O)c3ccc(Cl)cc3NC(=O)[C@H]2Cc2cccnc2)cc1,False,False,False,False
Fc1ccc(-c2nc(CN3CCC(N4CCCCC4)CC3)co2)cc1,False,False,False,False
COC(=O)C1C(=O)C=C(Nc2ccc(Cl)cc2)CC1C,False,False,False,False
CCCNC(=O)c1ccccc1NCc1c[nH]cn1,False,False,False,False
COc1cc(Cn2cc(CNC(=O)N[C@@H](CC(C)C)C(=O)NO)nn2)cc(OC)c1OC,False,False,False,False
COc1ccc(Nc2c(Cl)cc(OC)cc2Cl)cc1,False,False,False,False
COc1ccccc1NC(=O)C1CCC2C3CCC4NC(=O)C=C[C@]4(C)C3CC[C@]12C,False,False,False,False
COC(=O)c1ccc2c(c1)Oc1c(C#N)c(F)c(F)c(C#N)c1O2,False,False,False,False
COc1cc(F)c(F)cc1Oc1ccc(S(=O)(=O)Nc2ccc(F)cn2)cc1C#N,False,False,False,False
O=C(NCc1ccccc1Cn1cccc1C(=O)O)NC12C[C@H]3C[C@@H](C1)C[C@@H](C2)C3,False,False,False,False
OC(Cn1cnnn1)(c1ccc(F)cc1F)C(F)(F)c1ccc(C#Cc2ccc(C(F)(F)F)cc2)cn1,True,True,True,True
CN(CC(=O)Nc1ccc(S(N)(=O)=O)cc1Cl)C(=N)N,False,False,False,False
CC(C)c1nc(-c2c(N)n(Cc3ccccc3)c(=O)n(C)c2=O)sc1C(=O)c1cc(F)ccc1F,False,False,False,False
CSc1ccc(NC(=O)Cc2cccc(O)c2)nc1,False,False,False,False
N[C@H]1CN(Cc2ccc(-n3cnnn3)cc2)C[C@H]1C(=O)N1CCCC1,False,False,False,False
O=C(O)c1ccc(S(=O)(=O)N(CCC2CC2)c2cc3ccccc3s2)c(F)c1,False,False,False,False
CC(CO)(CBr)COC(=O)c1cc(Br)c(N)c(Br)c1,False,False,False,False
Nc1cnc(-c2ccc(-c3ccccc3C(=O)O)cc2F)cn1,False,False,False,False
CC1(C)CC2CC(C)(CN2C(=O)c2cc(-c3ccc(O)cc3)on2)C1,False,False,False,False
CN1CCC(CC(=O)N2CCN([C@@H]3c4ccc(Cl)cc4CCc4cc(Br)cnc43)CC2)CC1,True,True,True,True
CN(C)CCCCn1c(=O)[nH]c2ccccc2c1=O,False,False,False,False
O=C(Cc1ccccc1F)Nc1nc(-c2cccnc2)cs1,False,False,False,False
O=P(C(c1c[nH]c2ccccc12)N1CCOCC1)(N1CCOCC1)N1CCOCC1,False,False,False,False
CCc1cc(=O)oc2cc(C)cc(OCC(=O)NCC(O)c3ccccc3)c12,False,False,False,False
CCn1cc(C(=O)O)c(=O)c2cc(F)c(Cl)cc21,False,False,False,False
O=C(Nc1ccc(-c2cc(N3CCOCC3)c3nccn3n2)cc1)Nc1cccnc1,False,False,False,False
O=C(c1cc2ccccc2o1)N1CCCCCC1,False,False,False,False
CCNC(=O)N1C[C@@]2(C)O[C@@](C)(C1)[C@@H]1C(=O)N(c3ccc(C#N)c(C(F)(F)F)c3)C(=O)[C@@H]12,False,False,False,False
COC(=O)c1ccc[n+](CC(=O)Nc2ccc(OC(F)F)cc2)c1,False,False,False,False
O=C(O)COc1ccc(Cl)cc1[C@@H]1c2scnc2CCN1C(=O)[C@@H]1C[C@H]1c1ccccc1,False,False,False,False
Cc1cnn(CC2CCCN2C(=O)c2sccc2C#N)c1,False,False,False,False
CN(C)CCN(Cc1ccccc1)C(c1cc2ccccc2o1)c1nnnn1C(C)(C)C,False,False,False,False
COc1ncccc1CNC(=O)NC1CCCOc2ccccc21,False,False,False,False
CC(C)CCNCC(S)[C@@H](N)Cc1ccccc1,False,False,False,False
Cc1ccc(S(=O)(=O)Cc2ccc(C(=O)OCc3ccccc3)cc2)cc1,False,False,False,False
CNC(=O)c1cccc(OCCCCN2CCN(c3cccc(Cl)c3Cl)CC2)c1OC,False,False,False,False
[O-][S+](Nc1ccccc1)c1ccc(Cl)cc1,True,True,True,True
Nc1nc(-c2cccs2)cc2ccccc12,False,False,False,False
COc1ccc2c(=O)c(-c3cc(OC)c4c(c3OC)OCO4)coc2c1,False,False,False,False
N#Cc1ccc(Nc2cc3c(cc2Nc2ccc(C#N)cc2)C(=O)NC3=O)cc1,False,False,False,False
Cc1ccc(S(=O)(=O)NC2Cn3cc(C=O)c4ccc5c6ccccc6n(c5c43)C2)cc1,False,False,False,False
CC(C)(C)c1cc(N2C(=O)CSC2c2c(F)cccc2F)no1,False,False,False,False
COC(OC)[C@]1(C)Oc2ccc([N+](=O)[O-])cc2[C@H](/N=C(\NC#N)Nc2ccc(Cl)cc2)[C@@H]1O,False,False,False,False
CC(Sc1ccc(S(=O)(=O)N2CCOCC2)cn1)C(=O)Nc1ccc(Cl)cc1Cl,False,False,False,False
Cc1cc(O)ccc1N1C(=O)c2ccc(O)cc2C1=O,False,False,False,False
CCOC(=O)C(Cc1ccco1)(NC(C)=O)C(=O)Nc1ncc(C)s1,False,False,False,False
C(=C\c1ccc2nonc2c1)\c1ccc2c(c1)OCO2,False,False,False,False
O=C(Cn1sc2ccccc2c1=O)Nc1cccc(F)c1,False,False,False,False
Cc1nc2nc(C)c(CCC(=O)NCCCN3CCN(c4cccc(Cl)c4)CC3)c(C)n2n1,False,False,False,False
Cc1cc(NC(=O)NCC2CSCCS2)on1,False,False,False,False
COC(=O)C1=NO[C@]2(C=C(Br)C(OC)=C(Br)[C@@H]2O)C1,False,False,False,False
COC(=O)CCCN1C(=O)[C@]23O[C@]4(O)[C@@H](O)C(=O)N5C(C)(C)[C@H](Cc6cccc1c62)[C@H]3[C@@]54O,False,False,False,False
O=C(Cc1csc(NC(=O)c2ccccc2)n1)NO,False,False,False,False
O=C(CCCCCNC(=O)c1ccc(O)c(-c2cccc(C(F)(F)F)c2)c1)NCCN1CCCCC1,False,False,False,False
COc1ncc(C(F)(F)F)cc1N1CCOc2cc(S(=O)(=O)Nc3nccs3)ccc21,False,False,False,False
CSc1cccc(-c2ccc(F)cc2)c1,True,True,True,True
C[C@]12CCC3[C@@H](CCC4C(=O)c5[nH]ncc5C[C@@]43C)C1CC[C@@H]2O,False,False,False,False
Cc1cc(Cl)ccc1C(O)c1nc(-c2ccc(Cl)cc2)c[nH]1,False,False,False,False
Cc1ccc(NC(=O)c2ncn(CCCNCCN3CCOCC3)n2)cc1C,False,False,False,False
CC(Sc1nnc(C2CC2)n1Cc1ccccc1)C(=O)N1CCNC1=O,False,False,False,False
CCCCn1nnc(NC(=O)c2cc3ccccc3o2)n1,False,False,False,False
O=C(c1cccc(S(=O)(=O)N2CCc3cc(Cl)ccc32)c1)n1[nH]c(=O)c2ccc(Cl)cc21,False,False,False,False
Cc1cn(C)c2cccc(Cn3c(=O)n(CCC(=O)O)c4ccccc43)c12,False,False,False,False
Cc1sc(N2CCN(S(=O)(=O)c3ccc4c(c3)NC(=O)CO4)CC2)nc1-c1ccccc1,False,False,False,False
CCOC(=O)c1ccc(OC(=O)c2cc3c(cc2OC)C(C)(C)COC3(C)C)cc1,False,False,False,False
CCOC(=O)N1CCC(NS(=O)(=O)c2ccc(C#N)cc2)CC1,False,False,False,False
CCCN1C[C@H](C)C[C@@H]2c3cccc(O)c3CC[C@H]21,False,False,False,False
Cn1nc2n(c1=O)C(=O)N(c1ccccc1)C2,False,False,False,False
Fc1ccc(-c2cc3nc(-c4ccccc4)cc(NCCCn4ccnc4)n3n2)cc1,False,False,False,False
CCn1c2ccccc2c2cc(NC(=O)CCc3nc(-c4ccncc4C#N)no3)ccc21,False,False,False,False
CN1C(=O)CCc2ccc(NC(=O)N[C@@H]3CCc4cc(C(F)(F)F)ccc43)cc21,True,True,True,True
COc1ccccc1N1CCN(CCCCNC(=O)C2CC3CCC2C3)CC1,False,False,False,False
CC(C)Cn1c(S)nnc1Cc1ccccc1,False,False,False,False
CN(CC(=O)Nc1nncs1)CC1CCCN1c1cccnn1,False,False,False,False
CC(C)(O)[C@H](O)COc1c2occc2cc2ccc(=O)oc12,False,False,False,False
COc1cc(CCCc2c(OC)cc(O)cc2OC)ccc1O,False,False,False,False
CC(C)(C)c1ccc(CCC/N=C(\S)NCc2ccc(NS(C)(=O)=O)c(F)c2)cc1,False,False,False,False
Nc1nc2ncc(CNc3ccc(S(=O)(=O)Nc4ccccn4)cc3)nc2c(=O)[nH]1,False,False,False,False
COc1cc2c(=O)c(-c3ccc(O)cc3)coc2cc1O[C@@H]1O[C@@H](C)[C@H](O)[C@@H](O)[C@H]1O,False,False,False,False
COCCNC(=O)CN(C)Cc1ccco1,False,False,False,False
CCOC(=O)N1CCC(NC(=O)CSCc2nc(-c3ccccc3Cl)oc2C)CC1,False,False,False,False
CC[C@@H](C)[C@H]1NC(=O)[C@H](C(C)C)NC(=O)[C@H](Cc2ccccc2)N(C)C(=O)[C@@H]2CCCN2C(=O)[C@H](CC(C)C)NC1=O,False,False,False,False
NC(=O)c1cc(C2CCCN(CCc3ccc4c(c3)CCO4)C2)n[nH]1,False,False,False,False
O=C1/C(=C/c2coc3ccc(Cl)cc3c2=O)Oc2ccccc21,False,False,False,False
Cc1noc(C)c1C(c1ccccc1)S(=O)(=O)c1ccccc1,True,True,True,True
CC1(C)OC(c2ccc(S(C)(=O)=O)c(Cl)c2)=C(c2cccc(Cl)c2)C1=O,False,False,False,False
CC(C)(C)[Si](C)(C)Oc1ccc2oc(=O)ccc2c1,False,False,False,False
CS(=O)(=O)c1ccc(-n2nnnc2-c2ccc(F)c(F)c2)cc1,False,False,False,False
O=C1CC2(C(=O)N1)C(=O)N(Cc1ccc(Br)cc1F)C(=O)c1ccccc12,False,False,False,False
O=C(Nc1ccc2c(c1)OCO2)C(c1ccc(Cl)cc1)N1CCN(C(=O)c2ccco2)CC1,True,True,True,True
NS(=O)(=O)c1ccc(CCNC(=O)C2CCN(S(=O)(=O)c3c[nH]cn3)CC2)cc1,False,False,False,False
O=C(COc1ccc(Cl)cc1)NNC(=O)c1cccnc1,False,False,False,False
Cc1ccc(C(=O)OC(C)C(=O)NC2CCCCC2)cc1S(=O)(=O)N1CCCCC1,False,False,False,False
O=C(O)CC[C@H](NP(=O)(O)O)C(=O)O,True,True,True,True
CCCNC(=O)c1ccc(-c2ccco2)[nH]c1=O,False,False,False,False
O=C(Nc1cc(S(=O)(=O)Nc2ccc(Cl)cc2)ccc1O)c1ccc(S(=O)(=O)N2CCCCCC2)cc1,False,False,False,False
Cc1cc(NC(=O)Nc2cnc(O)nc2O)ccc1Br,False,False,False,False
CCOC(=O)c1ccc(CNC(=O)c2cc(COc3ccccc3SC)on2)o1,False,False,False,False
CC(C)COCC1CN(Cc2ccc3c(c2)OCO3)Cc2ncn(C)c21,False,False,False,False
O=c1ccc(CCOCc2ccccc2)nn1Cc1ccccc1,False,False,False,False
COc1ccc2c(Cc3cccc([N+](=O)[O-])c3)cncc2c1O,False,False,False,False
COC(=O)N1CCN(C(=O)[C@H](Cc2cccc(C(=N)N)c2)NS(=O)(=O)c2ccc3ccccc3c2)CC1,False,False,False,False
CCn1c(SCC(=O)Nc2ccccc2N2CCCCC2)nc2c1c(=O)n(C)c(=O)n2C,False,False,False,False
CCc1nnc2n1CCC(Nc1nc3c(-c4ccc(F)cc4C)cccn3n1)C2,False,False,False,False
CCCN(Cc1ccccc1)C(=O)[C@@H]1OC(C(=O)O)=C[C@H](N)[C@H]1NC(C)=O,False,False,False,False
COC(=O)[C@H](Cc1ccccc1)NC(=O)c1ccccc1N,False,False,False,False
COc1ccc(-c2cn3c(C)c(C(=O)NCc4ccc5c(c4)OCO5)sc3n2)cc1,False,False,False,False
COc1cccc(CN(C)C(=O)c2cc3cc(OC)ccc3s2)c1,False,False,False,False
CCCn1c(=O)c2[nH]c(-c3cnn(-c4ccc[n+]([O-])c4)c3)nc2n(CC)c1=O,False,False,False,False
COc1ccc(NC(=O)c2ccccc2C)nc1,False,False,False,False
CCOc1ccc(C(=O)NCC(=O)NCC(c2ccco2)N2CCCCC2)cc1,False,False,False,False
Cn1c(Cn2ncc(N3CCCCC3)cc2=O)nc2ccccc21,False,False,False,False
CCn1cc(S(=O)(=O)c2ccc(C)cc2)c(=O)c2cc(F)c(N3CCCCCC3)cc21,False,False,False,False
CCc1ccc(OC)c(C(OC)c2ccc(Cl)cc2)c1,False,False,False,False
CCOC(=O)C(Cc1c[nH]cn1)Nc1nc2cc(C(C)C)ccc2o1,False,False,False,False
COc1cc2c(cc1O)CC1NCCc3cc(OC)c(OC)c-2c31,False,False,False,False
COc1ccc(Br)cc1CNC(=O)c1ccc2c(c1)nc1n2CCC(C)C1,False,False,False,False
COC(=O)[C@H](C)NC(=O)CN1C(=O)CC[C@H](NC(=O)c2cc(OC)c(OC)c(OC)c2)C1=O,False,False,False,False
O=C(c1ccc(-c2n[nH]c3c2CN(S(=O)(=O)c2c(Cl)cccc2Cl)CC3)cc1)N1CCCC1,False,False,False,False
CCN(CC)CCCN1C(=O)C(O)=C(C(=O)c2ccc3c(c2)CC(C)O3)C1c1ccncc1,False,False,False,False
Cc1ccc(N2CC(C(=O)NCc3cccs3)CC2=O)cc1C,False,False,False,False
CNC(=S)SCc1c[nH]c2ccccc12,False,False,False,False
O=C1COc2ccccc2N1CCc1nc(-c2cccc(Cl)c2)no1,False,False,False,False
CCCn1ccc2c(NCc3ccccc3)cccc2c1=O,False,False,False,False
CCCCCc1cc(OC)c(OC(=O)c2c(O)cc(OC)cc2CCC)c(O)c1C(=O)O,False,False,False,False
Nc1nc(SCC(=O)NC2CCCCCC2)nc(O)c1-c1ccccc1,False,False,False,False
Cc1ccc(NC(=O)C2CCCN(S(=O)(=O)c3cccc4nsnc34)C2)cc1C,False,False,False,False
CC(C)(C)Nc1c(-c2cccc(C#N)c2)nc2ccc(F)cn12,False,False,False,False
NC1=NS(=O)(=O)Nc2nc(-c3ccc(Cl)cc3)c(-c3ccc(Cl)cc3)nc21,False,False,False,False
NC(=O)c1nc(-c2ccccc2Cl)oc1N,False,False,False,False
CCCS(=O)(=O)Nc1ccc(F)c(C(=O)c2c[nH]c3ncc(-c4ccc(S(N)(=O)=O)cc4)cc23)c1F,True,True,True,True
N#Cc1cnc2nc(NS(=O)(=O)c3ccc(Cl)cc3)nn2c1N,False,False,False,False
Cc1onc(-c2ccc(S(C)(=O)=O)cc2)c1-c1ccc(F)cc1,True,True,True,True
CC(=O)Nc1cccc2c1/C(=N/OCC(O)CNC(C)(C)C)c1ccccc1-2,False,False,False,False
CC(C)n1nccc1NC(=O)CN(C)Cc1ccco1,False,False,False,False
COc1ccc(-c2nnc(NC(=O)c3cc(Cl)ccc3Cl)o2)cc1,False,False,False,False
Cc1ccc(NC(=O)c2cccc(C(C)(C)C#N)c2)cc1C(=O)Nc1ccc(C#N)nc1,False,False,False,False
CCCN(c1ncccc1NC(C)(C)C)C1CCN(C(=O)c2cc3cc(NS(C)(=O)=O)ccc3[nH]2)CC1,False,False,False,False
COc1cc2c(cc1OC)C(CC(c1ccccc1)c1ccccc1)N(C=O)CC2,False,False,False,False
CNC(=O)c1ccc(NC(=O)CCc2c(C)noc2C)cc1,False,False,False,False
CCN1CC(C(=O)N2CCc3cc(C(N)=O)n(C)c3C2)CCC1=O,False,False,False,False
CCSCC[C@@H](N)[C@H](O)C(=O)NNC(=O)c1ccc2ccccc2c1,False,False,False,False
COc1ccc(CCO)c(Nc2nc3ccccc3nc2NS(=O)(=O)c2ccc(CCCO)cc2)c1,False,False,False,False
COc1ccc(C[C@H]2NC(=O)/C=C/C[C@@H](c3cccc([N+](=O)[O-])c3)OC(=O)[C@H](CC(C)C)OC(=O)CCNC2=O)cc1,False,False,False,False
CCN(CC(=O)Nc1ccccc1SC)Cc1nc(O)c2ccccc2n1,False,False,False,False
CN(Cc1ccccc1)S(=O)(=O)c1ccc(OCC(=O)Nc2cccc([N+](=O)[O-])c2)cc1,False,False,False,False
CCOc1ccccc1Oc1ncccc1/C(=N/O)NCCOC,False,False,False,False
CCCCc1ccc(NC(S)=NCc2cccnc2)cc1,False,False,False,False
Cc1cc(C)c2c(=O)n(CCC(=O)N3CCN(c4ccccc4)CC3)sc2n1,False,False,False,False
Cc1ccc(S(=O)(=O)N2CCOCC2)cc1NC(=O)COC(=O)c1cnc(Cl)c(Cl)c1,False,False,False,False
CN(C)C/C=C/c1cc(F)ccc1S(=O)(=O)Nc1ccc2c(c1C(=O)O)CCCC2,False,False,False,False
Cc1ccccc1-c1nn(-c2ccc(C(F)(F)F)cc2)cc1CNCCN1CCN(C)CC1,False,False,False,False
c1ccc(N2CCC(N3CCCC3)CC2)nc1,False,False,False,False
CNC(=O)CNc1nc(-c2cccc(O)c2)nc(N2CCOCC2)n1,False,False,False,False
CCn1cccc(NC(=O)c2ccc3nc(C(O)(c4ccccc4)c4ccccc4)n(CC)c3c2)c1=O,False,False,False,False
COc1ccc(NC(=S)N(CCN(C)C)C(C)c2ccco2)cc1,False,False,False,False
COCCOc1ccc(-c2ccc(-c3csc(NC(=O)C4CC4)n3)cc2)cn1,False,False,False,False
NC(=S)N/N=C(\c1cc(Br)cc(C(=O)c2ccccc2F)c1)c1ccccc1F,False,False,False,False
O=C1CC(c2ccccc2Br)C(=O)N1CN1CCN(c2cccc(C(F)(F)F)c2)CC1,False,False,False,False
O=C(Nc1ccc(F)c(F)c1)c1ccc(-n2cncn2)c([N+](=O)[O-])c1,True,True,True,True
CCCCOc1ccc(Oc2ccc(O)cc2)cc1,False,False,False,False
COc1cccc(F)c1-c1ccccc1/C=N/NCCN1CCCC(C(=O)O)C1,False,False,False,False
COc1ccc(C(=O)Nc2ccccc2N)cc1,False,False,False,False
NC(=O)C1CCC(c2nc(-c3ccccn3)nc3c2CN(Cc2ccccc2)CC3)CC1,False,False,False,False
O=c1[nH]c2cc(Cn3ccnc3)ccc2c2c1CCCN2,False,False,False,False
CN1CCCn2c1nc1ccc(O)cc1c2=O,False,False,False,False
COc1ccc2c3c1O[C@H]1C[C@@H](O)C=C[C@@]31CCNC2,False,False,False,False
O=C(NC12CC1CCN(Cc1c(F)cccc1F)C2)c1ccc2[nH]nc(-c3ccc4nccn4c3)c2c1,False,False,False,False
O=C(N[C@H]1C[N+]2(CCOc3ccccc3)CCC1CC2)C(O)(c1cccs1)c1cccs1,False,False,False,False
COc1ccc2c(=O)cc(-c3ccc(C(F)(F)F)cc3)oc2c1,False,False,False,False
CCn1cc(-c2ccc(O)cc2)c(=O)c2c(O)cc(O)cc21,False,False,False,False
COc1cccc(CNC(=O)C2CCN(S(=O)(=O)c3ccc4c(c3)CCC(=O)N4)CC2)c1,False,False,False,False
Cc1c(O[C@@H](C)c2cccc(F)c2)cccc1C1CCNCC1,False,False,False,False
CCC[C@H]1CN(S(=O)(=O)c2ccc(Cl)cc2)C[C@@H]1NC(C)=O,False,False,False,False
Cc1ccc(-n2c(S)nnc2-c2ccc(Cl)cc2)cc1,True,True,True,True
Cc1cc(=O)oc2c(O)c3oc4ccccc4c3cc12,False,False,False,False
CCCCc1nc(N)nc2c1C(=O)CC(C)(C)C2,False,False,False,False
CS(=O)(=O)c1ccc(-n2nncc2-c2ccc(F)cc2)cc1,False,False,False,False
Cc1ccc(-c2cc(Nc3ccc([N+](=O)[O-])c4nonc34)ccc2C(=O)O)cc1,True,True,True,True
Cc1cc([C@](C)(O)C#Cc2ccc3c(c2)-c2nc(C(N)=O)sc2[C@H](O)CO3)no1,False,False,False,False
Cc1ccccc1N1c2ccc(Cl)cc2S(=O)(=O)c2c(N)n[nH]c21,False,False,False,False
CC(C)(C)c1ccc(C(=O)Nc2cccnc2)cc1,False,False,False,False
O=C(Nc1ccc(F)cc1)c1cncs1,False,False,False,False
CCNC(=O)c1cc2c(-c3ccc(Cl)cc3Cl)nc(N)nc2s1,False,False,False,False
CC[C@@]1(O)C(=O)OCc2c1cc1n(c2=O)Cc2cc3c4c(ccc3nc2-1)OCN(C)C4,False,False,False,False
Cc1nc2c(c(-c3ccc(Cl)cc3Cl)c1CN)C(=O)NC2,False,False,False,False
Cc1cc2nc3ccc(O)cc3nc2cc1N,False,False,False,False
CC[C@@]1(O)C(=O)OCc2c1cc1n(c2=O)Cc2c-1nc1ccc(N)c3c1c2CCS3,False,False,False,False
CNC(=O)c1cc(-c2ccc(Cl)cc2Cl)c(CN)c(C)n1,False,False,False,False
Nc1nc2cc(F)c(Cl)cc2nc1N,False,False,False,False
Cc1oc(-c2cc(Cl)ccc2Cl)nc1C(=O)N=C(N)N,False,False,False,False
Nc1nc2ccnc(-c3cccc([N+](=O)[O-])c3)n2n1,False,False,False,False
Nc1nc(N)c2c(ccc3c2ccn3CCCF)n1,False,False,False,False
Oc1nc2nonc2nc1Nc1ccc(OC(F)(F)F)c(F)c1,False,False,False,False
NS(=O)(=O)c1ccc(Nc2ccc([N+](=O)[O-])c3nonc23)cc1,False,False,False,False
CCC1(O)C(=O)OCc2c1cc1n(c2=O)Cc2c-1nc1ccc(O)c3c1c2CCC3,False,False,False,False
CS(=O)(=O)c1nc2c(O)c3cc(F)ccc3nc2s1,False,False,False,False
O=C1NC(=O)/C(=C/c2ccc(Br)cc2)N1,False,False,False,False
CN(C)Cc1cnc2nc(N)nc(N)c2n1,False,False,False,False
Nc1ncc(Cc2cccc(Cl)c2)c(N)n1,False,False,False,False
Nc1c(C(=O)O)nnc2cc(Cl)c(Cl)cc12,False,False,False,False
Nc1nc(N)nc(-c2cccc(C(F)(F)F)c2)n1,False,False,False,False
O=C1Cc2cc3c(=O)[nH]c(=O)[nH]c3nc2-c2cnccc2N1,False,False,False,False
O=C(Nc1cnc(Cl)nc1)c1ccc(Cl)c(F)c1,False,False,False,False
CC[C@@]1(O)C(=O)OCc2c1cc1n(c2=O)C/C(=C2\C(=O)Nc3ccc(F)cc32)C1=O,False,False,False,False
[O-][n+]1onc(-c2cccnc2Cl)c1-c1cccnc1Cl,False,False,False,False
Cc1c(NC(=O)c2c(N)cnn2C)cnn1C,False,False,False,False
CC[C@@]1(O)C(=O)OCc2c1cc1n(c2=O)Cc2c-1nc1ccccc1c2/C=N/NC(=O)C(N)CO,True,True,True,True
CCC1(O)CC(=O)OCc2c1cc1n(c2=O)Cc2c-1nc1ccccc1c2C(F)(F)F,False,False,False,False
CC[C@@]1(O)C(=O)OCc2c1cc1n(c2=O)Cc2c-1nc1cnc(C#CCN)cc1c2C,False,False,False,False
Nc1nc(/C=C/c2ccc([N+](=O)[O-])o2)no1,False,False,False,False
CC(=N)NS(=O)(=O)c1ccc(Cl)cc1,False,False,False,False
Cc1csc(Nc2ccc(Cl)cc2)n1,True,True,True,True
Cc1nc2nc(-c3ccc(Cl)cc3)nn2c(=S)n1C,True,True,True,True
CSc1nc(NS(=O)(=O)c2ccc(F)cc2F)nn1C,False,False,False,False
Nc1ccc(S(=O)(=O)Nc2cnc3c(Cl)cccc3n2)cc1,False,False,False,False
O=C(Nc1nccs1)c1cnc2sccn2c1=O,False,False,False,False
O=C(Nc1cnccn1)c1ccc([N+](=O)[O-])o1,False,False,False,False
N=C(N)N/N=C/c1c(-c2ccc(Cl)cc2)nc2sc(Cl)cn12,False,False,False,False
Cc1ncc([N+](=O)[O-])n1CC(=O)NS(=O)(=O)c1ccc(Cl)cc1,False,False,False,False
CCOC(=O)c1nc(Nc2ccc(Cl)cc2)c2c(C)noc2n1,False,False,False,False
CCC1(N)C(=O)OCc2c1cc1n(c2=O)Cc2cc3ccccc3nc2-1,False,False,False,False
CCC1(O)C(=O)OCc2c1cc1n(c2=O)Cc2c-1nc1cc3c(cc1c2CCN)OCO3,False,False,False,False
CCc1c2c(nc3c[n+](C)ccc13)-c1cc3c(c(=O)n1C2)COC(=O)[C@]3(O)CC,False,False,False,False
CN(C)c1ncc2nc(-c3ccc(Cl)cc3)c(=O)n(C)c2n1,True,True,True,True
CCC(CC)(CO)CNc1cc(Cl)nc(N)n1,False,False,False,False
O=C(CCc1csc(/C=C/c2ccc(Cl)cc2)n1)NO,False,False,False,False
Nc1nonc1-c1nc2ccc3nonc3c2[nH]1,False,False,False,False
O=C(Nc1nn[nH]n1)c1cc([N+](=O)[O-])ccn1,False,False,False,False
CCC[C@H](C(=O)Nc1ccc(S(N)(=O)=O)cc1)C(C)(C)C,False,False,False,False
CCC1(O)C(=O)OCc2c1cc1n(c2=O)Cc2cc3c(Cl)c(Cl)ccc3nc2-1,False,False,False,False
CC(C)C(NC(=O)CSc1ccc(Cl)cc1)C(C)C,False,False,False,False
N#Cc1c(Cl)c(Cl)c2nc(N)nc(N)c2c1Cl,False,False,False,False
C[N+](C)(C)CCNC(=O)c1nc(Cl)c(N)nc1N,False,False,False,False
O=P(O)(O)C(Cc1ccc(Cl)cc1)P(=O)(O)O,False,False,False,False
CC1CC(=O)N(C(C)C(=O)Nc2ccc(Cl)cc2)C1=O,False,False,False,False
CC(C)(NC(=O)[C@H](N)C(C)(C)S)C(=O)O,True,True,True,True
CC1C=C(c2ccc(Cl)cc2)C(=O)O1,False,False,False,False
Cc1nc2c(-c3ccc(Cl)cc3)n[nH]c2c(=O)[nH]1,False,False,False,False
CCCn1c(=O)c2nn(-c3ccc(Cl)cc3N)nc2n(CCC)c1=O,False,False,False,False
CCOC(=O)Nc1cc(N)c(N)c(N)n1,False,False,False,False
Oc1ccc(Nc2ncc(-c3ccc(Cl)cc3)o2)cc1,False,False,False,False
Oc1ccc(Nc2nsc(-c3ccc(Cl)cc3)n2)cc1,False,False,False,False
CN(C)CCN=C(S)Nc1ccc(Cl)cc1,False,False,False,False
C/N=C(\S)n1nc(-c2ccc(Cl)cc2)nc1N,False,False,False,False
CNC(C)c1ccc(S(N)(=O)=O)cc1,False,False,False,False
CSc1ccc(NC2=C(c3ccc(Cl)cc3)C(=O)NC2=O)cc1,False,False,False,False
O=C(O)C(Cc1c[nH]cn1)NS(=O)(=O)c1ccc(Cl)cc1,False,False,False,False
CC[C@@]1(O)C(=O)OCc2c1cc1n(c2=O)Cc2c-1nc1cnc(C#N)cc1c2C,False,False,False,False
CSc1c(/C=N/O)c(=O)n(C)c(=O)n1C,False,False,False,False
Clc1ccc(-c2cnc3n2CCCCC3)cc1,True,True,True,True
NC[C@@H](CC(=O)O)c1ccc(Cl)cc1,False,False,False,False
CC(C)(C)c1ccc(-c2nc(C(N)=O)c(N)o2)cc1,False,False,False,False
CC(C)(C)c1cc(NC(=O)Nc2ccc(-c3cc(N)on3)cc2)no1,True,True,True,True
Cc1snc2sc(C(=O)c3ccc(Cl)cc3)c(N)c12,False,False,False,False
CC1(c2ccc(Cl)cc2)NC(=O)CS1,False,False,False,False
CN1C(=O)[C@H]2[C@@H](c3ccc(Cl)cc3)N(C)O[C@H]2C1=O,False,False,False,False
Cc1ccc(-c2ccc3nc(N)sc3c2)cn1,False,False,False,False
O=[N+]([O-])c1cccnc1Sc1ccc(Br)cc1,False,False,False,False
CCC1(O)C(=O)Cc2c1cc1n(c2=O)Cc2cc3cc(Cl)ccc3nc2-1,True,True,True,True
CCCNC(=O)c1nnsc1Sc1ccc(Cl)cc1,False,False,False,False
Cc1nnc2ccc(-c3ccc(Cl)cc3)nn12,False,False,False,False
O=c1nc(-c2c(F)cccc2F)on1-c1ccc(Cl)cc1,True,True,True,True
O=C(N/N=C/c1ccc(-c2ccc(Cl)cc2)o1)c1ccncc1,False,False,False,False
Nc1ccc(S(=O)(=O)c2ccc(NC=O)cc2)cc1,False,False,False,False
Cc1ccc(-n2ncc(-c3nn[nH]n3)c2N)cc1,False,False,False,False
COC(=O)c1nc(N)nc(O)c1-c1ccc(Cl)cc1,False,False,False,False
NC(=S)c1cncc(-c2ccc(O)cc2)c1,True,True,True,True
NS(=O)(=O)c1ccc(-c2[nH]c3ccccc3c2-c2ccc(Cl)cc2)cc1,False,False,False,False
NC(=O)C(Sc1nncs1)c1ccc(Br)cc1,True,True,True,True
COCc1cc(-c2ccc(Cl)cc2)no1,False,False,False,False
N#Cc1c(N)[nH]c(C(=O)c2ccccc2)c1-c1ccc(Cl)cc1,False,False,False,False
N#C/C(=C\c1ccc(-c2ccc(C(=O)O)cc2)o1)c1n[nH]c(N)c1C#N,False,False,False,False
NC(=S)Nc1ccc(S(=O)(=O)Nc2ccc(S(N)(=O)=O)cc2)cc1,False,False,False,False
N=C(N)NC(=O)c1ccc(-c2ccc([N+](=O)[O-])cc2)o1,True,True,True,True
COC(=O)C(C)n1cnc2c(cnn2-c2ccc(Cl)cc2)c1=O,False,False,False,False
O=c1cc(O)sc(-c2ccc(Cl)cc2)n1,False,False,False,False
Nc1ccc(/C=C/c2cc(Br)c(N)c(Br)c2)cc1,False,False,False,False
NS(=O)(=O)c1ccc(-n2c(-c3ccc(Cl)cc3)n[nH]c2=S)cc1,False,False,False,False
CN(C)c1ncnc2scc(-c3ccc(Cl)cc3)c12,False,False,False,False
CC(=O)c1ccc(C(=O)Nc2nnc(-c3ccc(Cl)cc3)o2)cc1,False,False,False,False
O=C(CNC(=O)c1ccc(Cl)cc1)c1ccc(Br)cc1,False,False,False,False
Cc1ccc(-c2c(-c3ccc(S(C)(=O)=O)cc3)nn3c(C)c(C)cnc23)cc1,True,True,True,True
CS(=O)(=O)c1ccc(-c2nn3c4c(cnc3c2-c2ccc(F)cc2)CSC4)cc1,True,True,True,True
CS(=O)(=O)c1ccc(-c2cc(F)c(F)cc2-c2ccc(F)cc2)cc1,False,False,False,False
Nc1nc(N)c2cc(S(=O)(=O)c3ccc(Br)cc3)ccc2n1,False,False,False,False
Fc1ccc(Nc2cc(Nc3ccc(Cl)cc3)ncn2)cc1,False,False,False,False
CS(=O)(=O)c1ccc(-c2cc(C(F)F)nn2-c2ccc(S(N)(=O)=O)cc2)cc1,False,False,False,False
NS(=O)(=O)c1ccc(C(=O)NNC(=O)Nc2ccc([N+](=O)[O-])cc2)cc1,False,False,False,False
O=C1N/C(=N\c2ccc(Cl)cc2)S/C1=C\c1ccc(Cl)cc1,False,False,False,False
O=[N+]([O-])c1ccc(/C=N\NS(=O)(=O)c2ccc(F)cc2)o1,False,False,False,False
Cc1cc2c(cc1Cl)SC(C(=O)c1ccc(Cl)cc1)=NS2(=O)=O,False,False,False,False
Nc1nc(Nc2ccc(F)cc2)nc(Oc2ccc(F)cc2)n1,False,False,False,False
O=C(CNS(=O)(=O)c1ccc(-c2ccc(F)cc2)cc1)NO,False,False,False,False
N#Cc1ccc2[nH]c(-c3cnc(N)nc3)c(-c3ccc(F)c(Cl)c3)c2n1,False,False,False,False
Cc1ccc(N2CC(c3ccc(S(C)(=O)=O)cc3)=C(c3ccc(F)cc3)C2=O)cc1,True,True,True,True
N[C@H](C(=O)O)[C@@H](CC(=O)O)c1ccc(Cl)cc1,True,True,True,True
COc1ccc(-c2cc(-c3ccc(S(C)(=O)=O)cc3)cnc2O)cn1,False,False,False,False
CS(=O)(=O)c1ccc(-c2[nH]ccc2-c2ccc(F)cc2)cc1,False,False,False,False
Fc1ccc(C2=NNC(c3ccc(Cl)cc3)C2)cc1,False,False,False,False
CS(=O)(=O)c1ccc(-c2cnc3ccc(-c4cncc(S(C)(=O)=O)c4)nn23)cc1,False,False,False,False
Nc1ccc(C(=O)c2sc(Nc3ccc(S(N)(=O)=O)cc3)nc2N)cc1,False,False,False,False
Nc1nccc(-c2c(-c3ccc(F)cc3)nn3ccccc23)n1,False,False,False,False
NC1=N[C@H](c2ccc(Cl)cc2)N(c2ccc(S(=O)(=O)Nc3ncccn3)cc2)C(N)=N1,False,False,False,False
CC1=Nc2c(N)nc(N)nc2NC1(C)C,False,False,False,False
Nc1nc(N)c2nc(-c3ccc(OS(=O)(=O)O)cc3)c(N)nc2n1,False,False,False,False
CC(C(=O)c1ccc(Cl)cc1)n1ccccc1=O,True,True,True,True
Cc1ncc2cc(-c3ccc(Cl)cc3)c(N)nc2n1,False,False,False,False
O=C(Nc1ccc(-n2cc(Cl)cn2)cc1)c1ccncc1,False,False,False,False
O=C(NNS(=O)(=O)c1ccc(Cl)cc1)c1sccc1-n1cccc1,False,False,False,False
COc1ccc(N(C(=O)c2ccc(Cl)cc2)S(=O)(=O)c2ccc(C)cc2)cc1,False,False,False,False
CS(=O)(=O)c1ccc(-n2cc(-c3ccncc3)cn2)cc1,False,False,False,False
CCC1(C)OC(c2ccc(S(C)(=O)=O)cc2)=C(c2ccc(C)s2)C1=O,False,False,False,False
Nc1nnc(-c2ccccc2SCc2ccc(Cl)cc2)o1,False,False,False,False
CS(=O)(=O)c1ccc(-c2cc(-c3ccccc3)oc(=O)c2-c2cccnc2)cc1,True,True,True,True
CC1=CC(C)(C)N(S(=O)(=O)c2ccc(C)cc2)c2ccc(C)cc21,True,True,True,True
O=C1/C(=C/c2ccc(Cl)cc2)Cc2ccc(O)cc21,False,False,False,False
NC(=S)N/N=C(\c1ccc(Cl)cc1)c1ccc(Br)cc1,False,False,False,False
O=c1c(-c2ccc(F)cc2)c(C(F)(F)F)oc2cc(O)ccc12,False,False,False,False
CS(=O)(=O)c1ccc(C(=O)Nc2ccc(F)cc2)c[n+]1[O-],False,False,False,False
O=c1[nH]/c(=C\c2ccc(Cl)cc2)c(=O)[nH]/c1=C\c1ccc(Cl)cc1,True,True,True,True
CS(=O)(=O)c1ccc(-c2cnc3ccc(-c4cccc(C(N)=O)c4)nn23)cc1,False,False,False,False
O=C1/C(=C/c2ccc(Cl)cc2)Cc2cc(O)ccc21,False,False,False,False
CC(=O)c1cc2c(cc1N/C(=N/S(=O)(=O)c1ccc(Cl)cc1)c1ccc(F)cc1)OCO2,False,False,False,False
Cc1ccc(C2=C(c3ccc(F)cc3)C(=O)OC2)cc1,False,False,False,False
Cc1cc2c(c(Sc3cccc(NS(=O)(=O)c4ccc(Cl)cc4)c3)n1)C(=O)N(C(C)C)C2=O,False,False,False,False
N=C(NN)c1ccc2cc(/C=C/c3ccc(Cl)cc3)ccc2c1,False,False,False,False
CS(=O)(=O)c1ccc(C2=C(c3ccc(F)c(Cl)c3)C(=O)CC2)cc1,False,False,False,False
Cc1ccc([S+]([O-])c2ccc(C)cc2)cc1,False,False,False,False
CS(=O)(=O)c1ccc(/C(=C/c2ccc(F)cc2)c2ccccc2)cc1,False,False,False,False
Cc1ccc(-n2nc(-c3ccc(N)cc3)cc2N)cc1,False,False,False,False
Nc1ccc(C#Cc2ccc(O)cc2)cc1,False,False,False,False
COc1ccc(NC(=O)c2ccc(Cl)cc2)cc1,False,False,False,False
O=C(CSc1ccc(Cl)cc1)NNC(=O)c1cccs1,False,False,False,False
CS(=O)(=O)Nc1ccc(SSc2ccc(NS(C)(=O)=O)cc2)cc1,False,False,False,False
COc1ccc(-n2cc(-c3ccc(C(N)=O)cc3)c(N)n2)cc1,False,False,False,False
Cc1ccc(OC(C)C(=O)Nc2ccncc2)cc1,False,False,False,False
NS(=O)(=O)c1ccc(Nc2ncccc2[N+](=O)[O-])cc1,False,False,False,False
CC(C)[C@H](C(=O)Nc1cccc(F)n1)c1ccc(Cl)cc1,False,False,False,False
Cc1ccc(/C=C2\NC(=O)NC2=O)cc1,False,False,False,False
O=C1Nc2ccc(Nc3ccco3)cc2C1=Cc1ccc(O)cc1,False,False,False,False
Cc1ccc(C(NC(N)=O)c2ccccc2C)cc1,False,False,False,False
Cc1ccc(S(=O)(=O)NC(=O)c2ccncc2)cc1,False,False,False,False
CC(C)c1ccc(NC(=O)NC(C)c2ccc3c(c2)OCO3)cc1,False,False,False,False
Cc1ccc(-c2cc(NC(=O)c3cnn4cccnc34)n(-c3ccc(C)cc3)n2)cc1,False,False,False,False
O=[N+]([O-])c1cnccc1Nc1ccccc1,False,False,False,False
Cc1onc(-c2ccccc2F)c1C(=O)N(C)c1ccc(Cl)cc1,False,False,False,False
NS(=O)(=O)c1ccc(-n2cccc2C=O)cc1,False,False,False,False
COc1ccc(Nc2ccccc2N)cc1,False,False,False,False
Nc1nc(NC(=O)c2ccccc2F)c([N+](=O)[O-])c(-c2ccco2)n1,False,False,False,False
Cc1cc([N+](=O)[O-])ccc1-c1ccc(C2Nc3ccccc3C(=O)N2O)o1,False,False,False,False
Cc1c(C(F)(F)F)noc1OCC(=O)N(C)c1ccc([N+](=O)[O-])cc1,False,False,False,False
Cc1c(Cl)ccc2c1NC(=O)C2(O)C1Cc2ccccc2C1=O,False,False,False,False
CN(C)c1ccc(C(=O)NC2N=C(c3ccccc3F)c3ccccc3NC2=O)cc1,False,False,False,False
O=C1Nc2ccccc2C(c2ccccc2F)=N[C@H]1Cc1c[nH]c2ccccc12,False,False,False,False
O=C1c2ccccc2C(=O)N1CCOC(=S)N(C(=O)c1ccc(F)c(F)c1)c1ccc(Cl)cc1,False,False,False,False
CC1=C(C(=O)Nc2ccccc2F)C(c2cccc([N+](=O)[O-])c2)NC(=O)N1,False,False,False,False
O=C(NC1N=C(c2ccccc2F)c2ccccc2NC1=O)c1ccc(Cl)cc1,False,False,False,False
O=C1Nc2ccccc2/C1=C\c1c(-c2ccccn2)nc2sccn12,False,False,False,False
CCC1NC(=O)c2ccccc2N1c1cccc(Cl)c1,False,False,False,False
O=C(N/N=C/c1ccc(Cl)cc1)c1ccc(-c2ccccc2F)o1,False,False,False,False
O=C(O)C1Cc2cc3c(-c4ccccc4F)noc3c(Cl)c2O1,False,False,False,False
O=C1Nc2ccc(Br)cc2/C1=C/c1c[nH]nc1-c1ccccc1,False,False,False,False
CC(C(=O)NN)N1C(=O)c2ccccc2NC1c1ccco1,False,False,False,False
O=C1Nc2ccccc2/C1=C\c1cc[n+](Cc2cccc(Cl)c2)cc1,False,False,False,False
O=C(/C=c1/[nH]c(=O)/c(=C/c2ccc(-c3ccccc3F)s2)s1)c1ccncc1,False,False,False,False
Cc1nc(C(=O)NCC(=O)c2ccc(Cl)cc2)c(C(F)(F)F)o1,False,False,False,False
O=C1Nc2ccc(Br)cc2/C1=C1/Cc2ccccc2C1=O,False,False,False,False
O=C1NC(=O)/C(=C/c2ccc(O)cc2)S1,False,False,False,False
Cc1ccc2c(c1)Oc1ccc([N+](=O)[O-])cc1C(=O)N2,False,False,False,False
CN(C)CCN1C(=O)/C(=C2\Nc3ccccc3C2=O)c2ccccc21,False,False,False,False
Oc1ccc(Br)cc1-c1cc(-c2ccccc2Cl)[nH]n1,False,False,False,False
O=C1Nc2cc(Cl)ccc2C(=O)C1C(=O)c1ccccc1,True,True,True,True
Cc1ccccc1-c1nc2c(=O)n(C)c(=O)n(C)c2[nH]1,False,False,False,False
O=C1NC(c2ccc(Br)cc2)Nc2ccccc21,False,False,False,False
COc1cc(/C=C2\C(=O)Nc3ccc(Br)cc32)cc(Cl)c1O,False,False,False,False
O=C(NC(=O)c1ccc(Cl)cc1)Nc1ccc2c(c1)NC(=O)/C2=C\c1ccc[nH]1,True,True,True,True
O=C1Nc2ccccc2N/C1=C\C(=O)c1ccco1,True,True,True,True
O=C1NC(=O)/C(=C/c2ccccc2OCN2C(=O)c3ccccc3C2=O)S1,False,False,False,False
Cc1cn2c(/C=C3/C(=O)Nc4ccccc43)c(C)nc2s1,False,False,False,False
COc1cc(/C=C2\Oc3ccccc3C2=O)ccc1O,False,False,False,False
CCN(CC)CCNC(=O)c1c(C)[nH]c(/C=C2\C(=O)Nc3ccc(I)cc32)c1C,False,False,False,False
O=C(N/N=C/c1cccs1)c1cccc(NC(=O)c2ccc(Cl)cc2)c1,False,False,False,False
Cc1ccccc1C1N=C2Oc3ccccc3C=C2C(=O)N1,False,False,False,False
O=C1NCc2c1c1c3ccc(O)cc3[nH]c1c1[nH]c3ccccc3c21,False,False,False,False
O=C1OC(c2ccc(F)c(F)c2)=N/C1=C\c1cccnc1,False,False,False,False
O=c1c2c[nH]c3ccccc3c-2nn1-c1ccc(Cl)cc1,False,False,False,False
O=C1NC(=O)c2c1c1c3ccccc3ncc1c1[nH]c3cc(Cl)ccc3c21,True,True,True,True
O=C1Nc2ccc(C(=O)c3ccco3)cc2/C1=C/c1cccc(O)c1,False,False,False,False
O=C1/C(=C/c2ccc(Cl)cc2Cl)Cc2ccccc21,True,True,True,True
O=C1NC(=O)/C(=C/c2c[nH]c3ccc(Br)cc23)N1,False,False,False,False
O=C(N/N=C/c1cccc(F)c1)c1ccc(Cl)cc1,True,True,True,True
CN1c2ccccc2C(=O)NC1c1ccc(Cl)cc1,False,False,False,False
COc1ccc2c(c1)NC(=O)/C2=C/C(=O)OC(C)(C)C,False,False,False,False
COc1cc(C(=O)NC(=O)Nc2cccc(NC(=O)c3ccc(Cl)cc3)c2)cc(OC)c1OC,False,False,False,False
O=C1Nc2ccc(Cl)cc2[C@@](C#CC2CC2)(C(F)(F)F)N1,False,False,False,False
O=C(Nc1ccc2c(c1)C(=O)NC2=O)c1cc(Cl)ccc1Cl,False,False,False,False
O=C1NC(=O)C(c2ccc(Cl)cc2)=C1Nc1ccc(Cl)c(C(=O)O)c1,False,False,False,False
Cc1[nH]nc2c1N=C(c1ccccc1Cl)c1ccccc1N2,False,False,False,False
ON=C1c2ccccc2-c2ccc(O)cc21,False,False,False,False
Cc1c[nH]c(/C=C2/C(=O)Nc3ccccc32)c1CCC(O)O,False,False,False,False
O=[N+]([O-])c1ccc(Sc2cccs2)c(Cl)c1,False,False,False,False
Nc1n[nH]c2cccc(-c3ccc(NC(=O)C4(C(=O)Nc5ccc(Cl)cc5)CC4)cc3F)c12,False,False,False,False
O=C1NC(=O)C(C(=O)NNC(=O)Nc2ccc(Cl)c(Cl)c2)C(=O)N1,False,False,False,False
Cn1ccnc1S/C(=C/C=C(C#N)C#N)c1ccc(Cl)cc1,False,False,False,False
O=C(NNC(=O)c1ccc2[nH]c(-c3ccc([N+](=O)[O-])s3)nc2c1)c1ccc(Cl)cc1,False,False,False,False
CSC1=NC(/C=C/c2ccc(Cl)cc2Cl)=CC(C)(C)N1,False,False,False,False
NC(N)=NC(=O)c1ccc2c(c1)C(O)c1cc(Cl)ccc1-2,False,False,False,False
Nc1cccc(CC2SC(=O)NC2=O)c1,False,False,False,False
CN(Cc1cnc[nH]1)c1ccc(Cl)cc1,False,False,False,False
O=C1/C(=C/c2cccc(Cl)c2)NS(=O)(=O)c2ccccc21,False,False,False,False
O=C1Nc2ccc(Cl)cc2[C@]12CC(c1ccccc1)=NN2,False,False,False,False
NC(=O)c1c(F)c(F)c2[nH]c3ccc(Cl)cc3c(=O)c2c1F,False,False,False,False
O=C1CSc2cc([N+](=O)[O-])ccc2N1,False,False,False,False
O=c1[nH]c(Cl)c(-c2cccnc2)c(=O)[nH]1,False,False,False,False
CC(c1ccsc1)n1[nH]c(=O)c2[nH]c3cc(Cl)ccc3c(=O)c2c1=O,False,False,False,False
O=Cc1c(Nc2ccccc2)oc2ccc(Cl)cc2c1=O,False,False,False,False
CC1(c2ccc(Cl)cc2)ON=C(c2cccc(Cl)c2)O1,False,False,False,False
Nc1cccc(/C=C2\SC(=O)N(Cc3ccc(Cl)cc3)C2=O)c1,False,False,False,False
O=C1Nc2ccc(Br)cc2/C1=C\C(=O)c1ccc(F)cc1,False,False,False,False
CC(C)(C)[C@H](N)Cc1cc(F)c(F)cc1F,False,False,False,False
O=S1(=O)NC(C(F)(F)F)Nc2ccc(Cl)cc21,False,False,False,False
O=[N+]([O-])c1ccc2[nH]c(/C=C/c3ccc(Cl)cc3)nc2c1,False,False,False,False
O=C1Cc2c(c3c4ccccc4oc3c3[nH]c4ccccc4c23)N1,False,False,False,False
Nc1[nH]c2cc(Cl)ccc2c(=O)c1-c1ccccc1,False,False,False,False
CSC1=N/C(=C\c2ccc3c(c2)OCO3)C(=O)S1,False,False,False,False
O=C1Nc2ccc(Cl)cc2[C@@]12C[C@@H]2c1ccc(F)cc1,False,False,False,False
NC(=O)COC(=O)c1oc2ccccc2c1CSc1ccc(Cl)cc1,False,False,False,False
CC1=C(O)C(=O)C2C(=O)C1C(C)C2c1ccc(Cl)cc1,False,False,False,False
CC(=O)Nc1ccc2c(c1)S(=O)(=O)c1ccc(C)cc1C2=O,False,False,False,False
Cc1cc(O)c(C(C[N+](=O)[O-])c2ccc(Cl)cc2)c(=O)o1,False,False,False,False
CN1C(=O)c2cccnc2Oc2cc([N+](=O)[O-])ccc21,False,False,False,False
COc1ccc(/C=C2\Oc3c(cc(OC)c(OC)c3OC)C2=O)cc1N,False,False,False,False
Nc1cccc(-c2cc3cc(N)ccc3o2)c1,False,False,False,False
O=c1c(O)c(O)oc2cc3c(cc12)OCO3,False,False,False,False
CC(C)[C@H](NC(=O)[C@@H](NC(=O)CS)C(C)C)C(N)=O,True,True,True,True
O=Cc1c(-c2ccc(O)cc2O)oc2cc(O)ccc12,False,False,False,False
CC(=O)Nc1ccc(/C(C)=N/NC(N)=S)cc1,False,False,False,False
CC1(C)Oc2ccc(Cl)cc2C12CC2,False,False,False,False
Cc1cc2oc3c(ccc(=O)n3C)c(=O)c2c(C)c1Cl,False,False,False,False
CC(C)(C)c1ccc(C(=O)NC(=S)Nc2ccc(C(=O)O)cc2)cc1,False,False,False,False
CC(C)(C)C(NC(=O)c1ccccc1)C(=O)c1ccc(Cl)cc1,True,True,True,True
Cc1ccc(C)c(NC(=O)C(C)N)c1C,True,True,True,True
Cc1cc(C(=O)ON=C(N)c2ccc(C(C)(C)C)cc2)no1,False,False,False,False
Cc1ccc(C)c(NC(=O)c2ccccc2N)c1,False,False,False,False
CC(C)(C)c1cc(C(=O)c2ccco2)cc2c1OCC2(C)C,False,False,False,False
O=S(=O)(N/C(=N\O)Nc1ccc(Cl)cc1)c1cc2ccccc2o1,False,False,False,False
CC12CCC(C(=O)N(c3ccc(Cl)cc3)C1=O)C2(C)C,False,False,False,False
CCOC(=O)C(c1c(O)c2ccccc2oc1=O)c1c(O)c2ccccc2oc1=O,True,True,True,True
CC(=O)Nc1cc(NC(=O)Nc2ccc(Cl)nc2)ccc1C,False,False,False,False
O=CNc1ccc2c(c1)Cc1cc([N+](=O)[O-])ccc1-2,False,False,False,False
Nc1nc2ccccc2c2ccc([N+](=O)[O-])cc12,False,False,False,False
C=C[C@]1(C)O[C@@]2(C)CC[C@@H]3C(C)(C)C(=O)CC[C@@]3(C)[C@@H]2CC1=O,False,False,False,False
Cc1ccc(NC(=O)Nc2csc(C(C)(C)C)c2)cc1,False,False,False,False
COC(=O)[C@@H](C)c1ccc(C)c2ccc(C)c-2c1,True,True,True,True
CC(C)(C)/N=C(\S)C1c2cc(C#N)ccc2OC(C)(C)C1O,False,False,False,False
CCCNC(=O)c1coc2ccccc2c1=O,False,False,False,False
CC(=O)c1ccc(NC(=O)C(C)NCc2ccc(Cl)cc2)cc1,False,False,False,False
Cc1ccc(NC(=O)c2ccc(N)cc2)cc1,False,False,False,False
O=c1oc2ccc(CBr)cc2c2ccc([N+](=O)[O-])cc12,False,False,False,False
Cc1cccnc1NC(=S)NC(=O)c1oc2ccccc2c1C,False,False,False,False
Cc1ccc2c(c1)[S+]([O-])c1ccccc1O2,False,False,False,False
Cc1ccc(C(=O)NC(NC(=O)c2ccc(C)cc2)C(Cl)Cl)cc1,False,False,False,False
COc1cc2oc3ccc(C#Cc4ccc(N)cc4)cc3c(=O)c2cc1OC,False,True,True,True
C/C(=C\c1cc2cc(C(=N)N)ccc2o1)c1ccc(C(=N)N)cc1,True,True,True,True
O=C(c1ccc(Cl)cc1)c1cc2c(ccc3ccccc32)oc1=O,False,False,False,False
Cc1ccc(C(=O)c2c3ccccc3[n+]([O-])n2[C@@H](C)C(N)=O)cc1,False,False,False,False
Cc1ccc(S(=O)(=O)c2ccc(N)cc2)c(C)c1,False,False,False,False
Cc1cccc(-c2cc(=O)c3cc(C)ccc3o2)c1,False,False,False,False
CC(NC(=O)c1ccc(=O)oc1)c1ccccc1,False,False,False,False
C[C@@H](/N=C(\S)NCc1ccc(C(C)(C)C)cc1)c1ccc(N)cc1,False,False,False,False
CC(C)=C1Oc2c(ccc3c2COC(C)(O)C3)C1=O,False,False,False,False
N#Cc1c(-c2ccccc2)oc(=O)c2ccccc12,False,False,False,False
O=c1[nH]c2ccccc2c(-c2ccccc2)c1-c1ccccc1,False,False,False,False
N#Cc1c(-c2ccccc2)cc(-c2ccccc2)nc1O,False,False,False,False
O=c1c2ccccc2nc(/C=C/c2ccc([N+](=O)[O-])cc2)n1-c1ccccc1O,False,False,False,False
C[n+]1ccc2c([nH]c3ccccc32)c1C(=O)c1ccccc1Br,False,False,False,False
O=C1c2ccccc2C(=O)N1CCCN1C(=O)c2ccccc2C1=O,False,False,False,False
Cn1c2ccccc2c2c3c(=O)[nH][nH]c(=O)c3c3c4ccccc4n(C)c3c21,True,True,True,True
O=c1c2ccccc2nc2oc3ccccc3n12,True,True,True,True
CN1C(=O)/C(=N\c2ccc(S(N)(=O)=O)cc2)c2ccccc21,False,False,False,False
O=C1NC(S(=O)(=O)O)=NNC12c1ccccc1-c1ccccc12,False,False,False,False
CC(C)n1cc(C2=C(c3c[nH]c4ccccc34)C(=O)N(O)C2=O)c2ccccc21,False,False,False,False
CNc1c(NS(=O)(=O)c2ccc(OC)c(Cl)c2)c(=O)oc2ccccc12,False,False,False,False
Cc1c(C2=C(Br)C(=O)N(C)C2=O)c(=O)n(C)c(=O)n1C,False,False,False,False
COc1c(C)cc(N2C(=O)/C(=C\N(C)C)c3ccccc32)cc1Cl,False,False,False,False
O=C1CCc2c1c1cccc(F)c1n1c(=O)c3ccccc3n21,True,True,True,True
O=c1nc2n(-c3ccccc3Cl)c3cccc(Cl)c3cc-2c(=O)[nH]1,False,False,False,False
Cc1ccccc1OCCN1C(=O)c2ccccc2C1=O,False,False,False,False
Cn1cc(C(=O)O)c(=O)c2ccccc21,False,False,False,False
O=c1cc(-c2ccccc2)oc2cc(O)c([N+](=O)[O-])cc12,False,False,False,False
CCOC(=O)CN1C(=O)COc2cc(F)c(N3C(=O)c4ccccc4C3=O)cc21,True,True,True,True
COc1cc2c(C)c(C)c(=O)oc2c(C=O)c1O,False,False,False,False
CC1=C(C)C[S+]([O-])N(S(=O)(=O)c2ccc(Cl)cc2)C1,True,True,True,True
Cc1cc([N+](=O)[O-])ccc1NS(=O)(=O)c1ccc([N+](=O)[O-])cc1,False,False,False,False
Cc1ccc(Cl)cc1N1CCN(S(=O)(=O)c2ccc3c(c2)oc(=O)n3C)CC1,False,False,False,False
O=c1c2ccc3ccccc3c2oc(=S)n1-c1ccccc1[N+](=O)[O-],False,False,False,False
COc1ccc(C2c3c(oc4ccccc4c3=O)C(=O)N2c2ccccn2)cc1,False,False,False,False
COc1nc(Cl)cn(-c2ccc(Cl)cc2)c1=O,True,True,True,True
COc1ccccc1-n1c(=O)oc2ccc(Cl)cc2c1=O,False,False,False,False
O=C1C=C(O)CC(c2ccc(Cl)cc2)C1,False,False,False,False
Cc1ccc(S(=O)(=O)Nc2ccc(Cl)cc2O)cc1,False,False,False,False
Cc1cc2c(C#Cc3ccc(Cl)cc3)nc(C)cn2c1,False,False,False,False
Cn1c(=O)c(=O)n(C)c2cc(N3CCCC3)c(NS(=O)(=O)c3ccc(Cl)cc3)cc21,False,False,False,False
Cc1c(/N=C/c2ccccc2[N+](=O)[O-])c(=O)n(-c2ccccc2)n1C,False,False,False,False
O=c1c(Nc2cccc3c2CCCC3)c(-c2ccc(Cl)cc2)c1=O,True,True,True,True
O=C1c2ccccc2C(=O)N1C/C=N/NS(=O)(=O)c1ccc(Cl)cc1,False,False,False,False
O=[N+]([O-])c1ccc(NS(=O)(=O)c2ccc(Cl)c(Cl)c2)c(Cl)c1,False,False,False,False
O=C1/C(=C/c2ccc(=O)n(O)c2)Oc2cc(O)ccc21,False,False,False,False
Cn1cc(C2(c3cnn(C)c3)N[C@@H](c3nc(-c4ccc(F)cc4)c[nH]3)Cc3c2[nH]c2ccccc32)cn1,False,False,False,False
CO/N=C/c1ccc(-c2ccc(Cl)cc2)o1,False,False,False,False
CC1(c2ccc(Cl)cc2)c2ccccc2C2=NCCCN21,True,True,True,True
O=[N+]([O-])c1ccc(Cl)c(S(=O)(=O)n2cccc2)c1,False,False,False,False
CC1(Cc2ccc(S(C)(=O)=O)cc2)C(=O)Nc2ccc(Cl)cc21,False,False,False,False
O=[N+]([O-])c1cc(Cl)ccc1S(=O)(=O)c1ccccc1,False,False,False,False
O=c1c(-c2ccco2)nnc2n1CCN2c1ccc(Cl)cc1,True,True,True,True
O=c1oc2ccc(F)cc2cc1-c1ccc([N+](=O)[O-])cc1,False,False,False,False
Clc1ccc(C2=Cc3ccccc3C3=NCCN23)cc1,True,True,True,True
O=c1c2ccccc2nc2c3c(-c4ccc(Cl)cc4)csc3ncn12,False,False,False,False
O=[N+]([O-])c1ccc(/C=C/c2ccncc2)cc1,False,False,False,False
Cc1ccoc1C(=O)Nc1ccc(N2C(=O)c3cccc(Cl)c3C2=O)cc1,False,False,False,False
CN(C)CCNc1ccc([N+](=O)[O-])c2oc3ccccc3c(=O)c12,False,False,False,False
O=C1COc2ccccc2N1Cc1ccc(Cl)cc1,False,False,False,False
N#Cc1ccc2c(c1)Cc1cc([N+](=O)[O-])ccc1-2,False,False,False,False
O=C1CCCN1c1ccc(S(=O)(=O)Oc2ccc(Cl)cc2)cc1,False,False,False,False
COc1c(-c2cccc(O)c2)oc2cc(Cl)ccc2c1=O,False,False,False,False
Cc1nc2ccc(Cl)cc2c(=O)n1-c1ccc([N+](=O)[O-])cc1,False,False,False,False
COc1ccc(/C=C2/CCOc3ccc(Cl)cc3C2=O)cc1,False,False,False,False
O=C1c2ccccc2C(Nc2ccc(Cl)cn2)N1c1ccccn1,False,False,False,False
NC(=O)c1ccc(-c2ccccc2Cl)o1,False,False,False,False
O=[N+]([O-])c1ccc2oc(C(O)c3cccc(Cl)c3)cc2c1,False,False,False,False
O=C(O)c1cc(=O)c2c(o1)-c1cc(Cl)ccc1SC2,False,False,False,False
Nc1ccc(S(=O)(=O)N/N=C/c2ccccc2[N+](=O)[O-])cc1,False,False,False,False
Nc1ccnc2c(Cl)c(Cl)c3ncccc3c12,True,True,True,True
O=C1COc2ccc(S(=O)(=O)Nc3cccc(Cl)c3)cc2N1,False,False,False,False
O=C(N/N=C/c1coc2ccc(Cl)cc2c1=O)c1ccc(O)cc1,False,False,False,False
CC1(C)CC12NC(=O)N(N1C(=O)c3ccccc3C1=O)C2=O,False,False,False,False
CNS(=O)(=O)c1ccc2c(c1)/C(=C/c1[nH]cc3c1CCOC3=O)C(=O)N2,False,False,False,False
NS(=O)(=O)c1ccc(NC(=O)c2ccc(S(N)(=O)=O)cc2)cc1,False,False,False,False
Clc1ccc(-c2nnc(-c3ccncc3)o2)c(Cl)c1,False,False,False,False
Cc1ccc(S(=O)(=O)NNC(=O)Nc2ccc([N+](=O)[O-])cc2)c(C)c1,False,False,False,False
O=C1NC(=O)C(/C=N\Nc2ccc([N+](=O)[O-])cc2)C(=O)N1,False,False,False,False
Cn1c2c([N+](=O)[O-])cccc2c(=O)c2c(O)cc3c(c21)C=CC(C)(C)O3,False,False,False,False
O=C1CN(S(=O)(=O)c2cc(Cl)cc(Cl)c2)c2cc(Cl)ccc2N1,False,False,False,False
CCC1CN(c2ccc(S(C)(=O)=O)cc2)C(=O)O1,False,False,False,False
O=P(O)(O)C(O)(Cc1ccc(Cl)cc1)P(=O)(O)O,True,True,True,True
N#Cc1ccc(Cc2coc3ccccc3c2=O)cc1,False,False,False,False
C=C(Cl)CNS(=O)(=O)c1ccc(N)cc1,False,False,False,False
COc1ccc2oc(=O)c(C(=O)Nc3ccc(Cl)cc3)cc2c1,False,False,False,False
NC(=O)c1nn(-c2ccc(S(N)(=O)=O)cc2)c2c1CCc1ccc(NC(=O)c3ccc(Cl)cc3)cc1-2,False,False,False,False
Cn1cccc1C(=O)Nc1ccc(N2C(=O)c3ccccc3C2=O)c(Cl)c1,False,False,False,False
Cc1ccn2c(C(=O)NNC(=O)Nc3ccc(Cl)cc3)c(C)nc2c1,False,False,False,False
C/C(NN1CCCCCC1)=C1/C(=O)NC(=O)N(c2ccc(Cl)cc2)C1=O,False,False,False,False
Cc1cc(Cl)ccc1NC(=O)c1cccc(I)c1C(=O)NC(C)C,False,False,False,False
COc1cc(/C=C(/NC(=O)c2ccc(Cl)cc2)C(=O)NN)cc(OC)c1OC,False,False,False,False
O=C(Nc1nnc(C2=COCCO2)o1)c1ccc(Cl)cc1,False,False,False,False
Cc1cc2c(c(C)n1)c(=O)oc1ccccc12,False,False,False,False
COc1ccc(C(C)=O)c(OS(=O)(=O)c2ccc(Cl)cc2)c1,False,False,False,False
Cc1ccc(Cl)cc1NS(=O)(=O)c1cc2c(cc1Cl)CCC(=O)N2,False,False,False,False
Cc1nn(C)c(C(=O)NN=C(S)Nc2ccc(Cl)cc2)c1[N+](=O)[O-],False,False,False,False
O=C(NNS(=O)(=O)c1ccccc1)c1ccc([N+](=O)[O-])o1,False,False,False,False
Cc1c(C(=O)Nc2ccc(S(=O)(=O)Nc3ncccn3)cc2)oc2ccc(Cl)cc12,False,False,False,False
Cc1ccc(S(=O)(=O)N/N=C/c2coc3cc(O)ccc3c2=O)cc1,False,False,False,False
Cn1c([N+](=O)[O-])cnc1/C=C1\Oc2cc(O)cc(O)c2C1=O,False,False,False,False
COC(=O)[C@@H]1C[C@@H](OC(=O)c2ccc(Cl)cc2)CN1S(=O)(=O)c1ccc(C)cc1,False,False,False,False
Cc1cc(C)c(/C=C2\C(=O)Nc3ccc(O)cc32)[nH]1,False,False,False,False
CC(NC(=O)/C(=C/c1ccc2c(c1)OCO2)NC(=O)c1cccc([N+](=O)[O-])c1)C(=O)O,False,False,False,False
NS(=O)(=O)c1cc([N+](=O)[O-])c(N2CCCC2)c([N+](=O)[O-])c1,False,False,False,False
O=C(Nc1ccc(Cl)cc1)c1ccccc1,False,False,False,False
COc1ccc(C2N(c3cc(OC)c(OC)c(OC)c3)C(=S)C2(C)C)cc1,False,False,False,False
COc1cc(/C=N/c2ccc(OC)cc2OC)cc(OC)c1,False,False,False,False
COc1cc(OC)c([C@H](OC)[C@@H](C)O)cc1OC,False,False,False,False
COc1ccc(-c2nnc(S)o2)c(OC)c1,False,False,False,False
CCOc1oc(-c2ccc(OC)cc2)nc1C(F)(F)F,False,False,False,False
COc1ccc(/C=C2\Oc3c(cc(OC)c(OC)c3OC)C2=O)cc1,False,False,False,False
COc1ccc(-c2oc3cc(OC)cc(OC)c3c(=O)c2O)cc1,False,False,False,False
COc1ccc(-c2oc(=O)c3cc(OC)c(OC)cc3c2-c2ccc3c(c2)OCO3)cc1,False,False,False,False
COc1ccc2c(-c3cc(OC)c(OC)c(OC)c3)cccc2c1,False,False,False,False
COc1ccc(Cc2cc(OC)c(OC)c(OC)c2)cc1,False,False,False,False
COc1c(OC)c(O)c2oc(=O)ccc2c1OC,False,False,False,False
COc1cc([C@@H]2c3cc4c(c(OC)c3C[C@H]3COC(=O)[C@@H]32)OCO4)cc(OC)c1O,False,False,False,False
COc1cc(-c2csc3c2-n2cccc2C3=O)cc(OC)c1OC,False,False,False,False
COc1ccc(-c2cn3ccncc3n2)c(OC)c1,False,False,False,False
COc1cc(-c2noc(-c3nnn(-c4ccc(Cl)cc4)c3C)n2)cc(OC)c1OC,False,False,False,False
COc1cc(O)c2c(c1)O[C@H](c1c(OC)cc(OC)cc1OC)CC2=O,False,False,False,False
COc1cc(-c2coc3c4c(cc(O)c3c2=O)O[C@@](C)(CO)C=C4)c(OC)cc1O,False,False,False,False
COc1cc(-c2onc3ccc(Br)cc23)cc(OC)c1OC,False,False,False,False
COc1cc2c(=O)cc(-c3ccc(O)cc3)oc2c(OC)c1OC,False,False,False,False
COc1cc(C=O)c(-c2cc(OC)c(OC)cc2C=O)cc1OC,False,False,False,False
COc1cc(C(=O)c2c(NCCO)oc3c(O)c(OC)ccc23)cc(OC)c1OC,False,False,False,False
COc1c2c(cc3nc4occc4c(OC)c13)OCO2,False,False,False,False
COc1ccc(-c2cc(=O)c3c(O)cc(O)cc3o2)c(OC)c1OC,False,False,False,False
COc1c(OC)c(O)c2c(=O)c(OC)c(-c3ccc(O)cc3)oc2c1OC,False,False,False,False
COc1c(O)ccc(-c2coc3cc(O)ccc3c2=O)c1O,False,False,False,False
COc1ccc2c(c1)OC/C(=C\c1cc(OC)c(O)c(OC)c1)C2=O,False,False,False,False
COc1ccc(/C=C\c2cc(O)c(OC)c(OC)c2)cc1N,False,False,False,False
COc1ccc(/C=C2\COc3cc(OC)cc(OC)c3C2=O)cc1,False,False,False,False
COc1ccc(-c2c(C)oc3cc(OC)c(O)cc23)cc1O,False,False,False,False
COc1ccc2cc(C(O)c3cc(OC)c(OC)c(OC)c3)oc2c1,False,False,False,False
COc1cc(OC)c2c(=O)cc(C)oc2c1,False,False,False,False
COc1cc2cc3c4c(c(OC)c5c(c4c2cc1OC)OCO5)CCN3C,False,False,False,False
COc1ccc(-c2coc3c2c(C)cc2oc(=O)cc(C)c23)cc1,False,False,False,False
COc1ccc2c(c1)C(=O)C(c1ccc(C)c(C)c1)=[N+]2[O-],False,False,False,False
COc1ccc(-c2nc3cc(Cl)ccc3[nH]2)c(Cl)c1OC,True,True,True,True
COC(=O)c1cc(-c2c(C(=O)OC)cc(OC)c3c2OCO3)c2c(c1OC)OCO2,False,False,False,False
COc1cc(OC)cc([C@@H]2C3=C(COC3=O)Nc3cc(OC)ccc32)c1,False,False,False,False
COc1ccc(OC)c(N(C)S(=O)(=O)c2cc3c(cc2C)NC(=O)CO3)c1,False,False,False,False
COc1ccc(/C=C/[N+](=O)[O-])c(OC)c1,False,False,False,False
COc1cc(/C=C2\SC(=O)NC2=O)ccc1Oc1ccc([N+](=O)[O-])cc1C#N,False,False,False,False
COc1cc(O)c2c(c1)OC[C@]1(Cc3c1cc(OC)c(OC)c3OC)C2=O,False,True,True,True
Cc1cc(O)c2c3c(c(O)cc(O)c13)C(=O)C(O)=C2O,False,False,False,False
COc1cc(C2C(C#N)=C(N)Oc3c2ccc(N)c3N)cc(Br)c1O,False,False,False,False
COc1cc(OC)c2c(c1)O/C(=C\c1ccc(C)c(C)c1)C2=O,False,False,False,False
COc1cc2oc(-c3cccs3)cc(=O)c2c(OC)c1OC,False,False,False,False
COc1cc(/C=C/[N+](=O)[O-])c(/C=C/c2ccc(C)cc2)c(OC)c1OC,False,False,False,False
COc1c(O)cc([C@@H]2CC(=O)c3c(O)cc(O)c(CC=C(C)C)c3O2)cc1O,False,False,False,False
COc1cc(OC)cc(C2C3=C(COC3=O)Nc3cc(C)ccc32)c1,False,False,False,False
COc1ccc2c(OC)c3c(C)cc(=O)[nH]c3c(OC)c2c1OC,False,False,False,False
COc1ccc2c(c1)OC[C@@H](c1cc(O)c(OC)c(O)c1OC)C2,False,False,False,False
COC(=O)C1=C(OC)C(=O)OC1C1=C(Cl)c2ccc(C)c(C)c2OC1,False,False,False,False
COc1ccc2c(c1)C(=O)c1c-2c(S)nc2ccccc12,False,False,False,False
COc1ccc2c(c1)NC(=O)Cc1cnc(Nc3ccc(OC)c(O)c3)nc1-2,False,False,False,False
COc1cc(C)cc(-c2cc(OC)c(-n3c(=O)ccc4cc(S(=O)(=O)Nc5ccon5)ccc43)cc2F)c1,False,False,False,False
COc1ccc2c(c1)C(c1ccc(O)cc1)(c1ccc(O)cc1)C(=O)N2,False,False,False,False
COc1cc(O)c2c(c1)COC(=O)c1c(O)cc(C)cc1O2,False,False,False,False
O=C(Nc1cccc(Nc2cc3c(cc2Cl)C(=O)NC3=O)c1)c1cccc(Br)c1,False,False,False,False
COc1cc(OC)c(/C=C2/C(=O)Nc3ccc(Cl)cc32)c(OC)c1,False,False,False,False
COc1cccc2c1-c1ccc(NS(C)(=O)=O)cc1C(c1ccc(Cl)cc1)O2,False,False,False,False
COc1ccc(OC)c(-c2cc(=O)c3ccc4occc4c3o2)c1,False,False,False,False
O=C(NNC(=O)c1ccc2ccccc2c1)c1ccc(Cl)cc1,False,False,False,False
N#Cc1c(-c2ccc[nH]c2=O)c2cc(Cl)ccc2n1Cc1ccnc(N)c1,False,False,False,False
O=C1CC(c2cccc(NC(=O)Nc3ccc(Cl)cc3)c2)=Nc2cn[nH]c2N1,False,False,False,False
O=C1COc2ccc(C3(O)c4ccccc4C(=O)N3c3cccc(C(F)(F)F)c3)cc2N1,False,False,False,False
O=C1Nc2ccccc2C1=C(c1cc(F)cc(F)c1)c1nc2ccccc2[nH]1,False,False,False,False
COc1cc(/C=C2\C(=O)Nc3ccc(NC(C)=O)cc32)cc(OC)c1OC,False,False,False,False
Cc1cccc(N2C(=O)/C(=C\c3ccc(C(=O)O)cc3)c3ccccc3C2=O)c1,False,False,False,False
O=C1Nc2ccc(S(=O)(=O)Nc3ccc(Oc4ccccc4)cc3)c3cccc1c23,False,False,False,False
NC(=O)c1cccc2c1O/C(=C\c1cccc(Oc3ccccc3)c1)C2=O,True,True,True,True
COc1ccc(C2=C(c3c[nH]c4ccccc34)C(=O)NC2=O)cc1,False,False,False,False
COc1ccccc1NC(=O)c1oc2ccccc2c1NC(=O)c1cccc(OC)c1OC,True,True,True,True
COc1ccc(S(=O)(=O)Nc2ccccc2-c2ccco2)cc1,False,False,False,False
Clc1ccccc1-c1[nH]ccc2c3ccccc3nc1-2,False,False,False,False
COc1cc2oc3ccccc3c(=O)c2cc1CSc1ccccc1N,False,False,False,False
O=C1NC(=O)c2cc3c(-c4cccc(O)c4)c[nH]c3cc21,False,False,False,False
O=[N+]([O-])c1ccc(S(=O)(=O)NN=C(c2ccccc2)c2ccccc2)cc1,False,False,False,False
NC(=O)c1ccc(Nc2ccccc2-c2ccccc2)cc1,False,False,False,False
COc1ccc(C(=O)NNC(=O)c2occ(-c3ccccc3)c2-c2ccccc2)cc1,False,False,False,False
O=C1/C(=C/c2ccc(Br)cc2)Cc2c(O)cccc21,False,False,False,False
COC(=O)c1c(-c2ccc(OC)cc2)oc2ccccc2c1=O,False,False,False,False
O=C(O)c1cc([N+](=O)[O-])cc2c1-c1ccc([N+](=O)[O-])cc1/C2=N/O,True,True,True,True
CC(=O)OC1=C(c2ccccc2)C(=O)c2ccccc21,False,False,False,False
O=c1cc(-c2ccccc2)oc2c([N+](=O)[O-])c(O)c([N+](=O)[O-])c(O)c12,False,False,False,False
O=c1ccc2ccccc2c2ccccc12,False,False,False,False
O=C(Nc1ccc([N+](=O)[O-])cc1)c1cc(Br)ccc1O,False,False,False,False
CN(C)C=C1c2cccc(O)c2C(=O)c2c(O)cccc21,False,False,False,False
O=c1c(O)c(-c2ccc(O)cc2)oc2cc(O)cc(O)c12,False,False,False,False
CC(=O)Nc1ccc(NC(=O)c2ccccc2S(=O)(=O)c2ccc([N+](=O)[O-])cc2)cc1,False,False,False,False
O=C(Nc1cccnc1)c1cccc(N2C(=O)c3ccccc3C2=O)c1,True,True,True,True
O=C1OC(c2ccccc2)Sc2ccccc21,False,False,False,False
O=C(Nc1ccc(Cl)cc1[N+](=O)[O-])c1ccc2ccccc2c1O,False,False,False,False
O=C(O)c1ccc(N2C(=O)c3ccc(C(=O)Nc4ccccc4C(=O)O)cc3C2=O)cc1,False,False,False,False
COc1ccccc1NC(=O)c1ccc2c(c1)C(=O)N(c1ccccc1OC)C2=O,False,False,False,False
CN(C)c1ccc([N+](=O)[O-])c([N+](=O)[O-])c1,True,True,True,True
O=[N+]([O-])c1ccc(Nc2ccccc2-c2ccccc2)cc1O,False,False,False,False
COc1ccc2c(=O)c(OC)c(-c3ccccc3)oc2c1,False,False,False,False
COc1ccc2c(C)c([N+](=O)[O-])oc2c1,False,False,False,False
COc1ccc2nc(-c3cn4nc(OC)sc4n3)oc2c1,False,False,False,False
COc1ccc(-c2ccccc2)c(OC)c1,False,False,False,False
COc1ccc(-c2oc3cc(O)c(OC)cc3c(=O)c2OC)cc1O,False,False,False,False
COc1cc2oc(-c3ccc(C(F)(F)F)cc3)cc(=O)c2c(OC)c1OC,False,False,False,False
COc1ccc(-n2nncc2-c2cc(OC)c(OC)c(OC)c2)cc1O,False,False,False,False
C=C(C)[C@H]1CC2=C(Cc3ccc4c(c3C2)O[C@@H]2COc3cc(OC)c(OC)cc3[C@H]2C4=O)O1,True,True,True,True
COc1cc2c(cc1OC)N(CCO)C1=C(C(=O)OC1)C2c1ccc(Cl)c(Cl)c1,False,False,False,False
CC[C@@]1(O)C(=O)OCc2c1cc1n(c2=O)Cc2cc3cc(OC)c(OC)cc3nc2-1,False,False,False,False
COc1ccc(-c2c3c(c(OC)c4cc5c(cc24)OCO5)COC3=O)cc1OC,False,False,False,False
COc1cc(C(c2cc(OC)c3c(c2)OCO3)[C@@H]2COC(=O)[C@@H]2CO)cc(OC)c1OC,False,False,False,False
COc1cc2c(cc1OC)C1Cc3c(cnc4c(-c5ccsc5)cnn34)C(=O)N1CC2,False,False,False,False
COc1ccc(N(CCCN)C(=O)c2ccc3c(c2OC)C=CC(C)(C)O3)nc1OC,False,False,False,False
COC1=CC(=O)C=C(C)[C@]12Oc1cc(OC)cc(OC)c1C2=O,False,False,False,False
COc1ccc([C@@H]2COc3cc(O)ccc3C2=O)c(OC)c1O,False,False,False,False
COc1cc(OC)c2cc3c(cc2c1)-c1nc2ccc(N)cc2c(=O)n1C3,False,False,False,False
COc1cc(-c2oc3cc(O)cc(O)c3c(=O)c2C(C)=O)cc(OC)c1O,False,False,False,False
CC1(C)C=Cc2cc3c(cc2O1)O[C@H]1c2ccc(O)cc2OC[C@@H]31,False,False,False,False
COc1ccc(C2CC(c3c(O)cc(C)oc3=O)=NCCS2)cc1OC,False,False,False,False
COc1cc(OC)c2c(c1)O/C(=C\c1ccccc1)C2=O,False,False,False,False
COc1cc(O)c2c(c1)OCC1(Cc3cc(OC)c(OC)cc31)C2=O,False,False,False,False
COc1cc2c(c3c1c(=O)c1cc4ccccc4cc1n3C)[C@H]1OC(=O)O[C@H]1C(C)(C)O2,False,False,False,False
COc1ccc([C@@H]2COc3c(ccc4c3C=CC(C)(C)O4)C2)c(OC)c1O,False,False,False,False
COc1cc([C@H]2CC(=O)Oc3cc(O)c4c(c32)O[C@H](c2cc(O)c(OC)c(O)c2)[C@@H](O)C4)ccc1O,False,False,False,False
COc1cc(/C=C2\Cc3c(cc(OC)c(OC)c3OC)C2=O)cc(OC)c1OC,False,False,False,False
O=C1NC(=O)c2c1c(-c1cccnc1)cc1[nH]c3ccc(O)cc3c21,False,False,False,False
COc1cc(OC)cc(C2=CCCc3c2ccc(OC)c3N)c1,False,False,False,False
COc1ccc(C2C(C#N)=C(N)OC3=C2CNc2c3cccc2[N+](=O)[O-])c(OC)c1,False,False,False,False
COc1ccc(-c2c(-c3ccc(S(N)(=O)=O)cc3)ccc(F)c2F)cc1F,False,False,False,False
COc1ccc2nc(Nc3nc(O)c4c(OC)cc(N)cc4n3)nc(C)c2c1,False,False,False,False
CCN(CC)CCOc1ccc2c(c1)C(C)(C)c1[nH]c3cc([N+](=O)[O-])ccc3c1C2=O,False,False,False,False
COc1ccc2oc(=O)c(-c3cc(Br)cs3)cc2c1,False,False,False,False
N#Cc1ccccc1-c1cc2c(cc1F)c(=O)c1c(=O)[nH]sc1n2C1CC1,False,False,False,False
COc1cc(OC)cc([C@@H]2C(=O)c3cc(OC)cc(OC)c3[C@H]2c2ccccc2)c1,False,False,False,False
Fc1cc(F)cc(-c2nc3cccc(Cl)c3o2)c1,True,True,True,True
O=C1/C(=C2\Nc3ncccc3C2=O)Nc2ncccc21,False,False,False,False
C=CCN1C(=O)/C(=C2/C(=O)Nc3ccccc32)S/C1=N\c1nccs1,False,False,False,False
COc1cc(Cn2cc(COc3cccc(/C=C4/C(=O)Nc5ccccc54)c3)nn2)cc(OC)c1,False,False,False,False
O=c1c(O)c(-c2c[nH]c3ccccc23)oc2ccc(O)cc12,False,False,False,False
COc1cc2c(cc1OC)[C@@H]1C(=O)c3ccc4c(c3O[C@@H]1CO2)CCC(C)(C)O4,True,True,True,True
O=C(N/N=C/c1ccc([N+](=O)[O-])cc1)c1ccc(-c2cc(=O)c3ccccc3o2)cc1,False,False,False,False
Cc1cccc(/C=N/NC(=O)c2ccc(-c3cc(=O)c4ccccc4o3)cc2)c1,False,False,False,False
O=C1c2ccccc2S(=O)(=O)N1Cc1cc(-c2ccc([N+](=O)[O-])cc2)no1,False,False,False,False
c1ccc2c(c1)Cc1c-2ccc2ccccc12,False,False,False,False
O=C1N/C(=N\c2ccc([N+](=O)[O-])cc2)S/C1=C\c1cccc([N+](=O)[O-])c1,False,False,False,False
O=[N+]([O-])c1cccc(S(=O)(=O)Nc2ccc(-c3nc4cc(NS(=O)(=O)c5cccc([N+](=O)[O-])c5)ccc4o3)cc2)c1,False,False,False,False
COc1cc(/C=C2\SC(=O)NC2=O)ccc1Oc1ccc([N+](=O)[O-])cc1[N+](=O)[O-],False,False,False,False
O=C(N/N=C/c1ccc(-c2cccc(Cl)c2)o1)c1ccc([N+](=O)[O-])cc1,False,False,False,False
O=C1CN(c2ccccc2)C(=O)N1S(=O)(=O)c1ccc([N+](=O)[O-])cc1,False,False,False,False
COc1cccc(-n2c(=S)[nH]c3c(oc4ccccc43)c2=O)c1,False,False,False,False
C/C(I)=C1/Cn2c(c(I)c3ccccc32)C(=O)O1,True,True,True,True
CN1CCC(=C2c3ccccc3COc3ccccc32)CC1,False,False,False,False
O=[N+]([O-])c1ccc(Oc2ccc(/C=N/NC(=S)Nc3ccccc3)cc2)cc1,False,False,False,False
O=C1Nc2ccc([N+](=O)[O-])cc2[C@]12C[C@H]2CCl,False,False,False,False
N=C(N)SCN1C(=O)c2ccccc2C1=O,False,False,False,False
CN1C(=O)C2(C(C#N)=C(N)OC3=C2C(=O)CCC3)c2ccccc21,False,False,False,False
COc1cc(OC)c(C2COc3c(ccc4c3[C@H](O)[C@H](O)C(C)(C)O4)C2=O)cc1OC,False,False,False,False
C[S+]([O-])c1ccc(C2=C(c3ccccc3)C(=O)C(C)(C)O2)cc1F,False,False,False,False
O=C1NC(=O)C(Nc2ccccc2)C(=O)N1,False,False,False,False
Cc1[nH]c(=O)oc(=O)c1-c1ccccc1,False,False,False,False
O=C1NC(=O)/C(=C/C=C/c2ccccc2)CS1,False,False,False,False
Cc1cc(C)c2c(c1)C1(CCO2)NC(=O)NC1=O,False,False,False,False
O=c1cc(C2CCCCC2)oc2ccccc12,False,False,False,False
O=C1NC(=O)/C(=C/c2cc3ccccc3s2)S1,False,False,False,False
CCN1C(=O)N/C(=C/c2cccc(-c3cc(=O)c4ccccc4o3)c2)C1=O,False,False,False,False
CS(=O)(=O)Nc1ccccc1C1OC(=O)NC1=O,False,False,False,False
O=C1CC(c2cccs2)Oc2ccccc21,False,False,False,False
O=C1NC(=O)C2C(=O)NC(=O)C1C2(c1ccccc1)c1cc[nH]c1,False,False,False,False
O=C1c2ccccc2NC(c2ccc([N+](=O)[O-])cc2)N1O,False,False,False,False
O=C1N/C(=C\c2ccccc2)C(c2ccccc2)=C1c1ccccc1,True,True,True,True
O=[N+]([O-])c1ccc(S(=O)(=O)NN=C(c2ccccc2)c2ccccc2)c([N+](=O)[O-])c1,False,False,False,False
Cc1ccc2oc(=O)cc(/C=C/c3ccccc3)c2c1,False,False,False,False
COc1cc([N+](=O)[O-])c(/C=C\c2cc(OC)c(OC)c(OC)c2)cc1N,False,False,False,False
C[C@@H]1C(=O)O[C@H]2[C@H]1CC[C@@]1(C)C=CC(=O)[C@@H](C)[C@H]21,False,False,False,False
Cc1ccc(S(=O)(=O)N(C)c2nc3ccccc3c(=O)o2)cc1,False,False,False,False
O=c1oc2ccc(Cl)cc2cc1-c1cn2ccccc2n1,False,False,False,False
CC1CC2(NC(=O)NC2=O)C(C)CN1C,False,False,False,False
CN1c2ccccc2C(=O)NC1c1ccc([N+](=O)[O-])s1,False,False,False,False
O=S(=O)(c1ccccc1Cl)c1ccc(Cl)cc1Cl,False,False,False,False
O=C1/C(=C/NCCO)c2ccccc2C(=O)N1c1ccccc1,False,False,False,False
COc1cc(/C=C2\SC(=O)N(c3ccccc3Cl)C2=O)cc([N+](=O)[O-])c1O,False,False,False,False
O=c1[nH]cc(/N=C/c2cc([N+](=O)[O-])ccc2O)c(=O)[nH]1,False,False,False,False
O=[N+]([O-])c1cc(Cl)ccc1Sc1cccc2cccnc12,False,False,False,False
O=C(Nc1ccc(N2C(=O)c3ccccc3C2=O)c(Cl)c1)c1cscn1,False,False,False,False
N[C@@H]1C(=O)N(c2ccc(Cl)cc2)[C@@H]1/C=C/c1ccccc1,False,False,False,False
Cc1ccc(N/C=C2/C(=O)N(c3ccc4c(c3)OCO4)C(=O)c3ccccc32)cc1,False,False,False,False
NS(=O)(=O)c1ccc(N2C(=O)C(Cl)=C(Nc3cccc(F)c3)C2=O)cc1,False,False,False,False
O=C(CN1C(=O)c2ccccc2C1=O)Nc1ccc(Cl)cn1,False,False,False,False
CCn1sc(=O)n(-c2ccc([N+](=O)[O-])cc2)c1=O,False,False,False,False
Cc1ccc(N/C=C2/C(=O)N(c3nccs3)C(=O)c3ccccc32)cc1,False,False,False,False
O=C1C(=O)N(CCCCBr)c2ccc(Cl)cc21,False,False,False,False
Clc1ccc2c(c1)nc1n2CCOc2ccccc2-1,False,False,False,False
O=c1cc(-c2ccccc2Cl)oc2cccc(O)c12,False,False,False,False
O=C1Nc2ccc(Cl)cc2C12NCCCc1c2[nH]c2ccccc12,False,False,False,False
O=C1C2C(C(=O)N1c1ccc3c(c1)OCO3)C1C=CC2C12CC2,False,False,False,False
O=C1Cc2cc(C(=O)c3cccc([N+](=O)[O-])c3)ccc2C(=O)N1,True,True,True,True
NS(=O)(=O)c1ccccc1NS(=O)(=O)c1cccc(-c2cccc(Cl)c2Cl)c1,False,False,False,False
O=[N+]([O-])C1=Cc2c(ccc3ccccc23)O[C@H]1c1ccc2c(c1)OCO2,False,False,False,False
O=C1CSCC(=O)Nc2ccccc2N1,True,True,True,True
Cc1c(Cl)c(=O)oc2cc(O)cc(O)c12,False,False,False,False
O=C(O)C1=C2C(=O)Nc3cccc(c32)C2(C1)C(=O)Nc1ccccc12,False,False,False,False
Cc1ccccc1C1CC(=O)c2ccccc2C1C,False,False,False,False
CN(C)S(=O)(=O)c1cc(S(=O)(=O)N(C)C)c(Cl)cc1N,False,False,False,False
CC1=C(C)C[S+]([O-])N(S(=O)(=O)c2ccccc2)C1,False,False,False,False
CN1CCC(=O)[C@]2(C1)[C@@H](c1ccccc1Cl)CN(C)[C@@]21C(=O)Nc2ccccc21,True,True,True,True
CC1(C)CC(N2C(=O)c3ccccc3C2=O)CC(C)(C)N1,True,True,True,True
N=C(N)NS(=O)(=O)c1cccc(N)c1,False,False,False,False
O=[N+]([O-])c1ccc2ccc3cccc4ccc1c2c34,False,False,False,False
Cc1cc(C2=C(c3cccc(F)c3)C(=O)C(C)(C)O2)ccc1S(C)(=O)=O,False,False,False,False
CC1=C/C(=N\Nc2ccccc2[N+](=O)[O-])CC(C)(C)C1,False,False,False,False
Nc1n[nH]c(Sc2ncccc2[N+](=O)[O-])n1,False,False,False,False
CSc1ccc([C@@H]2CN(C)[C@]3(C(=O)Nc4ccccc43)[C@@]23C(=O)Oc2ccccc23)cc1,False,False,False,False
Cc1ccc(S(=O)(=O)c2nonc2C)cc1,False,False,False,False
Nc1ccc2ccccc2c1S(=O)(=O)O,False,False,False,False
CC(C)(C)N1C(=O)C2=C(c3ccccc3)Nc3ccccc3CN2C1=O,False,False,False,False
CC1(c2ccc([N+](=O)[O-])cc2)Nc2ccccc2S1,False,False,False,False
Cc1cc(C)c2c(c1)/C(=N/Nc1ccc(S(N)(=O)=O)cc1[N+](=O)[O-])CCC2,False,False,False,False
NS(=O)(=O)c1ccc(S(=O)(=O)c2ccccc2)cc1,False,False,False,False
CC(C(=O)c1ccccc1)C1(O)C(=O)Nc2ccccc21,False,False,False,False
C=C1C(=O)O[C@@H]2C3=C(CC[C@@H]12)C(C)(C)C(=O)C=C3,False,False,False,False
CN(c1nc2ccccc2c(=O)o1)S(=O)(=O)c1ccc(N)cc1,False,False,False,False
CS(=O)(=O)c1ccc(-c2ccccc2Cc2ccccc2)cc1,False,False,False,False
O=C1c2ccccc2S(=O)(=O)c2cc(C(=O)N(c3ccccn3)c3ccccn3)ccc21,True,True,True,True
CC(C)OC(=O)c1ccc(S(N)(=O)=O)o1,False,False,False,False
CC(O)(c1cccc([N+](=O)[O-])c1)P(=O)(O)O,False,False,False,False
O=c1n(S(=O)(=O)c2ccc3ccccc3c2)ccn1S(=O)(=O)c1ccc2ccccc2c1,True,True,True,True
O=C1c2cccc3cccc(c23)C(=O)N1c1ccc2ncccc2c1,False,False,False,False
CN1CCCC(NC(=O)N2CCN(C3c4ccc(Cl)cc4CCc4cc(Br)cnc43)CC2)C1,False,True,True,True
O=C(Cc1cc[n+]([O-])cc1)N1CCC(C2c3ccc(Cl)cc3CCc3cc(Br)cnc32)CC1,False,False,False,False
Cc1cc(C)c(Oc2nc(N)nc(Nc3ccc(C(F)(F)F)cc3)n2)c(C)c1,False,False,False,False
CC(C)(C(=O)N1CCN(C2c3ccc(Cl)cc3CCc3cc(Br)cnc32)CC1)c1cc[n+]([O-])cc1,False,False,False,False
Oc1cc(O)cc(-c2cnc3cc(O)ccc3c2)c1,False,False,False,False
O=c1cc(C(F)(F)F)[nH]c2cc(C(F)(F)F)ccc12,False,False,False,False
Oc1nc2nonc2nc1Nc1cccc(F)c1F,False,False,False,False
Fc1ccc(-c2ncoc2-c2ccc3nnc(C4CCC4)n3c2)c(F)c1,False,False,False,False
C[C@@H](n1nnc2ccc(Cl)cc2c1=O)[C@](O)(Cn1cncn1)c1ccc(F)cc1F,False,False,False,False
CCC(C)Sc1nc(O)c(C)c(C(C)c2c(F)cccc2F)n1,False,False,False,False
O=C(Nc1ccc(F)c(F)c1)Nc1ccc(F)c(F)c1,True,True,True,True
N[C@@H](CC(=O)Nc1ccc(-c2ccc(F)c(Cl)c2)c(C(F)(F)F)c1)C(=O)O,False,False,False,False
O=c1nc(-c2c(F)cccc2F)on1-c1ccc(OC(F)(F)F)cc1,True,True,True,True
O=C1/C(=C/c2ccc(F)cc2)Cc2ccc(O)cc21,False,False,False,False
Oc1ccc(Cl)c(Nc2cc(C(F)(F)F)nc(-c3ccncc3)n2)c1,False,False,False,False
Clc1ccc(-c2nc(-c3ccc4nc[nH]c4c3)no2)cc1,False,False,False,False
O=C(Nc1ccc(Cl)cc1F)c1cc(F)ccc1O,False,False,False,False
O=C(O)c1ccc([S+]([O-])Cc2ccc(Cl)cc2)cn1,False,False,False,False
Nc1ccc2[nH]nc(-c3ccc(F)cc3)c2c1,False,False,False,False
Fc1cc(F)c(-c2c(Cl)nc(-n3ccnc3)nc2NCC(F)(F)F)c(F)c1,False,False,False,False
OC(c1ccc(Cl)cc1)(c1ccc(Cl)cc1)c1c[nH]nn1,False,False,False,False
Nc1cc(Oc2ccc(F)cc2F)cc([N+](=O)[O-])c1,False,False,False,False
Fc1ccc(F)c(CNc2ncnc3cc(Cl)ccc23)c1,False,False,False,False
Clc1ccc(OCc2nnc(-c3cccnc3Cl)o2)cc1,False,False,False,False
Clc1ccc(Cc2ccc(Cl)nn2)c(Cl)c1,False,False,False,False
Nc1nc(O)c(I)c(-c2ccoc2)n1,False,False,False,False
NC1=Nc2ccc(Cl)cc2[C@H]2CCC[C@@]12F,False,False,False,False
O[C@@H]1Cc2cc(Cl)ccc2N[C@H](c2ccc(Cl)cc2)C1,False,False,False,False
Nc1nc(O)c2c(ccc3c(Cl)cccc32)n1,False,False,False,False
O=[N+]([O-])c1ccc2ncnc(Nc3cccc(Cl)c3)c2c1,True,True,True,True
O=C(Nc1cccc(Cl)c1)c1ccc([N+](=O)[O-])cc1O,False,False,False,False
Nc1cc2cn[nH]c2c2c1[nH]c1ccc(Cl)cc12,False,False,False,False
CNc1ncnc(Nc2cccc(Br)c2)c1N=O,False,False,False,False
Cc1cnc(N)nc1-c1c[nH]c2ccc(Cl)cc12,False,False,False,False
Nc1ccc(/C=C/c2ccnc3ccccc23)c([N+](=O)[O-])c1,False,False,False,False
Nc1nc(O)c2c(ccc3cccc(N)c32)n1,False,False,False,False
Nc1nc(-c2ccccn2)nn1-c1ncnc2cc(Cl)ccc12,False,False,False,False
C=CCNC(=S)NCCNc1ccnc2cc(Cl)ccc12,False,False,False,False
S=C1COc2ccccc2CN1c1cccc(Cl)c1,False,False,False,False
O=C1c2ccccc2C(Nc2ccccc2)N1c1ccc(Cl)cn1,False,False,False,False
O=[N+]([O-])c1ccc2c(Nc3cccc(Br)c3)ncnc2c1,False,False,False,False
N=C(N)Nc1ccc(-c2cccc(Cl)c2)cn1,False,False,False,False
Oc1ccc(C2=Nc3ccccc3-c3ncnc4[nH]cc2c34)c(Cl)c1,False,False,False,False
N#Cc1ccccc1-c1cc(Nc2ccc([N+](=O)[O-])c3nonc23)ccc1C(=O)O,False,False,False,False
Clc1ccccc1-c1ccc2nccn2c1,False,False,False,False
CSc1nc(N)nc(-c2ccccc2Cl)n1,False,False,False,False
Nc1[nH]c2cc([N+](=O)[O-])ccc2c1-c1ccccn1,False,False,False,False
Nc1cc(=O)[nH]c(=S)n1-c1ccccc1,False,False,False,False
CNS(=O)(=O)c1ccc2c(c1)-c1cc(S(=O)(=O)Nc3ccccc3S(N)(=O)=O)ccc1S2(=O)=O,False,False,False,False
Cc1ccc(-n2nc(C)c3conc3c2=O)cc1,False,False,False,False
N[C@H](CO)[C@H](O)c1ccc([N+](=O)[O-])cc1,False,False,False,False
O=c1c2ccccc2c(Cc2ccc(Cl)cc2)nn1-c1ccc([N+](=O)[O-])cc1,False,False,False,False
CN(C)C1(c2ccc(Cl)cc2)CCC(=O)CC1,False,False,False,False
Cc1ccc2c(n1)sc1c(N)ncnc12,False,False,False,False
CN(/N=C/c1cccs1)c1ccc([N+](=O)[O-])cc1[N+](=O)[O-],False,False,False,False
O=C1C2=C(CCCC2)C(O)(c2ccc(Cl)cc2)N1Cc1ccc([N+](=O)[O-])cc1,False,False,False,False
O=[N+]([O-])c1ccc(NC(=S)N/N=C2\CCc3ccccc32)cc1,False,False,False,False
Cc1c[n+]([O-])ccc1Oc1ccc([N+](=O)[O-])cc1,False,False,False,False
O=C(Nc1ccc2c(c1)OCO2)C1CC(c2ccc(F)cc2)=NO1,False,False,False,False
N#Cc1ccc(-c2ccc(C(F)(F)F)c(F)c2)cc1,False,False,False,False
COC(C(=O)Nc1cccc(F)c1)c1ccccc1,False,False,False,False
COc1ccc(/C=N/NC(=S)Nc2ccc(C(F)(F)F)cc2)cc1,False,False,False,False
CC(=O)Nc1cccc(C(=O)OCC(=O)c2ccc3c(c2)OCO3)c1,False,False,False,False
CN1C(=O)CCc2ccc(NC(=O)N[C@@H]3CCc4cc(F)ccc43)cc21,False,False,False,False
CN1C(=O)CCc2ccc(NC(=O)N[C@H]3CC(C)(C)Oc4ccc(F)cc43)cc21,False,False,False,False
CN1C(=O)CCc2ccc(NC(=O)N[C@@H]3C[C@@](C)(CF)Oc4cc(Cl)ccc43)cc21,False,False,False,False
CN1C(=O)CCc2ccc(NC(=O)N[C@H]3CC[C@@H](c4ccccc4F)C3)cc21,False,False,False,False
COC(=O)c1ccc(NC(=O)c2ccc(F)cc2)o1,False,False,False,False
CCOC(=O)C(C=O)c1ccc(F)cc1,True,True,True,True
Fc1ccc(-c2nc3ccccc3[nH]2)cc1,False,False,False,False
Fc1ccc(N2N=NCC2c2ccncc2)cc1,False,False,False,False
Cn1ccnc1SCC(=O)c1ccc(F)cc1,False,False,False,False
O=P(O)(O)C(F)(F)c1cccc(/C=C\c2ccc(F)cc2)c1,False,False,False,False
OCCOc1onc(-c2ccc(F)cc2)c1-c1ccncc1,False,False,False,False
Cc1cc(NC(=O)c2ccc([N+](=O)[O-])cc2)no1,True,True,True,True
Fc1ccc(-c2nnc(/C=C/c3ccc4c(c3)OCO4)o2)c(Cl)c1,False,False,False,False
Cc1ccc(C2=C(c3cccc(F)c3)C(=O)OC2)cc1,False,False,False,False
Cc1nc2ccc(N)cc2nc1-c1ccc(F)cc1,True,True,True,True
CCn1nc(-c2ccc(S(C)(=O)=O)cc2)c(-c2ccc(F)cc2)c1C(F)(F)F,True,True,True,True
CC(=O)Nc1cc(-c2ccc(S(C)(=O)=O)cc2)n(-c2ccc(F)cc2)n1,False,False,False,False
CS(=O)(=O)c1ccc(C2=NN(C(N)=S)C(c3ccc(F)cc3)C2)cc1,False,False,False,False
CC(C)COc1ccc(-c2nonc2NC(=O)c2ccc(F)cc2)cc1,False,False,False,False
Cc1ccc(-c2ccsc2S(=O)(=O)Nc2onc(C)c2Br)cc1,False,False,False,False
O=[N+]([O-])c1cnc(-c2ccc(F)cc2)n1CCO,False,False,False,False
O=C(Nc1ccc2oc(-c3ccncc3)nc2c1)c1ccc(F)cc1,False,False,False,False
NS(=O)(=O)c1ccc(-n2nc(C(F)(F)F)cc2-c2ccc3c(c2)OCO3)cc1,False,False,False,False
CC(C)CC1=N/C(=C\c2ccc(F)cc2)C(=O)N(O)C1=O,False,False,False,False
CC(=O)Oc1ccc2oc(=O)c(-c3ccc(N(C)C)cc3)cc2c1,False,False,False,False
O=P(O)(O)Cc1ccc(-c2ccc(F)cc2)cn1,False,False,False,False
O=C(OCC#CCSc1nnc(-c2ccc(F)cc2)o1)c1ccc(F)cc1,False,False,False,False
CC(=O)Nc1cc(-c2ccc(C)cc2)nc(-c2ccc(C)cc2)n1,False,False,False,False
Cc1cc(NC(=O)c2ccc(C)c([N+](=O)[O-])c2)no1,False,False,False,False
Cc1onc(C(=O)NCc2ccc(F)cc2)c1[N+](=O)[O-],False,False,False,False
O=C(COc1ccc2ccc(=O)oc2c1)Nc1ccc(F)cc1,False,False,False,False
CC(=O)Nc1nc2ccc(-c3ccc(S(C)(=O)=O)cc3)cn2n1,False,False,False,False
COC(=O)[C@H]1[C@H](/C=C/c2ccc(F)cc2)C1(C)C,False,False,False,False
CC(=O)Nc1ccc(NC(=O)c2c(C)noc2C)cc1,False,False,False,False
COC(=O)NNS(=O)(=O)c1ccc(C)cc1,False,False,False,False
Cc1noc(NS(=O)(=O)c2ccc(NC(=O)C(C)C)cc2)c1C,False,False,False,False
Cc1nn(-c2ccc(CN)cc2)c(C)c1-c1ccc(F)cc1,False,False,False,False
CC(=O)Nc1ccc(NS(=O)(=O)c2ccc(Cl)s2)cc1,False,False,False,False
Cc1ccc(S(=O)(=O)Nc2ccc(C(=O)c3cc4cc(Br)ccc4oc3=O)cc2)cc1,False,False,False,False
Cc1ccc(N(C)S(=O)(=O)c2cccc(C(=O)Nc3ccc(C)cn3)c2)cc1,False,False,False,False
Cc1cc(NS(=O)(=O)c2ccc(Nc3nc(-c4sc(C)nc4C)cs3)cc2)no1,False,False,False,False
NS(=O)(=O)c1ccc(C(=O)NNC(=O)NS(=O)(=O)c2ccc(F)cc2)cc1,False,False,False,False
COC(=O)c1ccc(S(=O)(=O)NC(=O)Nc2ccc(Cl)cc2)cc1,False,False,False,False
Cc1ncc(-c2ccc(S(C)(=O)=O)cc2)n1-c1ccc(F)cc1,False,False,False,False
Cc1ccc(S(=O)(=O)N[C@H](C(=O)O)C(C)C)cc1,True,True,True,True
COC(=O)c1c(C)[nH]c(C)c1-c1ccc([N+](=O)[O-])cc1,False,False,False,False
C/N=C(/NNS(=O)(=O)c1ccc(C)cc1)c1ccncc1,False,False,False,False
Cc1ccc(C(=O)CNC(=O)c2ccc(Cl)c([N+](=O)[O-])c2)cc1,False,False,False,False
Cc1ccc(S(=O)(=O)/N=C(/Cc2ccc([N+](=O)[O-])cc2)N(C(C)C)C(C)C)cc1,False,False,False,False
CN(c1ccc(C(=O)Nc2cccc([N+](=O)[O-])c2)cc1)S(C)(=O)=O,True,True,True,True
CS(=O)(=O)c1ccc(NC(=O)CN)cc1,False,False,False,False
CC(=O)Nc1ccc(C(=O)Nc2cc(C)on2)cc1,False,False,False,False
CC(C)[C@H](NS(=O)(=O)c1ccc(-c2ccc(N)cc2)cc1)C(=O)O,False,False,False,False
O=C(NNC(=O)c1cc([N+](=O)[O-])ccc1Cl)c1ccncc1,False,False,False,False
COC(=O)Cn1nc(-c2ccc(Cl)cc2)c(-c2ccc(Cl)cc2)c(C(C)=O)c1=O,True,True,True,True
O=C(OP(=O)(O)OC(=O)c1ccc([N+](=O)[O-])cc1)c1ccc([N+](=O)[O-])cc1,True,True,True,True
Cc1ccsc1C(=O)Nc1ccc(F)c([N+](=O)[O-])c1,False,False,False,False
CCOC(=O)c1c(NC(=O)c2ccc(Cl)cc2)csc1C,False,False,False,False
Cc1c(-c2ccc(C(=O)O)cc2)no[n+]1[O-],False,False,False,False
COc1ccc(NC(=O)c2ccc(NS(C)(=O)=O)cc2NC(=O)c2ccc(N(C)C)cc2)cc1,False,False,False,False
C[C@H](NS(C)(=O)=O)c1ccc(S(=O)(=O)c2ccc(Cl)cc2S(=O)(=O)c2cccc3cccnc23)cc1,True,True,True,True
CCS(=O)(=O)c1nc(S(=O)(=O)c2ccc(C)cc2)c(NC)s1,False,False,False,False
CNc1oc(C)nc1S(=O)(=O)c1ccc(C)cc1,False,False,False,False
Cc1ccc(S(=O)(=O)Oc2ccc(/C=N/NC(=O)c3nn(C)cc3[N+](=O)[O-])cc2)cc1,False,False,False,False
C/C(=N\NC(=O)c1ccc(NS(=O)(=O)c2cccs2)cc1)c1ccc(Cl)cc1,False,False,False,False
COc1ccc(-c2nc(SC)nnc2-c2ccc(S(C)(=O)=O)cc2)cc1,False,False,False,False
CN(C)c1cc[n+](CC(=O)c2ccc(Cl)cc2)cc1,False,False,False,False
CC[S+]([O-])C(=O)N(O)c1ccc(Cl)cc1,True,True,True,True
CCNC(=O)c1sccc1N(C)S(=O)(=O)c1ccc(Cl)cc1,False,False,False,False
CCOC(=O)C(C)(C[N+](=O)[O-])c1ccc(Cl)cc1,True,True,True,True
CSCCC(NC(=O)c1ccc(Cl)cc1)C(=O)O,False,False,False,False
Cc1ccc(Cl)cc1NC(=O)c1csnn1,False,False,False,False
COc1ccc(N(C(=O)c2cccnc2)S(=O)(=O)c2ccc(Cl)cc2)cc1,False,False,False,False
CN(c1ccc(Cl)cc1)S(=O)(=O)c1cccc(C(=O)Nc2ccc(C(N)=O)cn2)c1,False,False,False,False
CC(C)C[C@H](C=O)NC(=O)[C@@H](NS(C)(=O)=O)C(C)C,True,True,True,True
O=C(NO)[C@H](Cc1ccccc1)NS(=O)(=O)c1ccc(-c2ccc(Cl)cc2)cc1,False,False,False,False
O=C(Nc1ccc(Cl)cc1)Nc1cccc2cccnc12,False,False,False,False
CS(=O)(=O)c1ccc(NC(=O)Nc2ccccc2)cc1,True,True,True,True
NS(=O)(=O)c1ccccc1-c1ccc(C(=O)NCCNS(=O)(=O)c2ccc(Cl)cc2)cc1,False,False,False,False
O=C(NCc1cccnc1)c1ccc(CS(=O)(=O)c2ccc(Cl)cc2)o1,False,False,False,False
CS(=O)(=O)Nc1ccc(C(=O)O)cc1,True,True,True,True
NNC(=O)C1CCCN1S(=O)(=O)c1ccc(Cl)cc1,False,False,False,False
CC1(C)CC(=O)C2=C(C1)N(c1ccc(S(N)(=O)=O)cc1)C(N)=C(C#N)C2c1ccc(Cl)cc1,False,False,False,False
Cc1cc(C)c(S(N)(=O)=O)c(C)c1NC(=O)c1sccc1S(=O)(=O)Nc1onc(C)c1Cl,False,False,False,False
O=C(NCc1ccc(Cl)cc1)Nc1ncc([N+](=O)[O-])s1,False,False,False,False
CC1=C(C(=O)Nc2ccccc2)C(c2ccccc2)n2c(s/c(=C\c3ccc(Cl)cc3)c2=O)=N1,False,True,True,True
Cc1noc(NS(=O)(=O)c2ccc(NC(=O)C(C)(C)C)cc2)c1C,False,False,False,False
CNCc1n[nH]c(=O)n1-c1ccc(Cl)cc1,False,False,False,False
O=C(Nc1ccc([N+](=O)[O-])cc1)Nc1ccc(OC(F)F)c(Cl)c1,False,False,False,False
Cc1ccc(NC(=O)c2cc(Cl)cc(Cl)c2O)cc1,False,False,False,False
Cc1ccc(O)c(C(=O)Nc2ccc(NC(=N)N)cc2)c1,False,False,False,False
Cc1ccc(-n2ncc(C#N)c2NC(=O)c2cc3cc(Cl)ccc3oc2=O)cc1,False,False,False,False
O=C(Nc1ccc(I)cc1)Nc1ccc(C(F)(F)F)cc1,False,False,False,False
Cc1ccc(NC(=O)c2nc[nH]c2C(=O)Nc2ccc(C)cc2)cc1,False,False,False,False
Cc1n[nH]c2nccc(-c3ccc(NC(=O)Nc4cccc(F)c4)cc3)c12,False,False,False,False
CC(=O)Nc1ccc2ncnc(Nc3ccc(OCc4ccccn4)c(Cl)c3)c2c1,False,False,False,False
O=C1Nc2cccnc2C1=Cc1c[nH]c2ccc(F)cc12,False,False,False,False
Fc1cc(Cl)ccc1Nc1ccc([C@H]2CNCCO2)cc1,False,False,False,False
Oc1cc(F)cc(/C=C/c2ccc(F)cc2)c1,False,False,False,False
O=S(=O)(Nc1ccc2[nH]c3ccncc3c2c1)c1cc(Cl)ccc1Cl,False,False,False,False
O=Cc1ccc(O)c(-c2ccc3cc(O)ccc3c2)c1,False,False,False,False
O=C(NC(=O)c1c(F)cccc1F)Nc1ccc(S(=O)(=O)C(F)(F)C(F)Cl)cc1,False,False,False,False
N=C(N)c1ccc(-c2ccc(-c3ccc(C(=N)N)cc3)c(F)c2)cc1,True,True,True,True
O=S(=O)(Nc1ccccc1NS(=O)(=O)c1ccc(F)cc1)c1ccc(F)cc1,False,False,False,False
Nc1ccc(S(=O)(=O)Nc2cccc3cc(O)[nH]c23)cc1,False,False,False,False
Nc1cccc(-c2ccc(C(=O)c3c(F)ccc(O)c3F)s2)c1,False,False,False,False
O=S(=O)(Nc1cc(CO)ccc1O)c1ccc(-c2ccc(F)cc2F)cc1,False,False,False,False
Cc1ccc(NS(=O)(=O)c2ccc(NC(=O)c3cccs3)cc2)cc1,False,False,False,False
O=[N+]([O-])c1ccccc1-c1cc(-c2ccccc2O)n[nH]1,False,False,False,False
Cc1ccc(NC(=S)Nc2ccc(S(=O)(=O)Nc3ccc(C)cc3)cc2)cc1,False,False,False,False
NS(=O)(=O)c1ccc(C(=O)NNC(=O)NC2c3ccccc3-c3ccccc32)cc1,False,False,False,False
CS(=O)(=O)NN1C(=O)c2ccccc2NC1c1ccccc1F,False,False,False,False
CC(=O)C1=C(O)C(=O)N(c2ccc(S(N)(=O)=O)cc2)C1c1ccc([N+](=O)[O-])cc1,False,False,False,False
O=C1c2ccccc2-c2c1c(-c1ccccc1)nc1cccnc21,False,False,False,False
COc1cc([N+](=O)[O-])c(S(=O)(=O)O)cc1NS(=O)(=O)c1ccc(C)cc1,False,False,False,False
Cc1ccc(S(=O)(=O)c2cc(OC(=O)c3ccco3)ccc2OC(=O)c2ccco2)cc1,True,True,True,True
O=S(=O)(O)c1ccc(O)c2ccccc12,False,False,False,False
O=C(c1ccc(F)c(F)c1)N1CCN2C(=O)c3ccccc3[C@]12c1ccc(Cl)cc1,True,True,True,True
Cc1ccccc1-c1cn(-c2ccc(S(N)(=O)=O)cc2)nn1,False,False,False,False
O=C(O)c1ccc(N2C(=O)c3cccc4cccc(c34)C2=O)cc1,False,False,False,False
Cc1ccc(S(=O)(=O)Nc2ccccc2NS(=O)(=O)c2ccc(C)cc2)cc1,False,False,False,False
CN1C(=O)C2C=CC1[C@@H]1C(=O)N(c3ccc([N+](=O)[O-])c4ccccc34)C(=O)[C@H]21,False,False,False,False
O=C(NNc1ccccc1)C(=O)NNS(=O)(=O)c1ccc([N+](=O)[O-])cc1,False,False,False,False
CS(=O)(=O)c1ccc(-n2cc(C(F)(F)F)nc2-c2ccccc2F)cc1,False,False,False,False
COc1ccccc1-c1cc(N)n(S(=O)(=O)c2ccc(F)c(C)c2)n1,False,False,False,False
Cc1ccc(S(=O)(=O)c2cn(Cc3cccc(C)c3)c3cc4c(cc3c2=O)OCO4)cc1,False,False,False,False
CS(=O)(=O)c1ccc(-n2cnc(Cl)c2-c2cc(Br)co2)cc1,False,False,False,False
CNC(=O)c1ccc2c(c1)nc(C(O)(c1ccccc1)c1ccccc1)n2C,False,False,False,False
Cc1ccc(NC(=O)c2cccc(N(C)C)c2)cc1C(=O)Nc1cnc(Nc2cccc(N)c2)nc1,False,False,False,False
CC(C)Oc1ccc(C(=O)Nc2ccc3c(c2)n(C)c(=O)n3C)cc1,False,False,False,False
COc1cc(NC(=O)c2ccc(-c3ccccc3)cc2)c(C(=O)O)cc1OC,False,False,False,False
Cn1c(C(F)(F)F)nc2cc(C(=O)O)ccc21,False,False,False,False
Cn1c(C(O)(c2ccccc2)c2ccccc2)nc2ccc(S(N)(=O)=O)c(F)c21,False,False,False,False
CCn1c(C(O)(c2ccccc2)c2ccccc2)nc2ccc(C(=O)N3CCC(N)C3)cc21,False,False,False,False
COc1ccc(C(=O)Nc2cc(OC)c(OC)c(OC)c2)cc1N,False,False,False,False
Cc1ccc(NC(=O)c2cccc(C(F)(F)F)c2)cc1NC(=O)c1cnccn1,False,False,False,False
O=C(Nc1cccc2c(=O)cc(C(=O)O)oc12)c1ccc(C(F)(F)F)cc1,False,False,False,False
COc1cc(-c2cn(-c3c(O)c(F)cc(F)c3F)nn2)cc(OC)c1OC,False,False,False,False
COc1cc(-c2ccc3ncc(-c4ccc(F)c(Cl)c4)n3n2)cc(OC)c1OC,False,False,False,False
COc1cc(C(=C(F)F)c2ccc(OC(F)F)c(N)c2)cc(OC)c1OC,False,False,False,False
COc1cc(C(=O)Nc2ccc(-c3cccs3)cc2[N+](=O)[O-])cc(OC)c1OC,True,True,True,True
COc1cc(/C(=N/C(=O)OC(C)(C)C)c2ccc3c(ccn3C)c2)cc(OC)c1OC,False,False,False,False
C=C(c1cc(OC)c(OC)c(OC)c1)c1ccc2c(c1)c(C=NN)cn2C,False,False,False,False
COc1cc(-c2nn[nH]n2)cc(OC)c1OC,False,False,False,False
COc1cc(C(=N)N)cc(Oc2nc(Oc3cccc(C(=O)N(C)C)c3)c(F)c(C)c2F)c1OC,False,False,False,False
O=C(Nc1ccccc1C(=O)O)c1cccc(NC(=O)c2ccccc2Cl)c1,False,False,False,False
COc1cccc(C(=O)Nc2ccccc2OC)c1,True,True,True,True
Cn1c(NC(=O)c2ccccc2NC(=O)C(C)(C)C)nc2ccccc21,False,False,False,False
Cc1c(C(=O)C(=O)N2c3ccccc3CC2C)c2ccccc2n1C,False,False,False,False
Cn1c(NCC(O)c2ccc(F)cc2F)c(C#N)c(=O)n(C)c1=O,False,False,False,False
O=c1c2cn(-c3ccc(O)cc3)nc2c2ccccc2n1O,False,False,False,False
O=C(Nc1ccccc1O)c1cccc(Cl)c1,False,False,False,False
COc1ccc(NC(=O)c2c(Cl)n(C)c3ccccc23)cc1,False,False,False,False
COc1cc(Cl)ccc1OC(=O)c1cn(-c2ccccc2OC)c(=O)c2ccccc12,False,False,False,False
O=c1oc2ccccc2cc1-c1nc2ccccc2[nH]1,False,False,False,False
Cc1ccccc1-n1c(CF)nc2ccccc2c1=O,False,False,False,False
Cc1c(NC(=O)c2cc3ccccc3oc2=O)c(=O)n(-c2ccccc2)n1C,False,False,False,False
COC(=O)C(Nc1nc2ccccc2c(=O)o1)c1ccccc1,False,False,False,False
COC(=O)c1ccccc1NS(=O)(=O)Cc1noc2ccccc12,False,False,False,False
O=C(Nc1ccccc1O)Nc1ccccc1Br,False,False,False,False
Cc1cccc2nnc3c4ccccc4c(C#N)n3c12,True,True,True,True
COc1ccccc1-c1nnc2nnc3c4ccccc4[nH]c3n12,False,False,False,False
Cc1c(C(=O)Nc2nccs2)oc2ccccc12,False,False,False,False
COc1ccccc1NC(=O)Cn1c(=O)n(-c2ccccc2)c(=O)c2oc3ccccc3c21,False,False,False,False
Cc1cc2nc3c4ccccc4n(C)cc-3c2cc1Br,False,False,False,False
Cc1ccccc1-c1nc2c3ccccc3nc(S)n2n1,True,True,True,True
COc1ccccc1NC(=O)c1c(C)n(-c2ccccc2OC)c(C)cc1=O,False,False,False,False
Cc1cccc(Cn2c(=O)n(Cc3ccccc3)c(=O)c3oc4ccccc4c32)c1,False,False,False,False
Cc1c2ccccc2cc2ccc3oc([N+](=O)[O-])cc3c12,False,False,False,False
CC1COc2ccccc2N1C1=NC(=O)C(C)(C)S1,False,False,False,False
COc1c2c(c(OC)c3ccccc13)[C@H]1Oc3ccccc3[C@H]1CO2,False,False,False,False
CC1(C)c2ccccc2N2CCC(=O)NC21/C=C/c1ccco1,False,False,False,False
O=C1OC(Nc2ccc(Br)cn2)c2ccccc21,False,False,False,False
Cc1ccc2oc(=O)c(-c3ccccc3O)cc2c1,False,False,False,False
O=C1NC(=O)C(=O)C(c2nc3ccccc3s2)C1=O,False,False,False,False
N#CC(=O)C(O)c1ccccc1[N+](=O)[O-],True,True,True,True
O=C1Nc2ccc(Br)cc2C1(O)c1ccccc1,False,False,False,False
Nc1ccc2c(c1)C(=O)c1nc3ccccc3c(=O)n1-2,False,False,False,False
COc1cc(C2NC(=O)NC(C)=C2[N+](=O)[O-])cc(OC)c1OC,False,False,False,False
Nc1ccccc1C(=O)Nc1ccc(Cl)cc1Cl,False,False,False,False
O=C(N/N=C/c1cc2c(cc1[N+](=O)[O-])OCO2)c1ccc2c(c1)OCO2,False,False,False,False
O=C(Nc1sc([N+](=O)[O-])cc1[N+](=O)[O-])c1ccccc1,False,False,False,False
O=C(Nc1cccc(Cl)c1)Nc1csc([N+](=O)[O-])c1,False,False,False,False
O=C(O)c1cc(NC(=O)c2ccc3c(c2)C(=O)N(N2C(=O)c4ccccc4C2=O)C3=O)cc(C(=O)O)c1,False,False,False,False
N#Cc1cc([N+](=O)[O-])ccc1Oc1ccccc1Br,False,False,False,False
O=C(Nc1ccc(Cl)c(Cl)c1)Nc1ncc([N+](=O)[O-])s1,False,False,False,False
C/C(=N/NC(N)=S)c1ccccc1Cl,False,False,False,False
Cc1onc(-c2ccccc2Cl)c1C(=O)Nc1nnc(-c2cccc([N+](=O)[O-])c2)s1,False,False,False,False
O=C(CN1C(=O)NC2(CCOc3ccccc32)C1=O)c1ccc(Cl)cc1,False,False,False,False
Cc1ccccc1NC(=O)c1c(C)cc(=O)oc1C,False,False,False,False
Cc1ccc(-n2c(N)c(C(N)=O)sc2=S)c(C)c1,False,False,False,False
COc1ccc(-c2nc(NC(=O)CSCCO)sc2C)cc1,False,False,False,False
CC(C)CN(CC(=O)NO)S(=O)(=O)c1ccc(OC(C)C)cc1,False,False,False,False
Cc1ccc2oc(C(=O)Nc3ccc(S(=O)(=O)N(C)Cc4ccccc4)cc3)cc(=O)c2c1,False,False,False,False
Cc1ccc(S(=O)(=O)N2CCCN(S(=O)(=O)C3CCS(=O)(=O)C3)CC2)cc1,False,False,False,False
COc1cc(-c2ccc(C(=O)NNC(=S)Nc3ccccc3)c(C)n2)cc(OC)c1OC,False,False,False,False
C=CCC1=C[C@@](OC)([C@H](C)Cc2ccc3c(c2)OCO3)C(OC)=CC1=O,False,False,False,False
COc1ccc(CNC(=O)c2cnccn2)cc1,False,False,False,False
CC(=O)OC[C@H]1O[C@H](NS(=O)(=O)c2ccc(O)cc2)C=C[C@H]1OC(C)=O,False,False,False,False
CC(Oc1ccc([N+](=O)[O-])cc1)C(=O)N(C)O,False,False,False,False
CC(Cn1cc(Br)cn1)C(=O)Nc1ccc(Cl)cn1,False,False,False,False
COc1cccc(-n2cc(C3(O)CCCCC3)nn2)c1,False,False,False,False
CC1=C(C)[C@H]2[C@H](Cc3ccccc3)NC(=O)[C@@]2(O)[C@@H](/C=C/C[C@H](C)C(=O)[C@H](C)O)[C@@H]1O,False,False,False,False
CN1CC(C(=O)NCCc2ccc(Cl)cc2)=C(O)C1=O,False,False,False,False
COc1ccc(OC)c2oc(-c3cn4nc(SC)sc4n3)cc12,False,False,False,False
CCOC(=O)NC(=O)CSc1nnnn1-c1ccccc1,False,False,False,False
COc1cc(Br)cc(C(c2c(C)n(C)n(-c3ccccc3)c2=O)c2c(C)n(C)n(-c3ccccc3)c2=O)c1O,False,False,False,False
O=C(O)c1cccc(S(=O)(=O)N2CCN(S(=O)(=O)c3ccc4c(c3)OCCO4)CC2)c1,False,False,False,False
CSc1nccc(N[C@@H](C)c2ccccc2)n1,False,False,False,False
CCN1/C(=N\N)c2cccc3cccc1c23,False,False,False,False
CNC(=O)CNC(=O)Nc1ccc(Br)c(F)c1,False,False,False,False
O=S(=O)(N/N=C\c1cccnc1)c1ccccc1,False,False,False,False
CCCn1c2ccc([N+](=O)[O-])cc2c(=O)n1Cc1ccccc1,False,False,False,False
CCn1cc([N+](=O)[O-])c(C(=O)N2CCCC2)n1,False,False,False,False
CCC(=O)N1C[C@@H]2CCN(c3cnccn3)C[C@@H]2C1,False,False,False,False
CC1CCCN(C(=O)CSc2ncccn2)C1,False,False,False,False
CC(C)(C)[C@H]1CC[C@@H](C(=O)N2CCCC2)N1C(=O)CCCc1ccccc1,False,False,False,False
C[C@@H](Nc1ncnc2oc(-c3ccc(O)cc3)cc12)c1ccccc1,False,False,False,False
COc1ccc(CCNC(=O)CCc2ncc(C(C)(C)C)s2)cc1,False,False,False,False
O=C(Oc1cc(O)c2c(=O)c3ccccc3oc2c1)c1cccnc1,False,False,False,False
CSc1nc2ccc(S(=O)(=O)N3CCCC3)cc2s1,False,False,False,False
Nc1ccc(S(=O)(=O)N(Cc2ccc(F)cc2)CC2CCC(C(=O)O)CC2)cc1,False,False,False,False
CC(=O)c1ccc(/N=c2\c(O)c(O)\c2=N/C(C)C(C)(C)C)cc1,True,True,True,True
O=C1NC(=O)c2c1c(-c1ccccc1)cc1c2c2cc(O)ccc2n1CCn1ccnc1,False,False,False,False
COc1ccc(OC)c(Nc2ccc3nc(N)nc(N)c3n2)c1,False,False,False,False
CCOC(=O)c1cc(OC)c(OC)cc1NC(=O)c1ccc(OC)c(OC)c1,False,False,False,False
CC(C)CN(NC(=O)OC(C)(C)C)c1nc(C#N)ncc1F,False,False,False,False
O=C(Cn1ncc(Cl)c(Cl)c1=O)c1ccc(Cl)cc1,False,False,False,False
NC(=O)c1nnn(-c2ccc(S(N)(=O)=O)cc2)c1-c1cccs1,False,False,False,False
NC(=O)c1cccc(NC(=O)N2CC(O)(C3CC3)C2)c1,False,False,False,False
NC1=NC(CCNC(=O)c2ccoc2)Nc2c(F)ccc(F)c21,False,False,False,False
CCc1nnc(SCC(=O)c2ccccc2)n1N1C(=O)c2ccccc2C1=O,False,False,False,False
CCOC(CNC(=O)c1ccc(N2CCc3ccccc32)c([N+](=O)[O-])c1)OCC,False,False,False,False
CCN1CCCn2c1nc1c2c(=O)n(C)c(=O)n1C,False,False,False,False
C=CCn1c(SCC(=O)Nc2ccc(F)cc2)nnc1-c1cnccn1,False,False,False,False
CC1CN(C(=O)c2ccncc2)CC(C)O1,False,False,False,False
CC(C)(C)c1ccc(CCNC(=O)c2ccc(O)cc2C(F)(F)F)cc1,False,False,False,False
O=S(=O)(Nc1ccccc1Br)c1cnc2ccccc2c1,False,False,False,False
CCN(CC)CC(=O)Nc1cc(C)nn1C,False,False,False,False
Cc1cccc(-c2nnc(-c3cccc4ccccc34)o2)c1,False,False,False,False
CC(C)Oc1ccc(NC(=O)c2ccncc2)cc1C#N,False,False,False,False
Cc1cccc(CC(=O)Nc2cccnc2)c1,False,False,False,False
O=c1oc2ccccc2cc1-c1cn2cc(Cc3ccc(F)cc3)sc2n1,False,False,False,False
CC(C)c1cc(NCCO)nnc1C(=O)NC1CCCCC1,False,False,False,False
O=S(=O)(Nc1nncs1)c1ccc(-c2ccccc2)cc1,False,False,False,False
Brc1cccc(Nc2ncnc3sccc23)c1,False,False,False,False
Cc1ccc(-c2nonc2NC(=O)c2ccco2)cc1,False,False,False,False
C/C(=N\NC(=O)c1ccccc1)c1ccc(C)cc1,False,False,False,False
CC1CCN(S(=O)(=O)N2CCC(C(=O)O)CC2)CC1,False,False,False,False
Cc1ccc(S(=O)(=O)NC2CCC(C(=O)O)CC2)cc1,False,False,False,False
COc1nc(N)nc2c1ccn2[C@@H]1O[C@H](CO)[C@@H](O)[C@@]1(C)O,False,False,False,False
O=C1NC(c2cccc([N+](=O)[O-])c2)=CCN1c1ccccc1Br,False,False,False,False
NC(=O)Cc1ccccc1-c1cccnc1,False,False,False,False
CC(C)Cc1ccc([C@@H](C)C(=O)O)cc1,False,False,False,False
CCCOc1ccnc2sc(C(N)=O)c(N)c12,False,False,False,False
Cc1cccc(C(=O)NCC(=O)OCC(=O)N2CCCCC2)c1,False,False,False,False
COc1ccc(-n2c(S)nnc2-c2ccc(Cl)cc2)c(OC)c1,False,False,False,False
CCN(CC)c1nn2c(=O)c(C(=O)NCc3cccc(C)c3)cnc2s1,False,False,False,False
COc1ccc2c(c1)c1ccnc3ccc(=O)n2c31,False,False,False,False
O=C(CN(c1ccccc1)S(=O)(=O)c1ccccc1[N+](=O)[O-])Nc1cccnc1,False,False,False,False
COc1ccccc1C1(O)CC2CCC(C1)N2S(=O)(=O)c1ccc(C(C)=O)cc1,False,False,False,False
COc1ccc(S(=O)(=O)N(CC(C)C)C[C@@H](O)[C@H](Cc2ccccc2)NC(=O)[C@@H]2CCCS(=O)(=O)C2)cc1,False,False,False,False
CNC(=O)C(=O)COCCCCOc1ccc(-c2ccccc2)cc1,False,False,False,False
COc1ccc(-c2cnn3ccc(Nc4ccc(OC)nc4)nc23)c(OC)c1,False,False,False,False
O=S(=O)(c1ccccc1)N1CCC2(CCCN2Cc2ccccc2Cl)C1,False,False,False,False
Nc1cc(N2CCCC2)ccc1[N+](=O)[O-],False,False,False,False
COc1ccc(OC)c([C@@H]2O[C@H](CNC(=O)c3ccccc3)[C@@H](OC(C)=O)[C@H](OC(C)=O)[C@H]2OC(C)=O)c1,False,False,False,False
COc1cc(/C=C/c2ccc(OC)c(=O)cc2)cc(OC)c1OC,False,False,False,False
CC(=O)Nc1sc(NC(=O)c2ccc(C)cc2)nc1-c1cccs1,False,False,False,False
CC1(C(=O)NNC(=O)c2ccc(=O)oc2)CC1Br,False,False,False,False
CC(C)(C)c1ccc(C(CC(=O)O)NS(=O)(=O)c2ccc(C(F)(F)F)cc2)cc1,False,False,False,False
CCN1C(=O)S/C(=C\Nc2ccccc2)C1=O,False,False,False,False
O=C1NCCCC[C@H]1N(Cc1ccc(Cl)c(Cl)c1)S(=O)(=O)c1ccc(Cl)cc1,False,False,False,False
CC(C)NC(=O)c1ccc(N(Cc2ccccc2)S(C)(=O)=O)cc1,False,False,False,False
O=c1cc(-c2cccc3ncccc23)[nH]c2cc3c(cc12)OCO3,False,False,False,False
Cc1cccc(C)c1Nc1nnc(SCc2cc([N+](=O)[O-])cc3c2OCOC3)s1,False,False,False,False
CC1(C(=O)O)C=CC2(CCCCC2)N1C(=O)c1ccccc1,False,False,False,False
CC(OC(=O)Cc1nnc(O)c2ccccc12)C(=O)Nc1ccc(Cl)cn1,False,False,False,False
CC(=O)NCc1nc2cc(NC(=O)c3ccc(C(C)(C)C)cc3)ccc2s1,False,False,False,False
CC[C@@H](NC(=O)c1cc(C(=O)NCc2ccno2)n2c1COCC2)c1ccccc1,False,False,False,False
O=C(Cn1cnc2cc([N+](=O)[O-])ccc2c1=O)Nc1ccccc1-c1ccccc1,False,False,False,False
CC1CCN(C2CCN(S(=O)(=O)c3ccc(C#N)cc3)CC2)CC1,False,False,False,False
O=C1CN(C(=O)c2cccs2)c2ccccc2N1,False,False,False,False
CC1(C)CCc2c(O)c(C(=O)CC(=O)c3ccccc3)c(O)c(C=O)c2O1,False,False,False,False
Cc1cc(NC(=O)c2ccccc2)n[nH]1,False,False,False,False
CC1(C)[C@H](Nc2c(C(N)=O)cnn3cc(N4CCOCC4=O)cc23)CC[C@]1(C)N,False,False,False,False
Cc1ccnc(NC(=O)CCC(=O)N(CC(=O)NCCc2ccccc2)Cc2cccs2)c1,False,False,False,False
Cc1ccc(S(=O)(=O)NC2=NCN(C(C)C)CN2)cc1,False,False,False,False
COc1ccc(-c2oc3c4c(cc(O)c3c(=O)c2O)OC(C)(C)CC4)cc1S(=O)(=O)O,False,False,False,False
O=C(O)CC1=C(Nc2ccccc2)C(=O)N(c2ccccc2)C1c1ccc(F)cc1,False,False,False,False
CC(O)CN1CCC(CN(C)CC(=O)NC2CCOCC2)CC1,False,False,False,False
COc1ccc(S(=O)(=O)NNC(=O)c2cc3c4ccccc4n(C)c3s2)cc1,False,False,False,False
CC(C)NC(=O)N(c1ccc(F)cc1)c1ccnc(NC(C)C)n1,False,False,False,False
C/C(=N\NC(N)=O)c1cnc2ncc(Cc3ccc4ncccc4c3)n2c1,False,False,False,False
CCOC(=O)N1CCC(c2ccccc2OC)(S(=O)(=O)c2ccc(Cl)cc2)CC1,False,False,False,False
NC(=O)c1ccc(Oc2c(C3CCC3)ccc(-c3cnc(N)cn3)c2F)cc1,False,False,False,False
O=C(CCNC(=O)c1ccco1)NNC(=O)c1ccc(Br)cc1,False,False,False,False
CC(O)(CSc1ccc(C#N)cc1)C(=O)Nc1ccc([N+](=O)[O-])c(C(F)(F)F)c1,False,False,False,False
Cc1nccn1-c1ccc(Cl)cc1C(N)c1ccccc1,False,False,False,False
COc1ccc(C(=O)C2=CCCc3c2cc(OC)c(OC)c3OC)cc1O,False,False,False,False
O=C(OC1C[C@@H]2[C@H]3CCCN4CCC[C@@H](CN2C(=O)C1O)[C@@H]34)c1ccc(F)c([N+](=O)[O-])c1,True,True,True,True
COc1c2cc(c(OC)c1O)Oc1ccc(cc1)CCC(=O)C[C@@H](O)/C=C\2,False,False,False,False
CC(=O)Nc1cc(-c2ccc(C#N)cc2C)n2ncnc2c1,False,False,False,False
Nc1cccc(S(=O)(=O)N/N=C/c2cccc[n+]2[O-])c1,False,False,False,False
CC(C)n1c(O)nc2cc(C(=O)Nc3ccccc3)ccc21,False,False,False,False
CCOC(=O)[C@@H]1C[C@]12C(=O)Nc1ccc(Br)cc12,False,False,False,False
O=C(Nc1ncnc2[nH]cnc12)c1ccc(-c2ccccc2)cc1,False,False,False,False
CCOC(=O)c1nnn(-c2nonc2N)c1CN(C)Cc1ccccc1,False,False,False,False
COc1ccc(O)c(C(=O)c2cnc3c(c2)c(-c2ccc(F)cc2)c(C#N)c(=O)n3C)c1,False,False,False,False
CCCCN(C)CCCCCCCCC(=O)N(O)CCC(=O)O,False,False,False,False
Cc1ccc(NC(=O)Nc2ccc3c(c2)CCC3)cc1,False,False,False,False
Cc1nc(Nc2ccncc2)cc(-c2ccncc2)n1,False,False,False,False
O=C(O)[C@@H]1C(=O)N(c2ccccc2)[C@H]1c1ccco1,False,False,False,False
NC1CCN(c2cc3c(c(O)c2F)c(=O)c(C(=O)O)cn3C2CC2)C1,False,False,False,False
NC1(c2ccc(-c3c(-c4ccccc4)ncc4nccn34)cc2)CCC1,False,False,False,False
CC(C)(C)Cn1c(N)nc2ccc(C(=O)c3ccccc3)cc21,False,False,False,False
CC1CN(c2cc3c(cc2N)c(=O)c(C(=O)O)cn3C2CC2)CCC1O,False,False,False,False
COP(=O)(c1ccc(N(C)C)cc1)C(O)c1ccccc1,False,False,False,False
Cn1ccc(C(=O)Nc2ccc(F)c([C@@]3(C)N=C(N)[C@](C)(F)CC3(F)F)c2)n1,False,False,False,False
CCOC(=O)C1CN(C(C)(C)C)C(=O)C1=O,True,True,True,True
COC(=O)c1cc2ccccc2c(N(C(=O)C(=O)O)c2ccccc2C(=O)O)c1O,False,False,False,False
O=S(=O)(c1ccc(Cl)cc1)N1CCCC(c2nc(-c3ccc(F)cc3)no2)C1,False,False,False,False
NC(=O)Oc1ccccc1C(=O)OCc1ccccc1,False,False,False,False
CCOc1cc(S(=O)(=O)NCc2ccc3c(c2)OCO3)c(C)cc1C,False,False,False,False
Cc1cccc(C)c1OCC(=O)Nc1nonc1-c1ccc(Br)cc1,False,False,False,False
COc1ccc(S(=O)(=O)N2CCc3ccccc3C2)cc1,False,False,False,False
CC(C)(C)c1ccc(C2=NC(=O)C(CC(=O)O)S2)cc1,False,False,False,False
Cc1nn(-c2ccccc2)c2nc3c(nc12)/C(=N/N)c1ccccc1-3,False,False,False,False
O=C(Cn1nnc(-c2ccccc2)n1)Nc1ccc2c(c1)OCO2,False,False,False,False
CC(NC(=O)c1ccc(C(C)(C)C)cc1)C(c1cccs1)N1CCOCC1,False,False,False,False
CC1(C)C(=O)c2ccc(C#N)cc2[C@@H](NC(=O)c2ccc(Cl)cc2Cl)[C@@H]1O,False,False,False,False
CCOC(=O)c1cc(=O)c2cc(CSC(=S)N3CCOCC3)ccc2o1,False,False,False,False
COc1cccc(NC(=O)NCC2(c3ccccc3)CCCCC2)c1,False,False,False,False
Cn1ncc(/N=C/c2ccc([N+](=O)[O-])cc2)c1C(=O)Nc1ccccc1,False,False,False,False
COc1cccc(Cl)c1-c1cc(Cl)nc(N)n1,False,False,False,False
O=C(c1ccc(C2=CC3(CCNCC3)Oc3ccccc32)cc1)N1Cc2ccccc2C1,False,False,False,False
CNC(=O)[C@@H](NC(=O)c1ccc(C#Cc2ccc(CN3CCOCC3)cc2)cc1)[C@@H](C)O,False,False,False,False
CN1CC(C(=O)NC(C)(C)CNC(=O)OC(C)(C)C)CC1=O,False,False,False,False
Nc1nc(-c2ccc(O)cc2O)cs1,False,False,False,False
Cc1ccc(S(=O)(=O)n2cnc3c(NCc4ccc(F)cc4F)ncnc32)cc1,False,False,False,False
Cc1cc(Cl)c2cc(C(=O)N[C@H](CO)c3ccc(S(=O)(=O)CC(=O)OCC4COC4)cc3)n(C)c2c1,False,False,False,False
CC(C)c1ccc(-n2cc(C(=O)c3cccc(N)c3)nn2)cc1,True,True,True,True
COCCNc1nc(-c2sc(NC(C)=O)nc2C)cs1,False,False,False,False
COC(=O)c1sc2cccc(F)c2c1S(=O)(=O)NC(C)c1ccccc1,False,False,False,False
O=C(CCc1ccc(Cl)cc1)CC(O)CCc1cccnc1,False,False,False,False
COc1cc(C(=O)N2CCN(S(=O)(=O)c3ccc(C)cc3)CC2)ccc1OCC(=O)N1CCOCC1,False,False,False,False
CCCCCC(=O)N1CCN(S(=O)(=O)c2ccc(OC)cc2)C(C(=O)NO)C1,False,False,False,False
CCOC(=O)c1ccc(NC(=O)Cn2ncc(Cl)c(Cl)c2=O)cc1,False,False,False,False
C[C@H]1CN(Cc2ccccc2)[C@H](C)CN1[C@@H](c1cccc(O)c1)c1ccc2c(c1)CN(CC(=O)O)C2,False,False,False,False
CC1(Br)C2CCCC1C2S(=O)(=O)c1ccccc1,False,False,False,False
CC(N)c1csc(NC(=O)c2cccnc2Oc2ccccc2)n1,False,False,False,False
COc1c(OC)c2c(C)cc3c(O)cccc3c2[nH]c1=O,False,False,False,False
CCNS(=O)(=O)Cc1noc2ccccc12,False,False,False,False
COC(=O)[C@H](C)NP(=O)(OC[C@H]1O[C@@H](n2ccc(=O)[nH]c2=O)[C@](C)(F)[C@@H]1O)Oc1ccc(F)cc1,False,False,False,False
CC[C@@H](CC1CCCCC1)OC(=O)N1CCC(NC#N)C1,False,False,False,False
O=C(CN1C(=O)c2ccccc2S1(=O)=O)NCc1cccs1,False,False,False,False
C=C(C)CN1C(=O)N(CC(=C)C)[C@H](Cc2ccccc2)[C@H](O)[C@@H](O)[C@H]1Cc1ccccc1,False,False,False,False
CCN(C(=O)c1ccc2nnc(C3CCN(C(C)=O)C3)n2c1)C(C)C,False,False,False,False
Cn1c(=O)c2c(ncn2CC(O)CNc2ccc(Br)cc2)n(C)c1=O,False,False,False,False
Cc1ccc(S(=O)(=O)NP(=O)(Oc2ccccc2)Oc2ccccc2)cc1,False,False,False,False
CCOC(=O)C1=C(C)NC(C)=C(C(=O)OCC)C1c1cc2cccc(C)c2nc1Cl,False,False,False,False
COC(=O)c1sc(-c2ccc(Cl)cc2)nc1C(C)C,False,False,False,False
C[C@H]1CN([C@H](C)CO)C(=O)c2cccc(NC(=O)Cc3cn(C)c4ccccc34)c2O[C@@H]1CN(C)Cc1ccccc1,False,False,False,False
Cc1nc(N)c2nn(-c3ccccc3)cc2n1,False,False,False,False
COc1cc(C(=O)NCC(=O)OCC(=O)c2cccc3ccccc23)cc(OC)c1OC,False,False,False,False
CC(=O)Nc1c2c(nn1-c1ccc(Cl)cc1)CSC2,False,False,False,False
CCOC(=O)C1=C(C)NC(=S)NC1c1ccc(NC(=S)Nc2ccc(C)c(C)c2)cc1,False,False,False,False
CC(C)O[P@](=O)(Oc1ccccc1)Oc1ccc([N+](=O)[O-])cc1,False,False,False,False
CCc1ccc([C@H]2[C@@H]3C(=O)C[C@@H]4C(=O)N(c5ccccc5)C(=O)[C@@H]4[C@@H]3CN2S(=O)(=O)c2ccc(C)cc2)cc1,False,False,False,False
Cc1ccc(S(=O)(=O)N2CCCC2C(=O)NCc2ccc3c(c2)OCO3)cc1,False,False,False,False
Cc1cc(NC(=O)c2ccc(C)s2)n(-c2ccccc2)n1,False,False,False,False
O=C(N[C@H]1CN2CCC1CC2)c1cc2ccc3cc(O)ccc3n2c1,False,False,False,False
CS(=O)(=O)c1ccc2sc(NC(=O)c3csc(N=C(N)N)n3)nc2c1,False,False,False,False
O=C(NCC(O)c1ccc(F)cc1)Nc1ccc2nnsc2c1,False,False,False,False
Cc1cc(C)n(CC2CN(Cc3ccc(C(N)=O)cc3)CCO2)n1,False,False,False,False
O=C(NC(CO)Cc1ccccc1)c1ccccc1,False,False,False,False
CCCn1c(SCC(N)=O)nnc1-c1ccco1,False,False,False,False
Cc1cccc(Sc2ccnc(-c3ccccn3)n2)c1,False,False,False,False
CCN(CC)C(=O)c1cccc(C(=O)Nc2ccccc2C(=O)O)c1,False,False,False,False
O=C1NC2=C(CCc3c2cccc3[N+](=O)[O-])CN1c1ccccc1O,False,False,False,False
CCC1(CC)C(=O)N(C(=O)NCc2ccccc2)C1Oc1ccccc1NC(C)=O,False,False,False,False
CCCc1noc(C2CC(=O)N(Cc3ccccc3)C2)n1,False,False,False,False
CCCSc1ccc(C(=O)Nc2ccc(F)cc2F)cn1,False,False,False,False
Cc1cccc(NC(=O)Cn2nc(N3CCN(c4ccccc4)CC3)ccc2=O)c1C,False,False,False,False
Cc1ccccc1CNC(=O)C(=O)NCC(c1ccco1)S(=O)(=O)c1ccc(F)cc1,False,False,False,False
CCN1C(=O)C(C)(C)c2cc(NC(=O)c3ccn(CC)n3)ccc21,False,False,False,False
Cc1ccccc1Nc1c(Nc2ccc(C)c(S(=O)(=O)N(C)C)c2O)c(=O)c1=O,False,False,False,False
CC(=O)NS(=O)(=O)c1ccc(NC(=O)c2cccc(S(=O)(=O)N3CCc4ccccc43)c2)cc1,False,False,False,False
COc1ccccc1NC(=O)c1oc2ccc(C)cc2c1C,False,False,False,False
CCCCNC(=O)c1cc([N+](=O)[O-])[nH]n1,False,False,False,False
COc1ccc(C(=O)NC(=S)Nc2nc(C)cc(C)n2)cc1Br,False,False,False,False
Nc1scc2c(C(=O)O)nn(-c3ccc(F)cc3)c(=O)c12,False,False,False,False
CCCc1cn(S(=O)(=O)c2ccc(OC)cc2OC)nc1N,False,False,False,False
CC(C)[C@H](NC(=O)C[C@H](O)[C@H](Cc1ccccc1)NC(=O)OC(C)(C)C)C(=O)O,False,False,False,False
Cc1ccc(S(=O)(=O)N(CC(=O)Nc2cccnc2)c2cccc(Br)c2)cc1,False,False,False,False
CC(Cc1nnc(N)s1)c1ccccc1,False,False,False,False
O=[N+]([O-])c1cccc(Nc2nc(-c3ccncc3)nc3ccccc23)c1,False,False,False,False
O=C(CSCC1CC1)N1CCCC(c2nccn2Cc2cccnc2)C1,False,False,False,False
CC(=O)Nc1cc(NC(C)=O)cc(C(=O)OCC(=O)c2ccc3c(c2)NC(=O)CO3)c1,False,False,False,False
Cc1cc(C(=O)CSc2nnc(N)s2)c(C)n1CCc1ccc(F)cc1,False,False,False,False
Fc1cccc(Oc2nc3ccccc3n3cccc23)c1,True,True,True,True
CN1C(=O)c2ccccc2[S@+]([O-])c2ccc(C(=O)NCCN3CCCC3)cc21,False,False,False,False
O=C(CS(=O)(=O)c1ccccc1)Nc1nccs1,False,False,False,False
CN(C)C(=O)n1nnnc1Cc1ccc(Oc2ccccc2)cc1,False,False,False,False
CC(C)(C)n1nc2c(c1NC(=O)c1cccs1)C[S+]([O-])C2,False,False,False,False
CN(C)C(=O)c1cccc(Nc2nsnc2N[C@@H](c2ccccc2)C2CC2)c1O,False,False,False,False
Cc1ccc(OCC(=O)N2CCN(c3ccc([N+](=O)[O-])c(N4CCOCC4)c3)CC2)cc1,False,False,False,False
O=S(=O)(Nc1ccccc1F)c1ccc(O)c2ncccc12,False,False,False,False
CC(=O)NNc1ccccc1S(N)(=O)=O,False,False,False,False
CCN(CC(=O)NCc1cccs1)c1nnnn1-c1ccccc1,False,False,False,False
CC(C)(C)c1ccc(Cn2c(C(=O)O)cc3cccc(Cl)c32)cn1,False,False,False,False
CCCCC(=O)Nc1ccc(C(=O)NCCCn2ccnc2)cc1,False,False,False,False
O=C(O)C1Cc2ccccc2CN1C(=O)CSc1nnc2ccccn12,False,False,False,False
CC(C)(O)c1cc(-c2cccc(Cl)c2)ccc1N,False,False,False,False
O=C1NC(=O)C(Cc2ccc(Cc3ccccc3)cc2)S1,False,False,False,False
CC(C)NS(=O)(=O)c1cccc(CNC(=O)c2cccc3c2cnn3-c2ccc(F)cc2)c1,False,False,False,False
CCOc1cc2ncnc(NCCc3ccc(Cl)cc3)c2cc1[N+](=O)[O-],False,False,False,False
COc1c(N2CC[C@@H](CN)C2)c(F)cc2c1N(CCCCN)CC(C(=O)O)C2=O,False,False,False,False
CCOC(=O)C(=O)N/N=C/c1ccco1,False,False,False,False
Nc1cc(-c2ccc(Br)cc2)nc2cc(-c3ccccc3)nn12,False,False,False,False
Nc1nc2ccccc2n1C(=O)c1cccs1,False,False,False,False
CCN(CC)C(=O)OC[C@@H](C)N(c1cc(Cl)ccc1CO)S(=O)(=O)c1ccc(Cl)cc1,False,False,False,False
O=C(C1CCCO1)N1CCN(C(=O)C23CC4CC(CC(C4)C2)C3)CC1,False,False,False,False
CC(C)C[C@H](NC(=O)c1cccc(F)c1)C(=O)NCC#N,False,False,False,False
COc1ccc(OC)c(C(C)NC(=O)C23CC4CC(CC(C4)C2)C3)c1,False,False,False,False
COc1ccccc1C(=O)Nc1cc2c(cc1N(C)C)n(C)c(=O)n2C,False,False,False,False
CN1CCN(c2ccc(S(=O)(=O)N3CCCCC3)cc2[N+](=O)[O-])CC1,False,False,False,False
COc1ccc(NC(=S)c2ccc(O)cc2O)cc1O,False,False,False,False
O=C(Nc1nnc(CCc2ccccc2)s1)c1cccs1,False,False,False,False
COc1cc(CNC(C)C23CC4CC(CC(C4)C2)C3)cc(OC)c1OC,False,False,False,False
O=C(Nc1c(C(=O)N2CCCCC2)cnn1-c1ccccc1)c1ccccc1,False,False,False,False
Cc1ccc(NC(=O)c2cc(S(=O)(=O)NCCC3=CCCCC3)ccc2F)cc1C,False,False,False,False
O=C1C=C(NCc2ccccc2)C2(CCCCC2)O1,False,False,False,False
CNS(=O)(=O)c1cc(C(=O)NC2COc3ccccc3C2)ccc1OC,False,False,False,False
CCCCCCCCCCS(=O)(=O)O,False,False,False,False
COc1cc(OC)cc(-c2nnc3n2N=C(c2ccc(OC)cc2OC)CS3)c1,False,False,False,False
O=[N+]([O-])c1ccc(-c2noc(-c3ccccc3)c2C2=NCCN2)cc1,False,False,False,False
O=C1CC2(CCSC2)C(=O)N1Cc1ncc(-c2ccccc2)o1,False,False,False,False
CNC(=O)c1ccc2c(c1)C(C)(C)CCC2(C)C,False,False,False,False
CC(C)CSCCCNC(=O)C1CCOCC1,True,True,True,True
CC(C)(C)OC(=O)n1cc(C=O)c2ccccc21,False,False,False,False
CSC(=O)C#CC(C)(C)N(C)Cc1ccccc1,False,False,False,False
COc1cc(C(=O)NNc2c3c(nc4ccccc24)CCCC3)cc(OC)c1OC,False,False,False,False
Cc1cc(NC(=O)COc2ccc(C(C)(C)C)cc2)no1,False,False,False,False
O=C(Nc1cc(Cl)cc(Cl)c1)C(NCCO)c1ccccc1,False,False,False,False
COc1ccc([C@@H]2CC(=O)c3c(O)cc(OC(=O)c4ccccc4C)cc3O2)cc1O,False,False,False,False
Cc1c(NC(=O)CSc2nnc(NC(=S)Nc3ccccc3)s2)c(=O)n(-c2ccccc2)n1C,False,False,False,False
CC(C)[C@@H]1CC[C@@](C)(O)[C@@H]2CCC(CO)=C[C@@H]12,False,False,False,False
CN1C(=O)c2ccccc2[S+]([O-])c2ccc(C(=O)NCCN3CCCCC3)cc21,False,False,False,False
CC(C)/C=N\NC(=O)CCCCC(=O)N/N=C/C(C)C,False,False,False,False
Cc1nn2c(=O)cc(-c3ccc([N+](=O)[O-])cc3)[nH]c2c1C1CCCC1,False,False,False,False
O=c1oc2ccc(O)cc2n1Cc1cccc(O)c1,False,False,False,False
CNS(=O)(=O)c1ccc(N(C)C)c(Nc2ncnc3ccc(N)cc23)c1,False,False,False,False
COc1ccccc1CNC(=O)CSc1nn2c(=O)c(C(C)(C)C)nnc2s1,False,False,False,False
O=C(NC1(C(=O)O)CCCC1)C1Cc2cc(F)ccc2O1,False,False,False,False
CNC(=O)[C@@H](Cc1ccccc1)NC(=O)Nc1n[nH]c(=S)s1,False,False,False,False
CCC(C(=O)NCc1ccccc1)N(C)C(C)=O,False,False,False,False
COc1ccc(/C=C(/C#N)c2ccc(OC)c(OC)c2)cc1N,False,False,False,False
CCC1=NS(=O)(=O)c2cnccc2N1,False,False,False,False
COc1ccc2c(c1)oc1c(Nc3ccc(C#N)cc3)ncnc12,False,False,False,False
O=C(NC1CCCCC1)Oc1cc2oc(=O)sc2cc1Br,False,False,False,False
CNC(=O)c1cc(CNc2ncsc2C(=O)Nc2ccc3c(c2)OC(F)(F)C(F)(F)O3)ccn1,False,False,False,False
O=C(NNS(=O)(=O)c1ccccc1)c1cnc2ccccc2c1,False,False,False,False
CCOC(=O)C1CCN(C(=O)CCNS(=O)(=O)c2cc(Br)cnc2N)CC1,False,False,False,False
CCN(CC(=O)NCc1ccc(F)cc1)C(=O)COc1ccccc1[N+](=O)[O-],False,False,False,False
Cc1ccc(NC(=O)NC(=S)NC(=O)c2ccccc2)cc1,True,True,True,True
CCOc1ccc(NS(=O)(=O)c2ccc(C(=O)NCC(c3ccc(OC)cc3)N3CCCC3)cc2)cc1,False,False,False,False
Cc1cccc(NC(=O)c2ccc([N+](=O)[O-])s2)n1,False,False,False,False
CCOC(=O)c1c(C)n(CCOc2ccccc2)c2ccc(O)cc12,False,False,False,False
CC1CC(C)CN(S(=O)(=O)c2ccc(Nc3cccc(CO)c3)c([N+](=O)[O-])c2)C1,False,False,False,False
COc1ccc(/C=C/c2cc(OC)c(O)c(OC)c2)cc1,False,False,False,False
Nc1ccc(OC[C@@H](O)CNCCc2ccc(NS(=O)(=O)c3ccccc3)cc2)cn1,False,False,False,False
O=S(=O)(NCC1(O)CCOCC1)c1c(F)cccc1F,False,False,False,False
O=C(NCCCl)Nc1ccc2ncnc(Nc3cccc(Br)c3)c2c1,False,False,False,False
CC(C)(C)OC(=O)N1CC2C(CO)OC(=O)N2c2ccc(-c3ccc(C4(C#N)CC4)nc3)cc21,True,True,True,True
O=C(N[C@@H](Cc1ccc([N+](=O)[O-])cc1)C(=O)N[C@H](CO)Cc1ccccc1)c1ccccc1,False,False,False,False
CN(CC(=O)NCc1ccncc1)S(=O)(=O)c1ccc(Br)cc1,False,False,False,False
CCc1c(C)nc(OC)c(NC(=O)C(C)(C)C)c1Cc1ccccc1,False,False,False,False
Cc1ccc(-c2cc(=O)c(O)c(C(=O)O)[nH]2)cc1,False,False,False,False
CC(C)OSN(C(=O)c1ccccc1)N(C(=O)c1ccccc1)C(C)(C)C,False,False,False,False
COC(=O)[C@H](CC(C)C)NC(=O)CC/C(C)=C/Cc1c(O)c2c(c(C)c1OC)COC2=O,False,False,False,False
CCn1c(-c2ccc(C(N)=O)cc2)c(C#N)c2ccc(OC)cc21,False,False,False,False
COc1ccc(NC(=O)CN(c2ccccc2F)S(=O)(=O)c2ccc(C)cc2)cc1,False,False,False,False
CC(NCc1ccccc1N)c1ccccc1,False,False,False,False
COc1cccc(C2(c3cccc(OC)c3)CC2C(=O)Nc2ccc(F)cc2)c1,False,False,False,False
O=C(NCC12CCCN1CCC2)c1ccc(Br)cc1,False,False,False,False
CCC1(O)CC(=O)OCc2c1cc1n(c2=O)Cc2c-1nc1ccc(OC)cc1c2C(=O)c1ccc(OC)cc1,True,True,True,True
CCn1nc(C)c(NC(=O)Nc2cccc(Cl)c2Cl)c1C,False,False,False,False
COc1cccc(C(=O)N(C)c2ccc(Oc3ccc(O)cc3)c(C)c2)c1,False,False,False,False
Cc1ccccc1CNC(=O)Cn1c(C)c2cnn(-c3ccccc3)c(=O)c2c1C,False,False,False,False
CNCCN[C@@H]1c2cc3c(cc2[C@@H](c2cc(OC)c(O)c(OC)c2)[C@H]2C(=O)OC[C@H]12)OCO3,False,False,False,False
CC(C)(C)[Si](F)(CCNC(=O)Cc1ccccc1)C(C)(C)C,False,False,False,False
N[C@@H](C[C@@H](C/C=C/c1ccc(F)cc1)C(=O)O)C(=O)O,False,False,False,False
Cc1ccc(S(=O)(=O)N2C[C@@H](C(=O)O)[C@H](SCC(C)C)C[C@H]2c2ccccc2F)cc1,False,False,False,False
O=c1oc2cc(OCCCOc3ccc4c(c3)CCCC4)ccc2c(O)c1[N+](=O)[O-],False,False,False,False
C[C@H]1CN([C@H](C)CO)C(=O)c2cc(Br)cnc2O[C@H]1CN(C)C(=O)Nc1ccc2c(c1)OCO2,False,False,False,False
CCC(=O)NCCc1nc2cc(NC(=O)c3cccc([N+](=O)[O-])c3)ccc2n1C,False,False,False,False
Cc1c(S(=O)(=O)Nc2ccc(C(=O)NCC(=O)O)cc2S(C)(=O)=O)sc2ccc(F)cc12,False,False,False,False
CCCC1C(=O)N(c2ccccc2)C1c1ccccc1,False,False,False,False
Brc1cccc(COc2ccc3c(c2)OCCO3)c1,False,False,False,False
Cc1ccc(-n2nc(C(C)(C)C)cc2NC(=O)Nc2ccc(-n3cnnc3)cc2)cc1,True,True,True,True
Cc1ccc(NNC(=O)C(=O)c2c[nH]c3ccc([N+](=O)[O-])cc23)cc1,False,False,False,False
Cc1ccc(S(=O)(=O)N2CCN(c3nc(-c4cnccn4)nc4ccccc34)CC2)cc1,False,False,False,False
N#Cc1c(N)c(C(=O)c2ccc(Br)cc2)n2c1CCC2,False,False,False,False
O=C(CNC(=O)c1ccoc1)NC(c1ccc(F)cc1)C(F)(F)F,False,False,False,False
O=c1c2ccccc2nc2n1CCCCC2,False,False,False,False
COc1ccc(NS(=O)(=O)c2ccc(Oc3ncccn3)cc2)cc1,False,False,False,False
CCNS(=O)(=O)c1ccc(NC2CCCCC2)c(NCc2ccccc2)c1,False,False,False,False
CC1CCN(c2nc(C(C)(C)C)ccc2CNC(=O)Cc2ccc3c(c2)CCC3)CC1,False,False,False,False
NC(=O)C(=O)NCCCN1CCOCC1,False,False,False,False
CN1CCN(c2ccc(S(=O)(=O)Oc3ccc(Cl)cc3)cc2)C1=O,False,False,False,False
CC(C)(C)c1ncc(C(=O)Nc2cc(O)ccc2Cl)nc1Cl,False,False,False,False
Cc1ccc(S(=O)(=O)Oc2ccc(/C=C(/NC(=O)c3ccccc3)C(=O)NC(C)C(=O)O)cc2)cc1,False,False,False,False
CN1C(=O)C2(N=C1N)c1cc(Br)ccc1OC21CCc2ccccc2CC1,False,False,False,False
O=C(O)c1cc(NCCc2ccccc2)ccc1NS(=O)(=O)c1ccccc1,False,False,False,False
O=C(CN1CCCCC1)NC1CCc2cc3c(cc21)CCC3,False,False,False,False
CCCC(=O)OCC(=O)Nc1ccc(OC(F)F)cc1,False,False,False,False
O=[N+]([O-])c1ccc(-c2cccnc2)c(OCCCc2ccccc2)c1,False,False,False,False
CCN1C(=O)c2ccccc2[S+]([O-])c2ccc(C(=O)NCc3cccc(OC)c3)cc21,False,False,False,False
N#CC1(c2ccc(NC(=O)c3cccnc3NCc3ccncc3)cc2)CCCC1,False,False,False,False
N#CCc1ccc(Nc2ncnc3ccc(-c4cccc(O)c4)cc23)cc1,False,False,False,False
CCO[C@H]1CN(C(=O)c2ccnnc2)[C@@H]2COC[C@@H]21,False,False,False,False
CC1(c2cc(NC(=O)c3ccc(Cl)cn3)ccc2F)CCSC(N)=N1,False,False,False,False
CCNC(=O)[C@@H]1C[C@H](NC(=O)c2ccc(C)s2)CN1Cc1ccc(C)o1,False,False,False,False
O=C(O)c1ccc(F)c(F)c1Nc1ccccc1,False,False,False,False
O=C1c2ccccc2-n2c1nc1c(c2=O)CCCC1,True,True,True,True
CCCCCCCCCCOC(=O)CCCCCCCN,False,False,False,False
Cc1nc2cc(F)cc(C(=O)N3CCN(CC(C)O)CC3)c2nc1C,False,False,False,False
CC(=O)NC1=NN(C(C)=O)C(C)(c2ccc3ccccc3c2)S1,False,False,False,False
O=C(O)c1ccc(COc2ccc(Cl)cc2)o1,False,False,False,False
CC1(C)Oc2cc(O)ccc2C2C1=CCn1c(=O)n(Cc3ccccc3)c(=O)n12,False,False,False,False
CC(Oc1ccccc1)C(=O)Nc1nc(-c2ccccn2)cs1,False,False,False,False
COC(=O)c1cc2ccccc2c(=O)s1,False,False,False,False
O=C(O)CNC(=O)c1ccc2oc(C(=O)NCC(=O)O)cc(=O)c2c1,True,True,True,True
O=C(CNS(=O)(=O)c1cccs1)NCc1ccccc1,False,False,False,False
C=CC[C@@](C)(CO)[C@@H](O)C(=O)NCCC(=O)NCCCCC,True,True,True,True
CCOC(CC(=O)O)c1ccc(OCc2cc(C)nn2C)cc1,False,False,False,False
O=S(=O)(c1ccc(-c2cnc(C3CC3)o2)cc1)N1CCCCC1,False,False,False,False
CC[C@@H](N)CNc1nc(-c2ccncc2)nc2sc3c(c12)CCCC3,False,False,False,False
O=C(CN1C(=O)C(=O)c2ccccc21)Nc1ccccc1,False,False,False,False
COc1ccc(/C=C/c2cc(OC)c(OC)c(OC)c2OC)cc1O,False,False,False,False
CC(=O)N1CCN(C(=O)C(C)n2cncn2)CC1,False,False,False,False
CCCNc1ccc(C(=O)OCC)cc1[N+](=O)[O-],False,False,False,False
Oc1ccc(C(=S)N2CCCCC2)cc1,False,False,False,False
COc1ccc(-c2nnc(NC(=S)NC(=O)COc3ccc([N+](=O)[O-])cc3)o2)cc1,False,False,False,False
COc1cc2ncnc(Nc3ccc([N+](=O)[O-])cc3)c2c(OC)c1OC,False,False,False,False
CCOC(=O)[C@]1(C)CCC[C@]2(C)[C@@H]1CC[C@@]13C[C@H](N)[C@@](C)(CC[C@@H]21)C3,False,False,False,False
NCCNC(=O)c1cc(NC(=O)c2cc(-c3ccccn3)c(Cl)cc2Cl)n(-c2ccccc2)n1,False,False,False,False
CC(=O)N[C@@H](C)c1ccc(-c2cc3ncn(C)c(=O)c3c(NC(C)C)n2)cc1,False,False,False,False
NCC1CN(C(=O)Cn2ncc(N3CCCCC3)cc2=O)CCO1,False,False,False,False
C[C@H](CS)C(=O)N1CCC[C@H]1C(=O)O,False,False,False,False
COc1cc(C(=O)N/N=C/c2ccsc2C)cc(OC)c1OC,False,False,False,False
Cc1ccc(C(C)NC(=O)c2ccncc2)cc1C,False,False,False,False
NC(CCc1ccccc1)P(=O)(O)CC(Cc1ccc(O)cc1)C(=O)O,False,False,False,False
Cc1ccc(C2CSCCN2C(=O)c2ccc(C(N)=O)cc2)o1,False,False,False,False
O=C(Nc1c2c(nn1-c1ccc(F)cc1)C[S+]([O-])C2)c1ccc2c(c1)OCO2,False,False,False,False
CN(C)C(CNC(=O)c1ccc(-c2ccccc2)cc1)c1ccccc1,False,False,False,False
Cc1cc(-c2ccc(C(=O)c3cccc(O)c3)cn2)ccc1O,False,False,False,False
CO[C@H]1C[C@@]2(C)[C@@H](CC[C@]2(C)O)[C@@H]2CCc3cc(O)ccc3[C@@H]12,False,False,False,False
CCC1CCCCN1C(=O)Cn1nc([N+](=O)[O-])c(Cl)c1C,False,False,False,False
C[C@@H](NC(=O)[C@@]1(Cc2ccccc2)CCN1C(=O)OCc1ccccc1)C(N)=O,False,False,False,False
Cc1nn(C(C)C(=O)N2CCOCC2)c(C)c1[N+](=O)[O-],False,False,False,False
O=c1c2ccccc2nc2n1CCCCCC2,False,False,False,False
O=[N+]([O-])c1cncc(S(=O)(=O)Nc2ccccc2)c1,False,False,False,False
CO[C@H](c1ccccc1)[C@H](O)[C@H]1CC=CC(=O)O1,False,False,False,False
CCOc1ccc(C(=O)COC(=O)c2cc(S(=O)(=O)N3CCCCC3)ccc2N2CCOCC2)cc1,False,False,False,False
CCC(CC)Nc1ncnc2c1ncn2C1O[C@H](C(=O)N(C)C)[C@@H](O)[C@H]1O,False,False,False,False
COc1ccccc1/C=N/N=C(\N)NO,False,False,False,False
CC[C@@H]1OCC(=O)[C@H]1NC(=O)[C@H](CC1(C)CCCC1)NC(=O)c1ccc(NS(=O)(=O)c2ncc(C)s2)cc1,False,False,False,False
CCc1ccccc1NC(=O)Nc1nnc(N(CC)c2ccccc2)s1,False,False,False,False
Cc1nn(Cc2cccc(F)c2)c(C)c1NC(=O)c1c([N+](=O)[O-])c(C)nn1C,False,False,False,False
O=C1C(CN2CCCCC2)CCC1CN1CCCCC1,False,False,False,False
Cc1cc2c(cc1S(=O)(=O)Nc1ccc(OC(F)(F)F)cc1)OCC(=O)N2,False,False,False,False
CC1(C)CCC(C)(C)c2cc(C(=O)Nc3cc(F)c(C(=O)O)c(F)c3)c(O)cc21,False,False,False,False
Cc1ccc(S(=O)(=O)N(C)Cc2nc(-c3ccncc3)no2)cc1,False,False,False,False
Cc1cc(C(=O)NNC(=O)c2ccc(Cl)cc2)c2ccccc2n1,False,False,False,False
CCCNC(=O)c1cn2ncnc(Nc3cc(NC(=O)OC(C)C)ccc3C)c2c1C,False,False,False,False
CNC(=O)[C@@H](NC(=O)Nc1n[nH]c(=S)s1)c1ccccc1,False,False,False,False
COC(=O)C1=C(C)NC(C)=C(C(=O)O[C@@H]2CO[C@@H]3[C@@H](O)CO[C@H]23)C1c1ccccc1[N+](=O)[O-],False,False,False,False
COc1cc(/C=C(\C#N)c2ccccc2C#N)cc(OC)c1OC,False,False,False,False
O=C(NCCNC(=O)c1ccco1)c1ccc(Cl)c(Cl)c1,False,False,False,False
Cc1cccc(C(=C2C(=O)Nc3ccccc32)c2nc3ccccc3[nH]2)c1,False,False,False,False
CN(C)c1cc2c(Nc3cccc(Br)c3)ncnc2cn1,False,False,False,False
O=C(CS(=O)(=O)c1ccccc1)c1ccc2c(c1)OCCO2,False,False,False,False
Cc1ccc(NCn2nc(-c3ccc(C)cc3)oc2=S)cc1,False,False,False,False
Cn1cc([N+](=O)[O-])cc1-c1nnc(Cc2ccc(F)c3ccccc23)o1,False,False,False,False
CCCc1cc(=O)oc2c3c(cc(OCC(=O)N4CCC[C@H]4C(=O)O)c12)OC(C)(C)CC3,False,False,False,False
COc1ccc(C2N=C(N)Nc3nc4ccccc4n32)cc1,False,False,False,False
CC(OC(=O)c1cc2c(s1)CCCCC2)C(=O)NC(N)=O,False,False,False,False
COc1cc(-c2ccc(O)cc2)cc(C=O)c1O,False,False,False,False
COc1c(C)c(O)c2c(c1C=O)O[C@H](c1ccccc1)CC2=O,False,False,False,False
O=C(N1CCOCC1)C1(c2ccccc2)CCCC1,False,False,False,False
COC(=O)C1=C(C)N=C(C)/C(=C(/O)OC)C1c1ccccc1OCc1no[n+]([O-])c1C(N)=O,False,False,False,False
CCc1ccc(S(C)(=O)=O)c(C(=O)c2ccc(Cl)cc2)c1,False,False,False,False
COc1c(N2C[C@@H](N)C3(CC3)C2)c(F)cc2c(=O)c(C(=O)O)cn([C@@H]3C[C@@H]3F)c12,False,False,False,False
NS(=O)(=O)c1cc(C(=O)O)c(SCCc2ccccc2)cc1Cl,False,False,False,False
NC(=O)c1ccccc1Nc1ccc(/C=C/c2ccccc2)cc1,False,False,False,False
CCC(CC)C(=O)NC1CCCc2nc(N3CCOCC3)ncc21,False,False,False,False
Nc1sccc1C(=O)c1cccc(F)c1,False,False,False,False
COc1cc(C)sc1C(=O)N1CC(c2cccnc2)C1,False,False,False,False
CNC(=O)C(C(=O)NO)N(C)C(=O)c1ccc(-c2ccc3c(c2)OCC3)cc1,False,False,False,False
Cc1ccc(C(=O)Nc2cc(C(C)(C)C)n[nH]2)cc1Nc1ncnc2cncnc12,False,False,False,False
CC(=O)Nc1ccc([N+](=O)[O-])cc1-c1nc2cccc3c2n(c1=O)CCO3,True,True,True,True
CCC[C@@H]1O[C@@H]2C[C@@H]3[C@@H]4CCC5=CC(=O)C=C[C@@]5(C)[C@H]4[C@H](O)C[C@@]3(C)[C@@]2(C(=O)CO)O1,False,False,False,False
O=C(NCC(=O)N1CCCCC1)Nc1ccc2nnsc2c1,False,False,False,False
COc1ccc2cc(C(=O)Nc3nccs3)cnc2c1,False,False,False,False
O=S(=O)(c1ccc(F)cc1)N1CCN(c2ccccn2)CC1,False,False,False,False
CS(=O)(=O)NC(=O)c1ccc(C(F)(F)F)cc1,False,False,False,False
O=C(O)c1cn(OCCO)c2cc3c(cc2c1=O)OCO3,False,False,False,False
O=C(O)c1cccc(NC(=O)c2ccccc2NC(=O)c2ccc(Br)cc2)c1,False,False,False,False
C#C[C@]1(O)CC[C@H]2[C@@H]3CCc4cc(OC)c(O)cc4[C@H]3CC[C@@]21C,False,False,False,False
COc1ccc(C2(CNC(C)=O)CCCC2)cc1OC,False,False,False,False
COc1ccc(C2C(OC(C)=O)C(=O)N2c2cc(OC)c(OC)c(OC)c2)cc1N,True,True,True,True
COc1ccccc1NC(C)C(=O)Nc1ccc(C(C)=O)cc1,False,False,False,False
CCOc1ccccc1NC(=O)CCNS(=O)(=O)c1ccc(NC(C)=O)cc1,False,False,False,False
O=C(Nc1ccccc1[N+](=O)[O-])C1C(c2ccccc2)=C1c1ccccc1,False,False,False,False
Nc1nnc(-c2ccc(C(=O)O)cc2)s1,False,False,False,False
COC(=O)C1C(c2ccc(-c3ccccc3[N+](=O)[O-])cc2)CC2CCC1N2C,False,False,False,False
O=c1c2c(O)cc(O)cc2ncn1-c1cccc(O)c1,False,False,False,False
COc1cc(OC)cc(C(=O)c2ccc(N(C)C)c3ccccc23)c1,False,False,False,False
COC(=O)c1cc2c(ccn2-c2ccc(F)cc2)n1CC(C)C,False,False,False,False
NC(=O)c1ccc(N2CCc3ccccc3C2=O)cc1,False,False,False,False
O=C(c1ccc(F)c(O)c1)c1cccc(-c2ccc(F)cc2)n1,False,False,False,False
COc1cc2c(c(O)c1C)C(=O)[C@@]1(O)c3cccc(OC)c3OC[C@@H]1O2,False,False,False,False
O=C(Nc1cccc2ncccc12)c1cccc(Br)c1,False,False,False,False
O=C1N(Cc2ccc(Cl)cc2)CCC12CCN(S(=O)(=O)c1ccc(F)cc1)CC2,False,False,False,False
CC(C)CN1CC2CC(NC(=O)c3nn(C)c4ccccc34)CC(C1)N2C,False,False,False,False
CC1CN(c2c(F)cc3c(=O)c(C(=O)O)c4scc5n4c3c2OC5)CCN1,False,False,False,False
C#Cc1cc(Oc2cnc(NC(=O)CCC)nc2N)c(C(C)C)cc1OC,False,False,False,False
C/C(=N/O)C1=CCC2[C@@H]3CC=C4C[C@@H](O)CC[C@]4(C)[C@H]3CC[C@]12C,False,False,False,False
CC(C)c1n[nH]c(C2CN(C(=O)c3cc(C4CC4)on3)CCO2)n1,False,False,False,False
O=C(NCCCCNC(=O)c1c(F)c(F)c(F)c(F)c1F)c1c(F)c(F)c(F)c(F)c1F,True,True,True,True
COc1cc(N=C(N)S)c(OC)cc1Cl,False,False,False,False
O=C(O)c1ccc(-c2cn(-c3cc(C(=O)O)cc(-c4ccc(C5CCNCC5)cc4)c3)nn2)cc1,False,False,False,False
CCn1c(SCC(=O)Nc2ccccc2F)nnc1-c1ccoc1C,False,False,False,False
CC(O)CNC(=O)Nc1ccccc1N1CCCC1,False,False,False,False
COc1ccc(CN2C(=O)C(=O)c3cc(S(=O)(=O)N4CCC[C@H]4CF)ccc32)cc1,False,False,False,False
NCC(Nc1ncnc2c(C(N)=O)cccc12)c1cccc(NC(=O)c2ccc(F)cc2)c1,False,False,False,False
CC(C)CNc1cc(NCCNc2cc(-c3ccccc3)nc(N)n2)ncn1,False,False,False,False
CN(C)c1c(F)cc(C(=O)NCc2ccccc2)cc1F,False,False,False,False
O=C(O)CCc1c(C(=O)O)[nH]c2c([N+](=O)[O-])ccc(-c3ccc(F)cc3)c12,False,False,False,False
Nc1ccc(-c2cccc(-c3cc(=O)cc(N4CCOCC4)s3)c2)cc1,False,False,False,False
OC1CCCc2nc(C#Cc3ccccc3)ccc21,False,False,False,False
Cc1cn2c(=O)c(C(=O)NCc3ccc4c(c3)OCO4)cnc2s1,False,False,False,False
O=C(c1ccc(F)cc1)N1CC(=O)N2[C@@H](CO)[C@@H](c3ccc(C#Cc4ccc(F)cc4)cc3)[C@@H]2C1,False,False,False,False
CN(C)S(=O)(=O)c1ccc(C(=O)Nc2nc(-c3cc4ccccc4o3)cs2)cc1,False,False,False,False
O=C(CCCCCCCCCCOc1cc(O)cc(O)c1)NC1CC1,False,False,False,False
O=c1cc(-c2cccc(O)c2)oc2ccc(O)cc12,False,False,False,False
CN[C@@H](C)C(=O)N[C@H]1CCC[C@H]2C[C@H]3CCN(S(=O)(=O)c4ccccc4)C[C@H]3N2C1=O,False,False,False,False
CC(=O)Nc1ncc(SCC(=O)O)s1,True,True,True,True
NC1CCN(C(=O)OCC2CCc3ccccc3N2S(=O)(=O)c2ccc(Cl)cc2)CC1,False,False,False,False
Cc1ccc(-c2nc(CCNC(=O)C(=O)Nc3c(C)cccc3C)cs2)cc1,False,False,False,False
CCc1ccc2c(c1)C(c1ccccc1)(c1ccccc1)C(=O)N2,False,False,False,False
Cc1ccc(C(=O)NCCCn2ccnc2)cn1,False,False,False,False
Cc1ccc(S(=O)(=O)NC2CC2)cc1,False,False,False,False
O=C(O)c1c(O)c(Cc2ccc(Cl)cc2)nc2c(Br)cccc12,False,False,False,False
N[C@H](C(=O)O)C(Cc1cccc(Br)c1)C(=O)O,False,False,False,False
COc1cnn(-c2ccc([N+](=O)[O-])cc2)c(=O)c1Cl,False,False,False,False
O=C(C1CCN(S(=O)(=O)c2cccc3nonc23)CC1)N1CCCCC1,False,False,False,False
O=[N+]([O-])c1ccc(OCc2cn(C(c3ccccc3)c3ccccc3)nn2)cc1,False,False,False,False
CCc1cccc(NS(=O)(=O)c2csc(C(N)=O)c2)c1,False,False,False,False
COc1ccc(C(=O)Nc2nc3ccc4nc(SC)sc4c3s2)cc1,False,True,True,True
COc1ccc(-c2sc(C(=O)O)cc2-c2cc(OC)c(OC)c(OC)c2)cc1O,False,False,False,False
COc1cc(C2C(C#N)=C(N)Oc3cc(N)ccc32)cc(OC)c1OC,False,False,False,False
CC(CN(C)C)Oc1cc(Oc2ccc(S(C)(=O)=O)cc2)cc(C(=O)Nc2nccs2)c1,False,False,False,False
O=[N+]([O-])c1ccc2cc(-c3nnc(-c4ccc(O)cc4)o3)oc2c1,False,False,False,False
COc1ccccc1-c1csc(NC(=O)C(=O)O)n1,False,False,False,False
CCOc1ccc(OCC(=O)Nc2nc(-c3ccc(OC)cc3)c(C)s2)cc1,False,False,False,False
CCOC(=O)C1=C(c2ccccc2)Nc2ncnn2C1c1cc(OC)cc(OC)c1OC,False,False,False,False
Cn1nc(CC(F)F)cc1C(=O)NCc1ccc(C(C)(C)C)cc1,False,False,False,False
CC1=N/C(=C\c2ccc(N)cc2)C(=O)N1Nc1nnc(NN2C(=O)/C(=C/c3ccc(N)cc3)N=C2C)c2ccccc12,False,False,False,False
CCOc1ccc(NC2=NC(=O)C(CC(=O)Nc3ccccc3)S2)cc1,False,False,False,False
Cc1ccc(CC(CS)C(=O)O)cc1C,False,False,False,False
COC(=O)c1cc(=O)c2cc(NC(=O)Nc3cc(OC)c(OC)c(OC)c3)ccc2[nH]1,False,False,False,False
CCOP(=S)(NCCC[C@H](N)C(=O)O)OCC,True,True,True,True
COc1ccc(C(CN)Nc2ncnc3c(C(N)=O)cccc23)cc1OC,False,False,False,False
CCOC(=O)C1CCCN(c2c(NCCc3ccc(Cl)cc3)c(=O)c2=O)C1,False,False,False,False
COc1cccc(CN2C(=O)c3cccc(N)c3C2=O)c1,False,False,False,False
O=C(c1ccc([N+](=O)[O-])cc1)N1CCOCC1,False,False,False,False
CCN(c1ccccc1)S(=O)(=O)c1ccc(C(=O)Nc2nnc(C3CC3)o2)cc1,False,False,False,False
Cc1nc(N)nc(-c2cccnc2Nc2ccc(NC(=O)Nc3cccc(F)c3)nc2)n1,False,False,False,False
CC/N=C(\NCc1nc(Cl)cnc1N)Nc1ccc(NC(=O)OC(C)(C)C)cc1,False,False,False,False
Cc1ccccc1C(=O)Nc1ccccc1,False,False,False,False
CCCCCCCCC(=O)OC[C@@H](O)COP(=O)([O-])OCC[N+](C)(C)C,False,False,False,False
Cc1ccccc1C(=O)c1cc(O)ccc1O,False,False,False,False
CC(N)C1CCN(c2c(F)cc3c(=O)c(C(=O)O)cn(C4CC4)c3c2F)C1,False,False,False,False
CCCNC(=O)c1cc2c(cc1OC)[C@@]1(C)Cc3cnc(C)nc3C(C)(C)C1CC2,False,False,False,False
C=C(C)[C@@H](OC(=O)c1cccc2ccccc12)C(N)=O,False,False,False,False
C=Cc1c(-c2ccccc2)nn(-c2ccccc2)c(=O)c1N,False,False,False,False
C=C(c1ccc(S(=O)(=O)c2ccc(OC)cc2)cc1)C1CCN(C2CCN(S(=O)(=O)C(C)C)CC2)CC1,False,False,False,False
CCCCCCCCn1c2nc(=O)n(-c3ccccc3)c(=O)c-2cc2c([N+](=O)[O-])cccc21,True,True,True,True
Cc1cc2oc(-c3ccccc3)cc(=O)c2c(C)c1Cl,False,False,False,False
CC1CNC(Nc2c(Cl)cccc2Cl)=N1,False,False,False,False
COc1ccc(-c2nc3cc([N+](=O)[O-])ccc3s2)cc1,False,False,False,False
Cc1ccc(C(=O)NS(=O)(=O)c2ccc3c(c2)OCCCO3)o1,False,False,False,False
O=C(Nc1nnc(-c2cccc([N+](=O)[O-])c2)s1)c1cccs1,False,False,False,False
CCCCCCCCCCCCNC(=O)N[C@@H](CO)[C@@H](O)c1ccc([N+](=O)[O-])cc1,False,False,False,False
Cc1cc(=O)[nH]c(-n2nc(C)cc2NC(=O)c2ccc(S(=O)(=O)N3CCCCC3)cc2)n1,False,False,False,False
CNC(=O)C1C(S)=NC(N)=C(C#N)C1c1ccccc1,False,False,False,False
CN(C(=O)c1ccc2c(c1)C(O)(C(F)(F)F)c1ccccc1-2)c1ccccc1,False,False,False,False
O=C(NC1CCCC1)C1c2ccccc2C(=O)N1C1CCCCC1,False,False,False,False
CC1(C)CC(=O)C=C(NC2CCCCCCC2)C1,False,False,False,False
CCOc1ccc(CCn2c3c(c(=O)[nH]c2=O)C(NC(=O)c2ccccc2)(C(F)(F)F)C(=O)N3)cc1OCC,False,False,False,False
CO[C@@H]1C=CC[C@@H]2Oc3ccc(F)cc3C(=O)[C@@]21C#N,False,False,False,False
Cc1ccc(NS(=O)(=O)c2cccc(C(=O)N3CCCCCC3)c2)cc1,False,False,False,False
CC(C)CCNC(=O)c1cc2c(O)nc3ccccc3c2s1,False,False,False,False
C[C@@](Cc1ccccc1)(NC(=O)[C@@H](N)Cc1ccccc1)C(N)=O,False,False,False,False
NC(=O)CCn1ccc(NC(=O)c2ccc(Br)o2)n1,False,False,False,False
COc1cc(CCC(=O)Oc2ccc(C(C)=O)cc2)cc(OC)c1OC,False,False,False,False
CCC(C(=O)NCc1ccccc1)N1C(=O)CCC1=O,False,False,False,False
CCOC(=O)c1sc(NC(=S)NC(=O)C2CC2)cc1C,False,False,False,False
CC(C)COC(=O)Nc1cccnc1C(=O)Nc1nccs1,False,False,False,False
CC(=O)Nc1ccc(S(=O)(=O)N2CCN(C(=O)N3CCCC3)CC2)cc1,False,False,False,False
CCCN1C(=O)C2(SC(NC(C)=O)=NN2C(C)=O)c2cc(C)cc(C)c21,True,True,True,True
COc1cc(C(=O)c2ccc3c(c2)c(C(=O)O)cn3C)cc(OC)c1OC,False,False,False,False
CCOC(=O)C(=O)Nc1nc(-c2ccc3c(c2)OCCO3)cs1,False,False,False,False
O=C(NCC1(CO)CC1)c1cccc2ccccc12,False,False,False,False
CN1CCC(CNC(=O)c2c(C(N)=O)nc3n2CCOc2cc(F)c(C#CC(C)(C)O)cc2-3)C1,False,False,False,False
O=C(NCCc1ccncc1)c1cccc(S(=O)(=O)NC2CCOC2)c1,False,False,False,False
COc1cccc(Cc2sc3nc(N)nc(N)c3c2C)c1OC,False,False,False,False
O=S(=O)(NC(=NCc1ccccc1)c1ccc(F)cc1)c1ccc(Cl)cc1,False,False,False,False
CO[C@H]1/C=C/C=C/C=C/C[C@H](OC(=O)[C@@H](C)NC(=O)C(C)C)[C@H](C)[C@@H](O)/C(C)=C\CCc2cc(O)cc(c2)NC(=O)C1,False,False,False,False
CCc1ccc(OC(=O)N(Nc2ccccc2)S(=O)(=O)c2ccc(OC)cc2)cc1,False,False,False,False
CC(/C=N/NC(=O)c1nn(C)c(C)c1Br)=C\c1ccccc1,False,False,False,False
COc1cc(C(=O)c2cnn(-c3ccc(C)cc3)c2N)cc(OC)c1OC,False,False,False,False
O=C1c2ccccc2C(=O)N1Cc1cc(-c2ccccc2)no1,False,False,False,False
CCOc1cc2ncc3c(N)nc4c(C)c(N)ccc4c3c2cc1OCC,False,False,False,False
CC(=O)Nc1ccc(NC(=O)C2CC(=O)Nc3ncnn32)cc1,False,False,False,False
Cc1ccc(S(=O)(=O)NCCC(=O)OCC(=O)N(Cc2ccccc2)C(C)(C)C)cc1,False,False,False,False
COc1nc(N2CCCOCC2)nc(OC)c1NC(=O)CC(C)(C)C,False,False,False,False
Cc1ccc(NC2=C(C(=O)O)C(=O)CS2)cc1C,False,False,False,False
Cc1ccccc1N(CC(=O)NCCc1ccccc1)C(=O)c1ccc(N2CCCC2)nc1,False,False,False,False
CC(=O)Nc1nc(C)c(CCCOc2ccc([N+](=O)[O-])cc2)c(O)n1,False,False,False,False
CC(C)NC(=O)N1CCN(c2ccc(Cl)nn2)C(=O)C1,False,False,False,False
CCS(=O)(=O)Cc1nnnn1-c1ccccc1,False,False,False,False
O=C(CCCSc1nnnn1-c1ccccc1)c1ccc(F)cc1,False,False,False,False
COc1ccc(S(=O)(=O)N2CCN(C(=O)N(C)C)C2C)cc1,False,False,False,False
CCOC(=O)[C@H]1[C@@H]2C=C[C@@H](C2)[C@]12C(=O)Nc1ccccc12,False,False,False,False
COc1cccc2c1OCN(c1ccc3oc(-c4ccccc4)cc(=O)c3c1)C2,False,False,False,False
CCCOc1cccc2nc(N)nc(N)c12,False,False,False,False
COc1ncc(F)c(NCc2ccc(CNc3nc(OC)ncc3F)cc2)n1,False,False,False,False
Cc1cccc(-n2nc3c(c2NC(=O)c2ccco2)CSC3)c1C,False,False,False,False
O=C(Nc1ccccc1OC(F)F)c1ccc(S(=O)(=O)N2CCOCC2)cc1,False,False,False,False
Cc1c(C(=O)N2CCOCC2)sc(NC(=O)C(C)C)c1C#N,False,False,False,False
Cc1ccc(S(=O)(=O)NCc2cccc(CN)c2)cc1,False,False,False,False
CCOC(=O)C1=C(CC)OC(N)=C(C#N)C1c1ccc(NC(C)=O)cc1,False,False,False,False
O=C(CNS(=O)(=O)c1ccccc1)Nc1ccc(F)cc1F,False,False,False,False
O=C(Cn1sc2ccccc2c1=O)NCc1ccc(F)cc1,False,False,False,False
COc1ccccc1C(=O)Nc1ccc(NC(=O)c2cccs2)cc1,False,False,False,False
O=C(CSc1nnc(-c2ccncc2)n1-c1ccc(Cl)cc1)Nc1ccc(C(=O)O)cc1,False,False,False,False
Cc1cc(C(=O)O)cc2c1C(=O)C[C@@H]2C,False,False,False,False
CCc1n[nH]c2c1C(c1cc(OC)c(O)c([N+](=O)[O-])c1)C(C#N)=C(N)O2,False,False,False,False
O=[N+]([O-])c1c(CS(=O)(=O)c2ccccc2)nc2c(-c3ccc(CO)cc3)cc(Cl)cn12,False,False,False,False
O=C(NC(=S)NC1CCS(=O)(=O)C1)c1ccccc1,False,False,False,False
CN(C)Cc1ccc(-c2ccc3ccn(C(N)=O)c3n2)cc1,False,False,False,False
CCC(=O)Nc1ccc(-c2nnc(SCC(=O)N3CCCCC3)n2C)cc1,False,False,False,False
CC(C)OC(=O)N1c2c(c(=O)oc3ccccc23)N[C@H](c2ccc([N+](=O)[O-])cc2)N1C(=O)OC(C)C,False,False,False,False
CO[C@@H]1Cc2ccccc2[C@@H]1NC(=O)[C@H](Cc1ccccc1)C[C@H](O)CNS(=O)(=O)c1ccc(Cl)cc1,False,False,False,False
Cc1ccc(CNC[C@H]2O[C@H](CO)[C@@H](O)[C@@H]2O)cc1,False,False,False,False
N#Cc1cnc(N2CCC3(CC2)OCCO3)nc1N,False,False,False,False
O=C(NCc1ccc2c(c1)OCO2)c1cccnc1,False,False,False,False
Cc1ccc(S(=O)(=O)N2CCC[C@H]2C(=O)OCC(=O)c2ccc3c(c2)NC(=O)CO3)cc1,False,False,False,False
CC(NC(=O)C(=O)Nc1ccc(Cl)c(F)c1)c1ccc(S(N)(=O)=O)cc1,False,False,False,False
COc1ncc(C#Cc2ccc(CC(C)NC(C)=O)cc2)c(OC)n1,False,False,False,False
COc1ccc(S(=O)(=O)N[C@H](CCCNC(=O)C2CCCCC2)C(=O)NO)cc1,False,False,False,False
NS(=O)(=O)c1ccc(NC(=O)c2c(-c3ccccc3)noc2NC(=O)c2ccc([N+](=O)[O-])cc2)cc1,True,True,True,True
C[C@@H](OC(=O)c1[nH]cnc1C(=O)NCc1ccc(CNC(=O)OC(C)(C)C)cc1)c1ccccc1,False,False,False,False
Cc1ccc(NC(=O)c2ccc3c(c2)NC(=O)CS3)nc1,False,False,False,False
O=S(=O)(c1ccc(Br)c2ccccc12)N1CCCC1,False,False,False,False
Cc1cc(C)n(CC2CN(CC(=O)N3CCC3)CCO2)n1,False,False,False,False
Cc1ccc(C(=O)NC2CC2)cc1Nc1ncnn2cc(C=O)c(C)c12,False,False,False,False
N[C@@H](COP(=O)(O)O)[C@@H](O)/C=C/c1ccccc1,False,False,False,False
CCN(CCNC(=O)c1cscn1)C(=O)c1cscn1,False,False,False,False
CCOC(=O)C1CCN(C(=O)COC(=O)C2CCN(S(=O)(=O)c3ccc(C)c(C)c3)CC2)CC1,False,False,False,False
CCC(NC(=O)CCNC(=O)c1ccccc1F)c1cc(C)ccn1,False,False,False,False
Cc1snc2sc(C(=O)c3ccc(F)cc3)c(N)c12,False,False,False,False
O=C1CC(=O)CC(c2cccc(Cl)c2)C1,False,False,False,False
CC(C(=O)N1CC[C@](C)(N2CCc3c(-c4cnc(N)nc4)nc(N4CCOCC4)nc32)C1)N(C)C,False,False,False,False
CCOC(=O)N1CCN(C(=O)C2CCCN(S(C)(=O)=O)C2)CC1,False,False,False,False
C[C@@H](O)[C@H](NC1CCCc2cc(C#Cc3ccccc3)ccc21)C(=O)NO,False,False,False,False
CCCCc1ccc(-n2nc(COc3ccc(F)c(C(N)=O)c3F)oc2=O)cc1,False,False,False,False
CC(=O)Nc1ccc(OCC(O)CNCCc2ccc(O)cc2)cc1,False,False,False,False
COc1ccc([C@H]2[C@H](c3ccccc3)C(=O)N2c2cc(OC)c(OC)c(OC)c2)cc1OP(=O)(O)O,False,False,False,False
CCCC(=O)Nc1nnc(-c2ccc(Cl)s2)o1,False,False,False,False
COc1ccc(CCn2cnnc2[S+](C)[O-])cc1,False,False,False,False
CC(=O)c1ccc2noc(-c3cccc(C)c3)c2c1,False,False,False,False
Cc1ccc(C(=O)N2C[C@H]3CC[C@@H](C2)N(CC2CCC2)C3)s1,False,False,False,False
Cc1nc2ccccc2c(=O)n1-c1cccc(-n2cc(-c3ccccc3)nn2)c1,False,False,False,False
Cn1ccnc1Sc1cc(C(=O)Nc2ccccc2N)c(N)cc1F,False,False,False,False
CCCCCNC(=O)Nc1ccc(S(=O)(=O)Oc2ccccc2C(C)C)cc1,False,False,False,False
O=C(CSc1nnnn1Cc1ccccc1)Nc1cccc(F)c1,False,False,False,False
NCCCCCN(O)C(=O)CCC(=O)O,False,False,False,False
NC(=O)CCCn1c(=O)c(C2=NS(=O)(=O)c3ccccc3N2)c(O)c2ccccc21,False,False,False,False
CN(Cc1ccccc1)C(=O)Cn1cccc1C(=O)c1ccccc1,False,False,False,False
CC(C)N=C(S)NN(c1ccccc1)c1ccccc1,False,False,False,False
CCC(CC)(NC(=O)c1cccc(OC)c1C)C(=O)c1cccc(OC)c1,False,False,False,False
C[C@@H](C(=O)N(C)Cc1ccccc1)[C@H]1CC[C@@H](C[C@@H](C)n2cc(C#Cc3ccccc3[N+](=O)[O-])nn2)O1,False,False,False,False
COC(=O)Cn1cnc2c(nnn2-c2ccc(OC)cc2)c1=O,False,False,False,False
O=CNc1ccc2ncnc(NCCc3ccc(Cl)cc3)c2c1,False,False,False,False
NC(=O)c1cc(NC(=O)c2cc(-c3ncc(F)cc3F)ccc2Cl)n(-c2ccccc2)n1,False,False,False,False
Cc1nc(-c2ccccc2)n2nc(-c3ccccc3)cc2n1,False,False,False,False
CCC(C)Oc1ccc(-c2cc(C(=O)O)nc(S)n2)cc1[N+](=O)[O-],False,False,False,False
Cc1ccc(S(=O)(=O)N2CCN(C(=O)CN3CCCCC3)C2)cc1,False,False,False,False
CN(CC(=O)N1CCN(c2ccc(F)cc2)CC1)S(=O)(=O)c1ccc2c(c1)c(=O)n(C)c(=O)n2C,False,False,False,False
O=C(O)c1nn(-c2ccc(F)cc2)c(=O)c2ccccc12,False,False,False,False
CCCc1nnc(NC(=O)c2ccc([N+](=O)[O-])cc2)s1,False,False,False,False
COc1cc(NC(=O)COC(C)=O)c(C)cc1[N+](=O)[O-],False,False,False,False
COc1ccc(C(=O)Nc2ccc(O)c3ncccc23)cc1OC,False,False,False,False
CCn1cc(C(=O)O)c(=O)c2cc(F)c(N3CC(C)(N)C3)c(Cl)c21,False,False,False,False
CCN1C(=O)[C@H]2[C@@H](C1=O)[C@@H](c1cccc(Cl)c1)N1C(=O)c3ccccc3NC(=O)[C@@H]21,False,False,False,False
CCC1C(=O)N(CC)C2SC(c3ccccc3)=NN2C1=O,False,False,False,False
Cc1cc(CN(C)C(=O)Nc2cnc3c(c2)c(C)nn3C)no1,False,False,False,False
O=C(Nc1cccnc1)Nc1ccccn1,False,False,False,False
CCn1cc(C(=O)O)c(=O)c2ccc3c(nnn3CC)c21,False,False,False,False
COc1cc(Nc2nc3cccc(-c4ccccn4)c3o2)cc(OC)c1OC,False,False,False,False
CC(C)CN(C[C@@H](O)CNc1cccc2[nH]ccc12)S(=O)(=O)c1ccc([N+](=O)[O-])cc1,False,False,False,False
C#CCOc1ccc(CCNC(=O)C(OCC#C)c2ccc(SC)cc2)cc1OC,False,False,False,False
CC(C)N1C(=O)N(c2ccccc2)CS/C1=N\C(C)(C)C,False,False,False,False
CCONc1nc2oc3ccc(C(C)C)cc3c(=O)c2cc1C(=O)O,False,False,False,False
COc1cc(-n2c(-c3cccc(F)c3)cccc2=O)cc(OC)c1OC,True,True,True,True
Nc1c(C(=O)c2cccc(C#CCO)c2)cnn1-c1ccc(F)cc1,False,False,False,False
CC(C)(c1ccc(Nc2nn([C@H]3CCCC[C@@H]3C#N)cc2C(N)=O)cc1)[C@@H](O)C(F)(F)F,False,False,False,False
CCNC(=O)[C@H]1OC(n2cnc3c(NC4CC=CCC4)ncnc32)[C@H](O)[C@@H]1O,False,False,False,False
NCC(=O)N1CCC[C@H](N2CCC[C@H]2C(N)=O)C1,True,True,True,True
COc1cc(-c2cncc(NC(C)c3cccc(NC(=O)c4ccncc4)c3)n2)ccc1O,False,False,False,False
COCCNC(=O)c1onc(CSc2cccc(Cl)c2)c1C(=O)O,False,False,False,False
Nc1cccc(C(=O)n2nc(C(=O)Nc3ccccc3)c3ccccc32)c1,False,False,False,False
COc1ccc(S(=O)(=O)N2CCN(C(=O)c3ccc([N+](=O)[O-])o3)CC2)cc1,False,False,False,False
Cc1noc(C)c1CC(=O)N(C)C(C)c1ccncc1,False,False,False,False
COc1ccc(-n2c(=O)c3ccccc3n3c(SCC(N)=O)nnc23)cc1,False,False,False,False
Cc1nnc(NC(=O)CN2C(=O)COc3ccc(Cl)cc32)s1,False,False,False,False
N#Cc1ccc(C(=O)NNC(=O)c2nccnc2N)cc1,False,False,False,False
Cc1cc(C)n(C(=O)c2ccc(NC(=O)C3CC3)cc2)n1,False,False,False,False
CC(=O)c1ccc(S(=O)(=O)Nc2ccc(-n3cnnn3)cc2)cc1,False,False,False,False
CCCc1cc(C(=O)NC(C)c2n[nH]c(=O)[nH]2)cs1,False,False,False,False
CC(=O)Nc1ccc(S(=O)(=O)Nc2nc3ccccc3nc2N2CCCCCC2)cc1,False,False,False,False
CC1CN(CCc2ccccc2)c2nc3c(c(=O)[nH]c(=O)n3C)n2C1,False,False,False,False
CC[C@]12CCC(=O)C=C1[C@@]1(C)C=C(C#N)C(=O)C(C)(C)[C@@H]1CC2,False,False,False,False
CC(=O)c1cc(C#N)c(N2CC(C)OC(C)C2)nc1C,False,False,False,False
O=C(Nc1ccc(F)cc1)c1ccc2nc(O)c(O)nc2c1,False,False,False,False
CCN(CC(=O)Nc1c(F)cccc1F)C(=O)Cc1sc(C)nc1-c1ccc(F)cc1,False,False,False,False
CC(C)(C)c1ccc(C(=O)NC2(C(F)(F)F)NC(=O)N(CCc3ccccc3)C2=O)cc1,False,False,False,False
COc1cccc(CN2CCC2(C)C(=O)Nc2ccc3c(c2)OCO3)c1F,False,False,False,False
O=C(C1CN(S(=O)(=O)c2ccc(Cl)nc2)C1)N1CCN(c2ccncc2)CC1,False,False,False,False
COc1cc(Nc2ncc(-c3ccccc3OC)o2)ccc1-c1cnco1,False,False,False,False
COc1ccccc1NS(=O)(=O)c1cc(Cl)ccc1OC,False,False,False,False
COc1ccc(NC(=O)C2=C(C)Nc3ncnn3C2c2ccc[nH]2)cc1,False,False,False,False
O=C(Cn1c(=O)oc2ccccc21)NCC1(O)CCc2ccccc21,False,False,False,False
CNC(=O)c1ccc(NC(=O)C2CCN(c3ncnc4sc(C)c(C)c34)CC2)cc1,False,False,False,False
Cc1ccc(O)c(C(=O)c2cnc3c(c2)COc2ccc(C)cc2-3)c1,False,False,False,False
O=C(Nc1cc(-c2ccccc2)nn1-c1ccccc1)c1cccc([N+](=O)[O-])c1,False,False,False,False
Nc1ncccc1C(=O)NCc1ccc(Br)cc1,False,False,False,False
CN(C(=O)CSc1nnn(C)n1)c1ccccc1,False,False,False,False
O=C(Nc1ccc(C(=O)N2CC3COCC3C2)cc1)N1Cc2ccccc2C1,False,False,False,False
CC(C)CN1CCOC(CNC(=O)c2cnccn2)C1,False,False,False,False
NC1(C(=O)O)C[C@H](C(=O)O)[C@H](C(=O)O)C1,True,True,True,True
NS(=O)(=O)c1ccc(N2C(=O)C(Cl)=C(Nc3ccccc3)C2=O)cc1,False,False,False,False
CC(=O)c1cccc(NC(=O)c2cnn3c(C)cc(C)nc23)c1,False,False,False,False
Cc1ccccc1S(=O)(=O)OC1NS(=O)(=O)c2ccccc21,False,False,False,False
COc1ccc(CCNC(=O)CSc2nncn2N)cc1OC,False,False,False,False
CCCCc1ccc(NC(=O)N[C@@H](C)C(=O)O)cc1,False,False,False,False
COc1ccc([N+](=O)[O-])cc1Nc1ncnc2ccccc12,False,False,False,False
O=C(O)Cc1c[nH]c2c(Cl)c(Cl)ccc12,False,False,False,False
COCCNC(=O)c1ccc(NC(=O)NC23CC4CC(CC(C4)C2)C3)cc1,False,False,False,False
CN1C2COCC1CC(NC(=O)c1cn(-c3cncnc3)c3ccccc13)C2,False,False,False,False
O=c1c2cnn(-c3ccccc3)c2ncn1Cc1cccnc1,False,False,False,False
CC(=O)NC(C)Cc1ccc(C#Cc2cnc(Oc3cccnc3)nc2)cc1,False,False,False,False
CN(C)C1CCCN(C(=O)c2ccc(NC(=O)c3ccccc3)cc2)c2ccccc21,False,False,False,False
Cc1ccc(S(=O)(=O)N[C@H](COS(=O)(=O)c2ccc(C)cc2)Cc2ccccc2)cc1,False,False,False,False
COC(=O)C(COC(=O)c1ccccc1OC(C)=O)c1ccccc1,False,False,False,False
O=C(Nc1ccccc1)C1=NOC2(CCNCC2)C1,False,False,False,False
CC(C)C(=O)Oc1ccc(C(CN)C(=O)Nc2ccc3cnccc3c2)cc1,False,False,False,False
O=[N+]([O-])c1ccccc1-c1nc2cnc3cc(Br)ccc3c2[nH]1,False,False,False,False
O=C(c1cccc([N+](=O)[O-])c1)N1CCN(C/C=C/c2ccccc2)CC1,False,False,False,False
Cc1nnc(NC(=O)C2c3ccccc3Oc3ccccc32)s1,False,False,False,False
C=CCn1c(N2CCCCCC2)nc2c1c(=O)n(C)c(=O)n2C,False,False,False,False
CC(C)N1C(=O)S/C(=C\c2ccc(C(=O)O)cc2)C1=O,False,False,False,False
CCCC(=O)c1ccc(N2CCN(S(=O)(=O)c3ccc(C)cc3)CC2)c(F)c1,False,False,False,False
C[C@H](NC(=O)[C@H](Cc1ccccc1)NC(=O)OC(C)(C)C)C(=O)N[C@H](C=O)CC12CC3CC(CC(C3)C1)C2,False,False,False,False
Cc1nn(-c2cc(Cl)cc(Cl)c2)c2nc(Sc3cccc(C(=O)O)c3)nc(N)c12,False,False,False,False
O=C1CNCC2=C1C(c1ccc(Sc3nc4ccccc4[nH]3)o1)c1c[nH]nc1N2,False,False,False,False
Cc1occ(O)c(=S)c1C(=O)NCc1ccc(-c2ccccc2)cc1,False,False,False,False
O=C(Cn1cc([N+](=O)[O-])ccc1=O)NCc1ccc(Cl)cc1Cl,False,False,False,False
O=C1CC(c2ccccc2Cl)n2ncnc2N1,False,False,False,False
CN1CCc2c(sc(NC(=O)C3CCCCC3)c2C(N)=O)C1,False,False,False,False
O=C1C(c2ccccc2)=C(O)OC1c1ccccc1,False,False,False,False
COc1ccc(-c2cc(-c3ccc(Cl)cc3)n(-c3ccc(S(N)(=O)=O)cc3)n2)cc1,True,True,True,True
CNC(=O)Nc1ccccc1NC(=O)NC,False,False,False,False
CCOC(=O)c1cc(-c2ccc(C)cc2)n(CC(=O)Nc2cccc(C(C)=O)c2)c1C,False,False,False,False
O=C(CCP(=O)(O)O)Nc1ccon1,False,False,False,False
Nc1nccc(-c2c(-c3ccc(F)cc3)ncn2CC2CC2)n1,False,False,False,False
O=C(c1cn(-c2ccccc2)nc1-c1cc2ccccc2oc1=O)n1nnc2ccccc21,False,False,False,False
CC(=O)c1cc2c(cc1NC(=O)C1CC=CCC1C(=O)O)OCO2,False,False,False,False
O=C(O)CC(CCc1ccccc1)NC(=O)c1ccco1,False,False,False,False
COc1ccc(C(=O)Nc2ccc(O)c(=O)cc2)cc1,False,False,False,False
CCOCc1ncn2c1CN(S(=O)(=O)c1ccc(F)cc1)CC2,False,False,False,False
Cc1ccc(Nc2nn3nnnc3c3ccccc23)c(C)c1,False,False,False,False
C/C(=N/N=C(/N)S)c1cccc(/C(C)=N/N=C(/N)S)c1,False,False,False,False
CC(=O)COC(=O)CC(NC(N)=O)c1ccc(Cl)cc1,False,False,False,False
CN(C)c1ccc(C(=O)N2CCN(C(=O)C3CCCO3)CC2)cc1,False,False,False,False
Cn1nc(-c2ccccc2)cc1NC(=O)c1ccc(Cl)cc1,False,False,False,False
O=c1cc(-c2ccc(F)cc2)[nH]c2c(-c3ccc(F)cc3)cnn12,False,False,False,False
Cc1ncc(CNC(=O)c2cnc(CNS(=O)(=O)c3ccc(F)c(Cl)c3)cn2)s1,False,False,False,False
CSc1nccc(Oc2ccc(C#N)cc2)n1,False,False,False,False
CCN1CCN(CC(=O)NC2CCCC2)C(=O)C1=O,False,False,False,False
O=C(O)c1cccc(N[C@@H](CO)C(=O)O)c1,False,False,False,False
COC(=O)CNC(=O)c1cccc(-c2ccc(OC)cc2)c1,False,False,False,False
Cc1ccc(C(CC(C)C)c2ccc(C)o2)o1,False,False,False,False
Cc1cc(C(F)F)n2nc(C(=O)Nc3ccc(S(=O)(=O)N4CCCC4)cc3)nc2n1,False,False,False,False
CCCNc1ncc(C#Cc2ccc(CC(C)NC(C)=O)cc2)cn1,False,False,False,False
COc1ccc2cc(Br)ccc2c1CC(=O)NC(C)(C)C,False,False,False,False
Oc1cc(O)c(-c2cc(-c3cccnc3)on2)cc1-c1cc(-c2cccnc2)on1,False,False,False,False
O=C(CSc1nc(SCC(=O)NCc2ccccc2)n(-c2ccccc2)n1)NCc1ccccc1,False,False,False,False
Cc1cc(C)cc(OCC(=O)OC(C)C(=O)Nc2c(C)n(C)n(-c3ccccc3)c2=O)c1,False,False,False,False
CC(C)S(=O)(=O)c1csc(NC(=O)Nc2cccc(Cl)c2)c1,False,False,False,False
CCOC(=O)C(C)Oc1cccc2c(=O)n(C(C)C(=O)Nc3ccc4c(c3)OCCO4)ccc12,False,False,False,False
CCCC(C(=O)c1ccc(O)cc1)N1CCCC1,False,False,False,False
CCn1c(COc2ccc(=O)n(-c3ccccc3)n2)nnc1SC,False,False,False,False
O=C(Cn1cnc2ccccc2c1=O)c1ccc(Cl)cc1,False,False,False,False
COc1ncc(-c2cc3c(C)nc(N)cc3n(C3CCCC3)c2=O)cn1,False,False,False,False
Cc1ccc(-c2nnnn2-c2ccccn2)cc1,False,False,False,False
O=C(Cc1ccc(S(=O)(=O)C(F)(F)F)cc1)Nc1ccc(S(=O)(=O)C(F)(F)F)cc1,False,False,False,False
CNC(=O)/C=C1\CCc2c(F)cc(F)cc21,False,False,False,False
CC(C)[C@H](NC(=O)c1ccc(Cl)cc1)C(=O)OCC(=O)N1CCN(c2ccccc2)CC1,False,False,False,False
CC(=O)Nc1cc2ccc(O)c(C)c2oc1=O,False,False,False,False
CC1CCCN(c2ccc(Cl)cc2C(C)NC(=O)Cc2ccc(C(=O)O)cc2)C1,False,False,False,False
COc1cccc(-n2cnc3c(-c4ccccc4)csc3c2=O)c1,False,False,False,False
Cc1ncc([N+](=O)[O-])n1CC(O)Cn1cc(C(=O)O)c(=O)c2cc(F)ccc21,False,False,False,False
CC(C)(O)CNC(=O)c1ccc(NC(=O)N2Cc3ccc(C#N)cc3C2)cc1,False,False,False,False
COc1ccc([N+](=O)[O-])cc1N(CC(O)CN1CCCCC1)S(=O)(=O)c1ccccc1,False,False,False,False
COc1c(Cl)cc(C2=C(c3ccc(S(N)(=O)=O)cc3)CCC2)cc1Cl,False,False,False,False
O=C(Nc1cccnc1Cl)c1cc(-c2ccc(Br)cc2)on1,False,False,False,False
CC(C)(C)c1ccc(C(=O)Nc2cccc(C(=O)N3CCOCC3)c2)cc1,False,False,False,False
COc1cc(-c2cc(-c3cn(C)c4ccc(F)cc34)nc(N)c2C#N)cc(OC)c1OC,False,False,False,False
CC1(C)Oc2ccc(Oc3ccccc3)cc2C=C1CN(O)C(N)=O,False,False,False,False
CCCC(C)(C)c1cccc(OC(=O)NC)c1,False,False,False,False
CC(C)Cc1ccc(C(C)C(=O)OCCC(C)(C)C)cc1,False,False,False,False
COc1ccc(OC)c(CNc2c(O)c(=O)c2=O)c1,False,False,False,False
CC1Oc2ccccc2N(CC(=O)Nc2ccc3c(c2)OCO3)C1=O,False,False,False,False
O=C(CSc1nnc(-c2ccncc2)o1)N/N=C/c1ccc(F)cc1,False,False,False,False
O=C(CC(NS(=O)(=O)c1ccc(Cl)cc1)c1ccco1)NCc1ccco1,True,True,True,True
CC(C)(C)NC(=O)NC(=S)NC(=O)COc1ccc(Cl)cc1Cl,False,False,False,False
CC(=O)N[C@@H](Cc1ccccc1)[C@H](O)CNC1CC(C)(C)Oc2sc(CC(C)(C)C)cc21,False,False,False,False
COc1cc(NC(=O)CN(C)S(=O)(=O)c2ccc3c(c2)CC(C)N3C(C)=O)cc(OC)c1OC,False,False,False,False
CCCCCCCCCCCCCO,False,False,False,False
CC(C)(C)NC(=O)C1Cc2ccccc2CN1S(=O)(=O)c1ccc(F)cc1,False,False,False,False
O=C(N/N=C/c1ccc[nH]1)c1ccncc1,False,False,False,False
COC(=O)COc1ccc(S(=O)(=O)NCc2cccnc2)cc1C,False,False,False,False
COc1ccc(NC(C)=O)cc1S(=O)(=O)Nc1ccon1,False,False,False,False
NCCCCCC(=O)N/N=C/c1coc2ccccc2c1=O,False,False,False,False
C=CCOC(=O)C1=C(C)NC(C)=C(C(=O)OCC)C1c1cccc([N+](=O)[O-])c1,False,False,False,False
NCC1CCN(c2c(F)cc3c(=O)c(C(=O)O)cn(C4CC4)c3c2Cl)C1,False,False,False,False
Cc1ccc(-c2nc3scc(CCNS(=O)(=O)c4ccc(C)c(C)c4)n3n2)cc1,False,False,False,False
CN(Cc1cnn(C)c1)C(=O)NCCc1ccc2c(c1)OCO2,False,False,False,False
CCC(C[S+](=N)([O-])CCC(N)C(=O)O)C(=O)O,False,False,False,False
CC(C)CCC(C)N1[C@H]2CCC[C@@H]1C[C@H](n1c(=O)c(C(=O)O)nc3ccccc31)C2,False,False,False,False
COC(=O)[C@@H]1c2ccc(Cl)cc2N[C@H]1C(=O)O,False,False,False,False
COc1ccc(C(=O)Nc2nnc(S(=O)(=O)N(CC(C)C)c3ccc(C)cc3)s2)cc1OC,False,False,False,False
O=[N+]([O-])c1ccccc1-c1ccc(CSc2nnc(-c3ccncc3)o2)cc1,False,False,False,False
C[C@H](Nc1nc(C(N)=O)cc(-c2ccc(Oc3ccc(F)cc3)cc2)n1)C(N)=O,False,False,False,False
CC(=O)Nc1ccc(S(=O)(=O)NCc2cc(=O)n(C)c(=O)n2C)cc1,False,False,False,False
CCC(Oc1ccc(OC)c2c1C(=O)CCC2)C(=O)O,False,False,False,False
CCn1cc(C(=O)NCCc2ccc(C)cc2)c(=O)c2cc(S(=O)(=O)N3CCC(C)CC3)ccc21,False,False,False,False
O=S(=O)(Nc1nccs1)c1ccc(NCc2cccc(Cl)c2Cl)cc1,False,False,False,False
Cn1nc(C(C)(C)C)cc1C(=O)Nc1ccn2cc(-c3ccc(F)c(F)c3)nc2c1,False,True,True,True
COc1ccccc1N(CC(=O)NCCSC(C)(C)C)S(C)(=O)=O,False,False,False,False
O=C(N/N=C/C=C/c1ccc2c(c1)OCO2)c1ccc([N+](=O)[O-])cc1,False,False,False,False
O=C(NCC1CCCCC1)Nc1ccc2nnsc2c1,False,False,False,False
COc1ccc2nc(C)cc(OCC(=O)Nc3ccc(C)c(C)c3)c2c1,False,False,False,False
CN(CC(O)c1ccccc1)C(=O)c1ccc(NC(=O)N2Cc3ccccc3C2)cc1,False,False,False,False
CCc1nc(N)nc(N)c1C#CC(C)c1ccc(-c2ccc(O)cc2)cc1OC,False,False,False,False
CCOC(=O)c1cnn(-c2ccc(C(=O)Nc3ccc(OC(F)(F)F)cc3)cc2)c1N,False,False,False,False
CCOC[C@H]1O[C@@H](n2cnc3c(NC4CCCC4)ncnc32)[C@H](O)[C@@H]1O,False,False,False,False
COC(=O)C(C)(C)CCCOc1cccc(OCCCC(C)(C)C(=O)OC)c1N,False,False,False,False
O=C1C2ON(c3ccccc3)C(c3cccnc3)C2C(=O)N1c1ccccc1,False,False,False,False
CCN(CC)/C(=N\S(=O)(=O)c1ccc(C)cc1)C(C)C,False,False,False,False
CC(NCc1nnc2n1CCCC2)C(=O)N1CCc2sccc2C1,False,False,False,False
Cc1cc(C)n2ncc(C(=O)N[C@H]3CC[C@H](C(C)(C)C)CC3)c2n1,False,False,False,False
CN(C)S(=O)(=O)c1ccc(CNC(=O)c2cccc3c2cnn3-c2ccc(F)cc2)cc1,False,False,False,False
COc1cccc(C(=O)c2sc(Nc3ccncc3)nc2N)c1,False,False,False,False
O=S(=O)(NCCc1ccncc1)c1ccc(Br)cc1,False,False,False,False
Cc1[nH]c2ccccc2c1[C@@]1(O)C(=O)N(CC(N)=O)c2ccccc21,False,False,False,False
CC(C)=CCc1c(O)cc2oc(-c3ccc(O)cc3O)cc(=O)c2c1O,False,False,False,False
COC(=O)c1ccc2c(c1)NC(=O)CN2Cc1cc(OC)c(OC)c(OC)c1,False,False,False,False
CC(=O)c1ccc(S(=O)(=O)N2C[C@@H]3CCCN4CCC[C@@H]([C@H]34)[C@H]2CCCl)cc1,False,False,False,False
N#CCNC(=O)[C@H](Cn1cccn1)NC(=O)OCc1ccccc1,False,False,False,False
COC(=O)c1cc(F)c(S(=O)(=O)N2CCN(S(=O)(=O)c3ccc4c(c3)OCCO4)CC2)cc1F,False,False,False,False
CC(C)NCC(O)COc1ccncc1,False,False,False,False
CC1CN(C(=O)c2nnc3c(-c4ncccn4)c(F)ccc3c2N)C1,False,False,False,False
Cc1onc(-c2ccc(Cl)cc2)c1COc1ccc(C(=O)NC2CCOCC2)cn1,False,False,False,False
Cc1cc(S(=O)(=O)n2cnc3ccccc32)c(C)cc1Cl,False,False,False,False
CC(C)(C)c1ccc(NC(=O)c2c[nH]c3ccccc3c2=O)cc1S(N)(=O)=O,False,False,False,False
Cc1ccc(-c2nc3cc(N)ccc3o2)cc1Br,False,False,False,False
COc1ccc(NC(=O)NC2CCCCC2)cc1,False,False,False,False
Cc1cccc(NC(=O)NNc2nc3ccccc3c(=O)n2-c2cccc(Cl)c2)c1,False,False,False,False
COC(=O)c1cc(C(=O)NNC(=O)c2ccc3c(c2)OCO3)cc([N+](=O)[O-])c1,False,False,False,False
COc1ccc2c(c1)C(=O)N(C[C@@]1(C#Cc3ccc(-n4cncn4)cc3)NC(=O)NC1=O)C2,False,False,False,False
CCc1ccc2ncc(C(=O)OC(C)C)c(O)c2c1,False,False,False,False
CNC(=O)c1cnc(N2CCN(C3CCN(Cc4ccc(S(C)(=O)=O)cc4)CC3)[C@@H](C)C2)c(Cl)c1,False,False,False,False
Cc1nc(NC(=O)c2ccc(N3CCCC3)c([N+](=O)[O-])c2)ccc1I,False,False,False,False
CCNC(=O)c1cnc2c(OC)cccc2c1Nc1ccccc1C,False,False,False,False
COc1ccc(CNC(=O)Nc2ccc([N+](=O)[O-])cn2)cc1,False,False,False,False
C=CCSc1nnc(NC(=O)CSCc2c(C)noc2C)s1,False,False,False,False
CC(=O)NCCCC[C@H](NC(C)=O)C(=O)N[C@@H](C)C(=O)N[C@H](C)C(=O)O,False,False,False,False
O=C(Nc1c(C(=O)N2CCN(c3ccccc3)CC2)oc2ccccc12)c1ccccc1F,False,False,False,False
COc1ccc(C2=NN(C(=O)c3cncc(Br)c3)C(c3ccc(OC)cc3)C2)cc1,False,False,False,False
[O-][S+](Cc1ccncc1)c1ncccn1,True,True,True,True
O=C(O)CC1(c2ccc(F)cc2)CCCCC1,False,False,False,False
COc1ccc2c(c1)NC(=O)Cc1cnc(Nc3ccc(O)cc3)nc1-2,False,False,False,False
O=C(O)c1ccccc1C=NNc1ccccn1,False,False,False,False
COc1ccc(NC(=O)Nc2cc(F)cc(Oc3cccnc3)c2)cn1,False,False,False,False
COc1ccc2nc(C)cc(NN)c2c1,False,False,False,False
CC1CCCCC12NC(=O)N(CC(=O)Nc1ccc3c(c1)OCCCO3)C2=O,False,False,False,False
O=C(O)c1cc(O)ccc1-c1ccc(O)cc1,True,True,True,True
Cc1ccc(C(=O)N/C(=C/C=C/c2ccccc2)C(=O)NCc2ccco2)cc1,False,False,False,False
CN(Cc1cccc(F)c1)C(=O)C1CCN(C(=O)c2ccc(S(C)(=O)=O)c([N+](=O)[O-])c2)CC1,False,False,False,False
Cc1noc(NC(=O)C(C)OCC2CC2)n1,False,False,False,False
CC(=O)[C@@]1(O)CC[C@H]2[C@@H]3CC[C@H]4C[C@@H](O)CC[C@]4(C)[C@H]3C(=O)C[C@@]21C,False,False,False,False
C/C(=N\NC(=O)c1cccnc1)c1nnn(-c2nonc2N)c1C,False,False,False,False
O=S(=O)(Nc1nc2cc(Cl)ccc2o1)c1ccc(-c2ccccc2)cc1,False,False,False,False
CC/C(=N\O)c1ccccc1NS(=O)(=O)c1ccc(OC(=O)C(C)(C)C)cc1,False,False,False,False
Cc1cccc(C)c1NC(=O)CSc1nnc(-c2ccoc2C)n1C,False,False,False,False
CS(=O)(=O)c1ccc(C(=O)c2ccc3n2CCCC3C(=O)O)cc1,False,False,False,False
COc1ccc(NC(=O)c2ccc(N3C(=O)C4CC=C(C)CC4C3=O)cc2)c(OC)c1,False,False,False,False
O=C(Nc1ccccn1)c1ccc(-c2ccccc2)cc1,False,False,False,False
O=C(Nc1ccccc1)OCCC1(O)C(=O)OCc2c1cc1n(c2=O)Cc2cc3ccccc3nc2-1,False,False,False,False
COc1ccc(S(=O)(=O)Nc2ccccc2C(=O)N2CCCC2)cc1OC,False,False,False,False
CC(=O)N1N=C(c2ccc(-n3cccc3)cc2)CC1c1ccc(C)cc1,False,False,False,False
COC(=O)c1ccccc1NC(=O)C1=C(C)C(=O)OC12CCCCCC2,False,False,False,False
CNC(=O)c1ccc2nc(Nc3cccc(O)c3)c(Nc3cccc(O)c3)nc2c1,False,False,False,False
C[C@@](O)(C/C=C/[C@H]1CCC(=O)[C@@H]1CCSc1nc(C(=O)O)cs1)CCCCF,False,False,False,False
CCOc1ccc(-n2c(=O)c3c(C)c(C)sc3n(CC(=O)c3ccccc3)c2=O)cc1,False,False,False,False
COc1cc(OC)cc(C(=O)Nc2ncnc3[nH]cnc23)c1,False,False,False,False
O=C(Cc1ccc(Br)cc1)NCCN1CCOCC1,False,False,False,False
COC(=O)c1ccc(O[C@@H](C)[C@@H](O)c2ccc(OC)c(OC)c2)c(OC)c1,False,False,False,False
O=S(=O)(C1CC1)N1CCN(c2nc(N3CCOCC3)ncc2Br)CC1,False,False,False,False
CCC#CCN1CCC[C@H]1CNC(=O)c1ccc2ncsc2c1,False,False,False,False
O=C(NCC(c1cccs1)S(=O)(=O)c1cccs1)c1ccc(Cl)cc1,False,False,False,False
O=C(CN1C(=O)COc2ccc(S(=O)(=O)NC3CCCC3)cc21)NCc1ccccc1Cl,False,False,False,False
O=C(Nc1ccc(N2S(=O)(=O)c3ccccc3S2(=O)=O)cc1)c1ccncc1,True,True,True,True
CN(C)C(=O)CSc1nnc(O)nc1O,False,False,False,False
CCOC(=O)C#Cc1ccc(C#CC(=O)OCC)cc1,False,False,False,False
CCOc1ccc(NC(=O)C(NC(=O)C2CCC(C)CC2)C(C)C)cc1,False,False,False,False
COc1ccc(CC(=O)Nc2ccc(CC3=CC(=O)O/C3=C/Br)cc2)cc1,False,False,False,False
COc1cc(Cc2cnc(N)nc2N)cc(OCCCC#N)c1OC,False,False,False,False
NC1=NC(c2cccnc2)n2c(nc3ccccc32)N1,False,False,False,False
O=C1[C@@H]2[C@@H]3CC[C@@H](O3)[C@@H]2C(=O)N1c1ccccc1,False,False,False,False
O=C(Cc1ccc(Cl)cc1)Nc1cccc(C(=O)Nc2ccccc2C(=O)O)c1,False,False,False,False
Cc1ccc(S(=O)(=O)Nc2ccc(C(=O)NCc3cccnc3)cc2)cc1,False,False,False,False
COc1ccccc1NC(=O)c1ccc([N+](=O)[O-])cc1[N+](=O)[O-],False,False,False,False
COCCN1CC(=O)Nc2ccc(Br)cc2C1c1ccccc1,False,False,False,False
O=C1ON(Cc2ccccc2)C(c2ccccc2)N1c1ccccc1,False,False,False,False
CC(C)C(=O)NNc1nc2ccccc2s1,False,False,False,False
COc1ccc2c(c1)sc1nc(/C=C3/C(=O)N4C(C(=O)O)=CS[C@H]34)cn12,False,False,False,False
Cc1ccc(S(=O)(=O)c2nc(S(C)(=O)=O)sc2N2CCC(C(N)=O)CC2)cc1,False,False,False,False
CC(C)(C)NC(=O)CNC(=O)c1cccnc1Oc1cccnc1,False,False,False,False
CCCSCCCNC(=O)Cn1cc2c(n1)CCC(C)C2,False,False,False,False
CC(=O)c1ccc(-n2c(=O)n3n(c2=O)C2C(=CC3)C(C)(C)Oc3cc(O)ccc32)cc1,True,True,True,True
NNC(O)c1[nH]c2ccc(S(N)(=O)=O)cc2c1-c1c(F)c(F)c(F)c(F)c1F,False,False,False,False
NS(=O)(=O)c1ccc(NC(=S)N2CCN(c3ccc(Cl)c(Cl)c3)CC2)cc1,False,False,False,False
O=C(O)c1cccnc1NCc1ccco1,False,False,False,False
CC(=O)N[C@@H](Cc1cc(F)cc(F)c1)[C@H](O)CNC1(c2cc(NS(C)(=O)=O)cc(C(C)(C)C)c2)CCCCC1,False,False,False,False
CCc1ccc(-c2ccc(C(=O)NCC(=O)NC(CC)c3ccccc3)cc2)cc1,False,False,False,False
O=C(NCc1cccs1)C(Cc1ccccc1)n1cccc1,False,False,False,False
COc1cc2c(cc1OC)C1(CCC1)C(N)=N2,False,False,False,False
O=C(CSc1nnc(Cn2cnc3ccccc32)o1)c1ccccc1,False,False,False,False
COC(=O)[C@@H]1C[C@@H](O)CN1CC(=O)N1CCCCCC1,False,False,False,False
Cc1cccc(C)c1NC(=O)CCc1nnc2s/c(=C\c3ccc(Cl)cc3)c(=O)n12,False,False,False,False
C/C(=N/NC(=S)N(Cc1ccccc1)Cc1ccccc1)c1ccc([N+](=O)[O-])cc1,False,False,False,False
CCCCCc1nc2c(N)nc3ccccc3c2n1CC(C)(C)OCCN,False,False,False,False
Cc1cccnc1N1C=C2C(=O)c3ccccc3O[C@H]2C=C1CNC(=O)COc1ccccc1,False,False,False,False
O=C(c1ccc(Cl)cc1)N1CCn2c(nn(-c3cccc(Cl)c3)c2=O)C1,False,False,False,False
Cc1cccn2c(=O)c3c(nc12)CCC3,False,False,False,False
COc1ccc(-c2onc(-c3ccc([N+](=O)[O-])cc3)c2C2=NCCCN2)cc1,False,False,False,False
CC[C@H]1[C@@H](O)CN1c1cc2c(cc1F)c(=O)c(C(=O)O)cn2C1CC1,False,False,False,False
Cc1ccc(NC(=O)c2sc3nc(C)cc(C)c3c2N)cc1,False,False,False,False
O=C(Nc1ccc2c(c1)OCCO2)C1CCCN(S(=O)(=O)c2cccc3nsnc23)C1,False,False,False,False
O=[N+]([O-])c1ccc(N2CCNCC2)cc1NCc1ccc(Cl)cc1,False,False,False,False
C=CCN1C(=O)C(=O)c2cc(-c3ccc(OC)cc3)ccc21,False,False,False,False
Cc1ccc(CCNC(=O)Cc2ccc(NC3=NC4CS(=O)(=O)CC4S3)cc2)cc1,False,False,False,False
Cc1ccc(C(=O)NC(C)c2ccccc2)o1,False,False,False,False
Cc1nnc(NC(=O)NC2CCCc3c2cnn3CCO)s1,False,False,False,False
CC(=O)c1c(O)n(O)c2cc(NC(=O)Nc3cccc(C(=O)O)c3)ccc12,False,False,False,False
CCOc1ccc(S(=O)(=O)Nc2ccncc2)c(C)c1C,False,False,False,False
CCCCCCCCNC(=O)CC(=O)Nc1nccs1,False,False,False,False
COc1ccc2c(c1)c(-c1ccc3c(c1)OCO3)c(C(=O)O)n2-c1ccc2c(c1)OCO2,False,False,False,False
CC(C)N(c1ccc(C(C)(O)C(F)(F)F)cc1)S(=O)(=O)c1cccc(Cl)c1,False,False,False,False
O=C(NCc1ccc(Br)c(F)c1)Nc1cn[nH]c1,False,False,False,False
Cc1nc(N)nc(O)c1CCCNc1ccc(CCC2(CCl)OCCO2)cc1,False,False,False,False
O=C1N/C(=N\c2nc3ccccc3s2)S/C1=C\c1cccc([N+](=O)[O-])c1,False,False,False,False
CCCC(=O)n1nc(-c2ccccc2)nc1N,False,False,False,False
Cc1cccc(NC(=O)c2ccc([N+](=O)[O-])o2)c1,False,False,False,False
CCCOC(=O)C1=C(C)NC(C)=C(C(=O)OCC)C1c1[nH]c(CC)nc1Cl,False,False,False,False
CCOC(=O)C(NC(=O)c1ccccc1)(c1ccc(S(=O)(=O)Nc2onc(C)c2C)cc1)C(F)(F)F,False,False,False,False
CCCNC(=O)Nc1cccc(Cc2nnc(O)c3ccccc23)c1,False,False,False,False
Cc1cc(C)nc(NS(=O)(=O)c2ccc(NC(=O)c3ccc(N4C(=O)CCC4=O)cc3)cc2)n1,False,False,False,False
Cc1ccc(C(=O)c2c[nH]c3cc(Br)ccc23)cc1C,False,False,False,False
O=C(NCCc1ccccc1F)/C(=C/c1cccnc1)NC(=O)c1ccccc1,False,False,False,False
Cc1ccc(S(=O)(=O)N2CCC(C(=O)N3CCC3)CC2)cc1,False,False,False,False
Cc1nn2c(-c3ccccc3)nnc2s/c1=N/Nc1ccc(S(N)(=O)=O)cc1,False,False,False,False
CCOC(=O)c1ccccc1NC(=O)NCC1(c2ccccc2)CCCCC1,False,False,False,False
Cc1ccc(C(=O)C[n+]2cccc(C(N)=O)c2)cc1,False,False,False,False
O=C(Nc1cccnc1)c1ccccc1O,False,False,False,False
CCS(=O)(=O)c1c(S(=O)(=O)CC)c2cc(C(C)(C)C)ccn2c1C(=O)c1ccc(F)cc1,True,True,True,True
C[C@H](Cc1ccccc1)NCCc1ccccc1,False,False,False,False
O=c1[nH]c2cnn(-c3ccccc3)c2c(=O)n1O,False,False,False,False
O=[N+]([O-])c1cc(O)c2cc(-c3ccc(O)cc3)[nH]c2c1,False,False,False,False
CC(C)Oc1ccc(C(=O)NO)cc1NC(=O)c1ccccc1,False,False,False,False
CNC(=O)c1cc(Oc2ccc3nc(NC(=O)Nc4ccc(F)cc4)sc3c2)ccn1,False,False,False,False
O=C(O)c1ccc(NS(=O)(=O)c2cc(Cl)sc2Cl)cc1,False,False,False,False
CC(C)CC[C@@H](O)[C@H](CC(C)C)NC(=O)[C@H](C)NC(=O)[C@H](Cc1ccccc1)NC(=O)OC(C)(C)C,False,False,False,False
CC(C)(C)c1nnc(NC(=O)C2CC(=O)N(CCc3ccc(F)cc3)C2)s1,False,False,False,False
O=C(NCc1ccccc1)c1cc(=O)c2ccccc2o1,False,False,False,False
O=C(O)c1nnc(-c2ccc(-c3ccccc3)cc2)o1,False,False,False,False
O=C1NC(=O)c2cc(NC(=O)C3COc4ccccc4O3)ccc21,False,False,False,False
COc1ccc(-c2ccc(C(C)n3ccnc3)cc2)cc1,False,False,False,False
CN(C)C1(c2cccc(O)c2)CCC2(CC1)OCC(c1ccccc1)CO2,False,False,False,False
Cn1cc([N+](=O)[O-])c(C(=O)NC2CCCCCCC2)n1,False,False,False,False
COc1ccc(-c2nc3ccc(OC)cc3nc2-c2ccc(OC)cc2)cc1,True,True,True,True
CCCC(=O)Nc1ccc(N2CCCCCC2)cc1C(=O)O,False,False,False,False
O=C(CO/N=C/c1ccccc1)Nc1c(F)c(F)c(F)c(F)c1F,False,False,False,False
NC(=O)C1CCCN(S(=O)(=O)c2cc(Br)ccc2F)C1,False,False,False,False
O=C(Cn1nc(C(F)F)cc1C(F)F)N/N=C/c1ccc2c(c1)OCO2,False,False,False,False
CCC1C(=O)CC(c2ccccc2)NC1c1ccccc1,False,False,False,False
CC(C)(C)c1ccc(S(=O)(=O)NC(=O)C2(C)CCN2C(=O)C2CC2)cc1,False,False,False,False
CC(=O)NCc1ccc(-c2cnc(Nc3ccc4c(C#N)cn(C)c4c3)o2)cc1,False,False,False,False
CCC(C(=O)N/N=C/c1cccnc1)c1ccccc1,False,False,False,False
Cc1ccc(S(=O)(=O)CC(=O)NC2CC2)cc1,False,False,False,False
O=C(NCCc1ccn(-c2ccc(F)cc2)n1)C1CCCO1,False,False,False,False
Nc1ccc(S(=O)(=O)Nc2nccc(-n3ccc4ccccc43)n2)cc1,False,False,False,False
NS(=O)(=O)c1ccc(OP(=O)(SCc2ccccc2)c2ccccc2)cc1,False,False,False,False
Cc1nn(-c2cc(N3CCNCC3)ccc2[N+](=O)[O-])c(=O)c2ccccc12,False,False,False,False
CN1Cc2c(N)cccc2C(c2ccccc2)C1,False,False,False,False
NCCc1ccc(-c2ccc(F)cc2)cc1,False,False,False,False
COc1ccc(-c2cc(NO)c(C(=O)NC3CCCCC3)c(=O)o2)cc1,False,False,False,False
CC(C)c1n[nH]c(C(=O)NCCN2CCOCC2)c1Br,False,False,False,False
Cc1ccc(NC(=O)COC(=O)Cc2ccsc2)cc1S(=O)(=O)N(C)C,False,False,False,False
CC1CN(CCc2ccccc2)C(=O)C1CC(=O)Nc1ccc(Br)cc1,False,False,False,False
CSc1nc(N2CCOCC2)c2cnn(CCNC(=O)C3CCCC3)c2n1,False,False,False,False
CC1(C)C[C@H]2[C@@H](CC[C@@]2(C)O)[C@]2(C)CC2[C@H]1OC(=O)c1cc([N+](=O)[O-])cc([N+](=O)[O-])c1,False,False,False,False
Cc1c(NC(=O)CSc2nnc(-c3ccccc3F)o2)c(=O)n(-c2ccccc2)n1C,False,False,False,False
CCC[C@@H]1O[C@@H]2CC3C4CCC5=CC(=O)C=C[C@]5(C)[C@@]4(F)[C@@H](O)C[C@]3(C)[C@]2(SCC)O1,False,False,False,False
Cc1cc(Cl)ccc1C(=O)c1ccc(-n2ncc(=O)[nH]c2=O)cc1C,False,False,False,False
COc1ccc([N+](=O)[O-])cc1NC(=O)c1ccc(N2C(=O)CCC2=O)cc1,False,False,False,False
Cc1cc(N)c2cc(NC(=O)c3ccccc3)ccc2n1,False,False,False,False
CC(OC(=O)c1ccc(Cl)cc1)C(=O)NCC1CCCCC1,False,False,False,False
O=C(Cc1ccccn1)Nc1ccc(CCNC[C@H](O)COc2ccccc2)cc1,False,False,False,False
CS(=O)(=O)c1ccc(Nc2nc(-c3ccncc3)nc3ccccc23)cc1,False,False,False,False
C/C(=N\NC(=O)c1ccccc1)c1ccc(-n2cccc2)cc1,False,False,False,False
Cc1c(C)c2ccc(OC(=O)N(C)C)cc2oc1=O,False,False,False,False
O=C(NCc1ccco1)c1ccc(-c2ccccc2)cc1,False,False,False,False
CC(C)(C)c1nnc2sc(SCC(=O)c3ccc4c(c3)OCCO4)nn2c1=O,False,False,False,False
COC(=O)C1=C(C)NC(C)=C(C(=O)OC)C1c1c(Cl)nc2sc(C)c(C)n12,False,False,False,False
Nc1ncnc2c1nc(-c1ccco1)n2CCO,False,False,False,False
COCCNC(=O)COc1ncnc2ccc(Br)cc12,False,False,False,False
NS(=O)(=O)c1ccc(/N=C/c2ccc(-c3ccccc3)cc2)c(F)c1,False,False,False,False
CCc1ccccc1[C@@H](C)NC(=O)c1cnc2c(cnn2CC)c1NC1CCN(C(N)=O)CC1,False,False,False,False
CCC(C)(CNC(=O)c1ccc(NC(=O)N2Cc3ccccc3C2)cc1)N1CCOCC1,False,False,False,False
Cc1ccc(NC(=O)CSc2nnc(Cc3ccccc3)c(O)n2)c(C)c1,False,False,False,False
Cc1ccc(C(=O)Nc2ccccc2C(=O)O)cc1S(=O)(=O)NCc1ccccc1,False,False,False,False
CN(C)C(=O)Oc1ccc(-c2ccccc2)cc1,False,False,False,False
Cc1onc(-c2ccccc2)c1C(=O)NC(C)c1ccccc1,False,False,False,False
CC(=O)C[C@@H](c1ccccc1)c1c(O)oc2ccc(O)cc2c1=O,False,False,False,False
CC(CCS(C)(=O)=O)NC(=O)N1CCC=C(Br)C1,False,False,False,False
CN(c1ccc(NC(=O)C(C)(O)C(F)(F)F)c(Cl)c1)S(=O)(=O)c1ccc(C(=O)O)cc1,False,False,False,False
CCCCNCC(=O)Nc1sc2c(c1C(=O)O)CCCC2,False,False,False,False
CCc1ccc(-c2cc(C(N)=O)c(NC(N)=O)s2)cc1,False,False,False,False
O=S(=O)(c1ccc(Cl)cc1)n1c(Cc2ccccc2)nc2ccccc21,False,False,False,False
C#Cc1c(N2C[C@@H]3CCCN[C@@H]3C2)c(F)cc2c(=O)c(C(=O)O)cn(C3CC3)c12,False,False,False,False
COC(=O)[C@@]1(Cc2ccc(OC)cc2)CC(=O)O[C@]1(C)c1ccccc1,False,False,False,False
COC(=O)[C@@H]1CSC(c2ncccc2O)=N1,False,False,False,False
CCCC(Oc1ccc(Cl)cc1C#Cc1cc(S(=O)(=O)CCC)ccc1C)C(=O)O,False,False,False,False
Cc1nn(-c2ccccc2)nc1C(=O)NCC(c1ccco1)N(C)C,False,False,False,False
C/C(=N/NC(=O)c1ccc(O)cc1)c1cccc([N+](=O)[O-])c1,False,False,False,False
Cc1ncc(CNc2cccc(F)c2)c(N)n1,False,False,False,False
NC(=O)c1cncc(OCc2cccc(NC(=O)c3cccnn3)c2)c1,False,False,False,False
COc1c(CC(N)C(=O)O)cc([N+](=O)[O-])cc1[N+](=O)[O-],False,False,False,False
Oc1ccc(C2=N[C@H](c3ccc(O)cc3)[C@H](c3ccc(O)cc3)N2)cc1,False,False,False,False
CCNC(=O)c1ccc(Oc2cc(Cl)cc(CC(=O)O)c2)c(NS(=O)(=O)c2ccc(Cl)cc2)c1,False,False,False,False
COc1ccc(/C=C2\SC(=O)NC2=O)cc1OCCc1cccs1,False,False,False,False
CCc1c(F)c(N2CCNCC2)cc2c1c(=O)c(C(=O)O)cn2C1CC1,False,False,False,False
COC(=O)c1sccc1S(=O)(=O)N(CC(=O)Nc1ccc(C)c(F)c1)c1ccc(C)c(C)c1,False,False,False,False
CCn1cc(C(=O)O)c(=O)c2cc(F)c(N3CCN(C(=S)Nc4ccc(Cl)cc4)CC3)cc21,False,False,False,False
Cc1cccc(NC(=O)c2cnc3sccn3c2=O)c1,False,False,False,False
Cc1ccc(S(=O)(=O)N2CCN(c3ncnc4ccccc34)CC2)cc1,False,False,False,False
COC(=O)CCC[C@@H]1[C@H]2CCCN3CCC[C@@H](CN1S(=O)(=O)c1ccccc1[N+](=O)[O-])[C@@H]23,False,False,False,False
CCCc1cc(O)nc(SCC(=O)N2CCN(S(=O)(=O)c3ccc(C)cc3)C2)n1,False,False,False,False
Cc1cccc(NC(=O)CSc2nnc(NC(=O)Nc3ccccc3)s2)c1C,False,False,False,False
O=C(NCCNc1cncc(Br)c1)c1ccc(O)cc1,False,False,False,False
O=C(NC1CC1)c1ccc(CNC2CC2)cc1,False,False,False,False
CN1CCOC(C(=O)N2CCC3(CCCC3)CC2)C1,False,False,False,False
COc1c(Br)c(C(=O)NC2CCCC2)nn1C,False,False,False,False
CC1(C)CN(c2ccccc2)N(C(=O)c2ccc(F)cc2)C1=O,False,False,False,False
Cc1oncc1C(=O)N1CC2CC1(C(=O)NCc1ccco1)C2,False,False,False,False
Cc1cc(C)cc(Sc2c(C(N)=O)[nH]c3ccc(Cl)cc23)c1,False,False,False,False
CC(=O)[C@H]1CC[C@H]2[C@@H]3CC[C@H]4CC[C@@H](O)CC[C@]4(C)[C@H]3CC[C@]12C,False,False,False,False
CCc1nnc(CNC(=O)c2ccc3c(c2)OCO3)s1,False,False,False,False
CN(C)c1cc(NC(=O)c2ccccc2)ncn1,False,False,False,False
NS(=O)(=O)c1ccc(COS(=O)(=O)c2c(F)c(F)c(F)c(F)c2F)cc1,False,False,False,False
Cc1ccc(N(C(C)C(=O)N2CCCCC2)S(C)(=O)=O)cc1C,False,False,False,False
Cc1cc(C)cc(NC(=O)C2CCN(c3cnccn3)CC2)c1,False,False,False,False
C=CC(OC(C)=O)c1ccc(OC(=O)C(C)C)c(OC)c1,False,False,False,False
CC(C)c1cc(C#Cc2ccccc2)on1,False,False,False,False
O=[N+]([O-])c1ccc(-c2nc(Nc3cccc([N+](=O)[O-])c3)c3ccccc3n2)cc1,False,False,False,False
COc1ccccc1-c1ccc(CC(NC(=O)C2(NC(=O)[C@@H](S)C(C)C)CCCC2)C(=O)O)cc1,False,False,False,False
O=C(Nc1cc(-c2ccncc2)no1)C1CC1,False,False,False,False
CCCCc1nnc(SC(C)C(=O)Nc2nccs2)n1C,False,False,False,False
CC(C)(C)c1ccc(CCN2CCC=C(CCC(=O)NO)C2=O)cc1,False,False,False,False
O=C(NC1CCCC1)C1CCC(=O)N1C1CCCC1,False,False,False,False
CC(C)(C)NC(=O)C1c2ccccc2CCN1c1nc2c(cc1[N+](=O)[O-])c(=O)c(C(=O)O)cn2-c1ccc(F)cc1,False,False,False,False
Cc1onc(-c2ccccc2)c1C(=O)NC(C)CCc1ccccc1,False,False,False,False
O=[N+]([O-])c1ccc(O)c(/C=N/c2cccc3ncccc23)c1,False,False,False,False
O=C(NNc1ncnc2c1cnn2-c1ccc(F)cc1)c1cccs1,False,False,False,False
Cc1cc(CNc2nc(N)nc3ccn(Cc4ccc(F)cn4)c23)no1,False,False,False,False
Nc1cccc(NC(=O)Cc2ccccc2)c1,False,False,False,False
COc1cccc(S(=O)(=O)CC(N)C(=O)O)c1N,False,False,False,False
CCOC(=O)c1ccc(C#Cc2ccccc2)nc1,False,False,False,False
CCCn1ncc(C(=O)NC2CCN(C3CCOCC3)CC2)c1C,False,False,False,False
Cc1ccc(NC(=O)Cn2c(=O)c3nnc(C(C)C)n3c3ccccc32)c(C)c1,False,False,False,False
CNc1ncnc2ccc(-c3cccc(OC)c3)cc12,False,False,False,False
COc1ccc(S(=O)(=O)N(Cc2ccccc2)c2c(C(=O)NO)cnc3ccc(Br)cc23)cc1,False,False,False,False
Ic1ccc(-n2nncc2-c2cccnc2)cc1,False,False,False,False
COc1ccc(-n2cc3c(n2)-c2ccc(OC)cc2SC3)cc1,False,False,False,False
O=C(Oc1ccc(F)cc1)c1cnccn1,True,True,True,True
COc1cc(C2CCCC2)c(F)cc1-n1c(=O)ccc2cc(S(=O)(=O)Nc3ccon3)ccc21,False,False,False,False
Cc1ccc(-n2ccnc2SCC(=O)Nc2ccc(C)cc2Br)cc1,False,False,False,False
CCn1c(=O)c2ccccc2n2c(SCC(=O)NCc3cccs3)nnc12,False,False,False,False
COc1cc(C(=O)O)ccc1Cn1ccc2ccc(NC(=O)OC(C)C)cc21,False,False,False,False
CCNc1ccc(S(=O)(=O)N(C)C)cc1NCC(=O)Nc1ccccc1F,False,False,False,False
[C-]#[N+]c1ccc(S(=O)(=O)N[C@@H]2CCN(C[C@H](O)c3ccc4c(c3C)COC4=O)C2)cc1,False,False,False,False
CCc1ccc(/C=C2/C(=O)N(c3ccccc3)C(=S)N2CC(=O)OC)s1,False,False,False,False
O=C(NCCc1ccc(Cl)cc1)c1cnccn1,False,False,False,False
O=S(=O)(Cc1ccccc1)NCC1CCCO1,False,False,False,False
CCOC(=O)c1ccccc1NC(=O)N[C@@H](C)C(=O)OC,False,False,False,False
O=C(Cc1ccccc1)Nc1cnc2ccccc2c1,False,False,False,False
COc1ccc2c(=O)cc(/C=C/c3ccc(OC(F)(F)F)cc3)oc2c1,False,False,False,False
CCO/N=C1\CN(c2c(F)cc3c(=O)c(C(=O)O)cn(C4CC4)c3c2OC(F)F)CC1/C(N)=N\OC,False,False,False,False
Cc1ccc(C)c(N(CC(=O)N/N=C/c2ccc(-c3ccc([N+](=O)[O-])cc3)o2)S(=O)(=O)c2ccccc2)c1,False,False,False,False
C[C@H](NC(=O)OCc1ccccc1)C(=O)N[C@@H](C)C(=O)N[C@H](C=O)Cc1ccccc1,False,False,False,False
C[C@@]1(c2cc(NC(=O)c3ccn(C(F)F)n3)ccc2F)Cn2c(C#N)cnc2C(N)=N1,False,False,False,False
Cn1cc2c3c(c[nH]c3c1=O)CN(CC1CC1)c1ccc(S(C)(=O)=O)cc1-2,False,False,False,False
CC(C)C[C@@H](NC(=O)OCc1ccccc1)P(=O)(O)C[C@@H](Cc1ccccc1)C(=O)O,False,False,False,False
COc1ccc(S(=O)(=O)N(C)CC(=O)Nc2ccc3c(c2)OCCO3)cc1,False,False,False,False
COC(=O)c1c(C)cccc1/C=C1\Cc2ccc(C)c(C)c2C1=O,False,False,False,False
O=C(Nc1ccc(F)c(F)c1)C1CCCN1S(=O)(=O)c1ccc(F)cc1,False,False,False,False
N#Cc1c[nH]c2c(NS(=O)(=O)c3ccc(N)nc3)cccc12,False,False,False,False
CC(NC1CCN(C(=O)C2CCCCC2)CC1)c1nccs1,False,False,False,False
COC(=O)C(NC(=O)c1cc(-c2ccc(O)cc2)nc2ccccc12)c1ccccc1,False,False,False,False
CCCC[C@@H](COCC(=O)OC(C)(C)C)NC(=O)C(=O)CCCCc1ccccc1,False,False,False,False
Cc1ccc(C(=O)Cn2c(C(=O)c3ccccc3)nc3ccccc32)cc1,False,False,False,False
CCCNC(=O)c1cn2ncnc(Nc3cc(NC(=O)OC)ccc3C)c2c1C,False,False,False,False
COc1ccc(C)cc1NC(=O)c1ccc(NS(=O)(=O)c2cccs2)cc1,False,False,False,False
O=C(CN1C(=O)c2ccc([N+](=O)[O-])cc2C1=O)NC1CCS(=O)(=O)C1,False,False,False,False
O=C(O)c1ccc(-n2nc(S(=O)(=O)c3c(Cl)cccc3Cl)c3ccccc32)cc1,False,False,False,False
COc1ccccc1-c1nc2ccc(F)cc2o1,False,False,False,False
Cc1ccc(NC(=O)C2(c3ccccc3)CCCC2)nc1,False,False,False,False
CCNC(=O)c1ccc(OC)c(OC)c1,False,False,False,False
O=C(Nc1ccc(OC(F)(F)F)c(Cl)c1)c1cc(Cl)ccc1O,False,False,False,False
CCCNC(=O)n1cnc2ccccc21,False,False,False,False
Nc1nc(NCCc2[nH]nc3c2CCCC3)cc(N2CCOCC2)n1,False,False,False,False
COc1ccc(F)cc1-c1ccc(C(=O)N=C(N)N)o1,False,False,False,False
Cc1cc(C)c2oc(C(=O)Nc3ccc(S(=O)(=O)N4CCCCC4)cc3)cc(=O)c2c1,False,False,False,False
COC(=O)CC1C(=O)OCc2c1cc1n(c2=O)Cc2c-1nc1ccccc1c2OC,False,False,False,False
O=C(CC(=O)Nc1ccccc1C(=O)O)NNC(=O)Cc1ccccc1,False,False,False,False
Cc1cccc(C)c1CNc1c(C(N)=O)cnc2c(C)cccc12,False,False,False,False
O=C(c1ccccc1[N+](=O)[O-])N1N=C(c2ccccc2)CC1(O)C(F)(F)F,False,False,False,False
Cc1ccc(S(=O)(=O)c2nc3ccccc3nc2N2CCCC2)cc1,False,False,False,False
CC(C)(C)c1ccc(C(=O)Nc2nnc3n2CCS3)cc1,False,False,False,False
COc1cc(-c2cc(-c3ccc(Br)cc3)nc(N)n2)cc(OC)c1OC,False,False,False,False
NNC(=O)c1cccc(Cn2cc(Br)c([N+](=O)[O-])n2)c1,False,False,False,False
COc1ccc2c(c1)C(=O)c1cc(C(=O)O)ccc1CC2,False,False,False,False
CCC(C)Oc1cc(NC(C)=O)c(N)cc1C(=O)OC,False,False,False,False
CC(=O)Nc1coc2c(C)c(O)ccc2c1=O,False,False,False,False
O=C(c1ccccc1)N1CC2COCC2C1,False,False,False,False
NC(=O)c1ccc(NCc2cccc(F)c2)c2cccnc12,False,False,False,False
CC[C@@H](C)[C@H](N)C(=O)N1Cc2conc2C1,False,False,False,False
COc1cncc(-c2nc3cc(-c4cnc(N)nc4)ccc3n2C(C)(C)C)c1,False,False,False,False
Cn1nnc2c3c(ccc21)c(=O)c(C(=O)O)cn3Cc1ccccc1,False,False,False,False
COc1ccc(OC)c(C(CC(=O)c2ccccc2)NC(C)=O)c1,False,False,False,False
Cc1cc(O)c2c(c1)C(c1c(O)cccc1O)OC2=O,False,False,False,False
CCNC(=O)[C@H]1O[C@@H](n2cnc3c(N)nc(C#CCCCC#N)nc32)[C@H](O)[C@@H]1O,False,False,False,False
COc1cc(C)c(/C=C2/N=C(c3ccccc3)OC2=O)c([N+](=O)[O-])c1OC,False,False,False,False
COc1ccc(S(=O)(=O)c2ccccc2)cc1NS(=O)(=O)c1cccc(C(=O)O)c1,False,False,False,False
CC(C)NC(=O)c1c(O)nc2ccccc2c1O,False,False,False,False
CNC(=O)N(C)C1c2cc(CO)ccc2Oc2ncccc21,False,False,False,False
Cc1cc(C)c(NC(=O)CSc2nnc(-c3ccco3)n2N)c(C)c1,False,False,False,False
Cn1cc[n+](CC(=O)c2ccc(C(N)=O)cc2)c1,False,False,False,False
CC(C(=O)N1CCOCC1)S(=O)(=O)Cc1noc(C(C)(C)C)n1,False,False,False,False
COc1ccc(-c2ccc(NC(=O)c3ccccc3)nc2)cc1,False,False,False,False
COc1ccc(F)c(CN2CN(CC(=O)O)c3ccc(C)cc3S2(=O)=O)c1,False,False,False,False
Cc1cc(C)c(S(=O)(=O)c2cccc(Cl)c2)c(Cl)n1,False,False,False,False
CC(CCc1ccccc1)NC(=O)Cn1c(=O)nc(-c2ccccc2)c2cc(Cl)ccc21,False,False,False,False
CCOc1ccc(-c2cc(N)c(C(=O)c3cc(OC)c(OC)c(OC)c3)s2)cc1,False,False,False,False
CCOc1ncccc1C(=O)OCC(=O)Nc1cc(C(C)(C)C)ccc1OC,False,False,False,False
Cc1ccc(C(=O)NCC(C)(C)N(C)C)cn1,False,False,False,False
O=C(NC(=S)Nc1ccc2c(c1)OCCO2)c1ccco1,False,False,False,False
COc1ccccc1NC(=O)Cn1c(=O)c2nnc(C(C)C)n2c2ccccc21,False,False,False,False
CN1C(=O)[C@H](NC(=O)Nc2ccc(-c3nn[nH]n3)cc2)N=C(c2ccccc2)c2ccccc21,False,False,False,False
CCOc1cc(C2C(C(=O)OC)=CN(C3CCCC3)C=C2C(=O)OC)cc(Br)c1O,False,False,False,False
CC(=O)C[C@@H](c1ccccc1)c1c(O)c2cccc(O)c2oc1=O,False,False,False,False
CCc1nc(CN(C)CC(N)=O)cs1,False,False,False,False
O=C(CN1C(=O)CC(c2ccccc2)=Nc2ccccc21)NCc1ccco1,False,False,False,False
Cc1cc2c(cc1NC(=O)c1ccccc1C)n(C)c(=O)c(=O)n2C,False,False,False,False
CN1C[C@H]2C[C@@H]1CN2c1cc2c(cc1F)c(=O)c(C(=O)O)cn2C1CC1,False,False,False,False
NC(=O)c1cc(C[C@@H](O)CO)cc(-c2ccc(Oc3ccc(F)cc3)cc2)n1,False,False,False,False
CCn1cc(C(=O)O)c(=O)c2cc(F)c(N3CCCCCC3)cc21,True,True,True,True
CCCCCCNCCCC(=O)Nc1ccc(/C(N)=N/O)cc1,False,False,False,False
COc1ccc(S(=O)(=O)Nc2ccc(NC(C)=O)cc2)cc1Cl,False,False,False,False
CSc1cccc(NC(=O)C2(c3ccc4c(c3)OCO4)CC2)c1,False,False,False,False
COc1ccc([C@@H]2c3nc(C)ccc3[C@H](c3ccc4c(c3)OCO4)[C@H]2C(=O)O)cc1,False,False,False,False
O=c1cc(O)ccn1C1C=C(CO)C(O)C1O,False,False,False,False
COc1ccccc1-c1ccc(-c2cc(C)cc(=O)n2O)cc1,False,False,False,False
CN(C)S(=O)(=O)c1ccc(C(=O)OCC(=O)c2ccc3c(c2)NC(=O)CO3)cc1,False,False,False,False
CCCNC(=O)Nc1cc(S(=O)(=O)CC)ccc1O,False,False,False,False
Cc1ccc(CC[C@H](N[C@H](C)C(=O)O)C(=O)N[C@@H](CC(C)C)C(=O)Nc2ccccc2)cc1,False,False,False,False
C[C@@H](NC(=O)Nc1cccc(F)c1)c1ccccc1,False,False,False,False
O=c1oc(OCCBr)cc2ccc([N+](=O)[O-])cc12,False,False,False,False
CC(C)(C)c1ccc(Cn2cnc([N+](=O)[O-])n2)cc1,False,False,False,False
O=C(CN1C(=O)CSc2ccc(S(=O)(=O)N3CCOCC3)cc21)NCc1ccc(Cl)cc1,False,False,False,False
O=C1CN(C(=O)c2cncc(-c3ccc(F)cc3)c2)c2ccccc2N1,False,False,False,False
CCNc1nc(-n2cc(C(=O)N3CCOCC3)cn2)nc(N)c1Br,False,False,False,False
COc1cc(OC)c2c(c1)OCC1CON(C)C21,False,False,False,False
NC(=O)N/N=C/c1ccc(Oc2c(F)cccc2F)cc1,False,False,False,False
N#Cc1ccc(OCCOC(=O)COc2ccc(F)c(C(N)=O)c2F)cc1,False,False,False,False
COCCNc1nnc(SCC(=O)c2ccc3c(c2)OCO3)s1,False,False,False,False
O=C(CCCCCCNC(=O)c1ccc(C(O)(c2nccs2)c2nccs2)cc1)NO,False,False,False,False
Oc1cccc(-c2cnc3cnc(-c4cccnc4)cn23)c1,False,False,False,False
O=C(NC1CCCC1)c1noc(-c2ccc(Br)cc2)c1Br,False,False,False,False
Cc1ccccc1NC(=O)C(=O)Cc1nc2ccccc2s1,False,False,False,False
CC[C@H](C)[C@@H](CO)NS(=O)(=O)c1sc(Cl)cc1Br,False,False,False,False
CCC(=O)c1cccc(S(=O)(=O)NCC(C)(C)N)c1,False,False,False,False
CC1=[N+]([O-])C2(CCCC2)[N+]([O-])=C1c1ccccc1,False,False,False,False
c1ccc(-c2ccc3nnc(-c4ccccc4)n3n2)cc1,False,False,False,False
CCN(CC)C(C(N)=O)c1ccccc1,False,False,False,False
O=C(O)c1csc(-n2nc(-c3ccccc3)c(O)c2-c2ccccc2)n1,False,False,False,False
N[C@@H]1CCN(C(=O)[C@@H]2CCCCN2S(=O)(=O)c2ccc(-c3cc(Cl)ccc3Cl)cc2)C1,False,False,False,False
Cc1ccccc1/C=N\Nc1nc2ccccc2c(=O)n1-c1ccccc1,False,False,False,False
COc1cc(-c2cncs2)cc2c(Nc3ccc(C(N)=O)cc3)ncnc12,False,False,False,False
Cc1ccc(S(=O)(=O)CCC(=O)Oc2ccc3c(C)cc(=O)oc3c2)cc1,False,False,False,False
CCN(CC)C(=O)C[n+]1cccc(C(N)=O)c1,False,False,False,False
c1ccc(Nc2ccc(Nn3cccc3)cc2)cc1,False,False,False,False
O=c1oc2ccc(Cl)cc2c(=O)n1Cc1ccccc1,False,False,False,False
NC(=O)Nc1sc(-c2ccc(CNC3CCCC3)cc2)cc1C(N)=O,False,False,False,False
COc1cc(C(C)C)c(C(=O)CSc2nnc(C)s2)cc1C,False,False,False,False
Cc1ccc2oc(=O)n(CC(=O)OC(C)C)c2c1,False,False,False,False
CC(C)(C)c1ccc(OCc2nnc(SCC(N)=O)n2N)cc1,False,False,False,False
O=C(O)C(Cc1ccc(O)cc1)N1C(=O)c2ccccc2C1=O,False,False,False,False
NCCc1c[nH]c2ccc(OCCOc3ccc(Oc4ccc([N+](=O)[O-])cc4)cc3)cc12,False,False,False,False
Cc1ccc(S(=O)(=O)c2cc3c(=O)n4ccccc4nc3n(C3CCCCC3)c2=N)cc1,False,False,False,False
O=C(Nc1ccncc1)c1c(O)ccn2c1nc1ccccc12,False,False,False,False
Cc1csc(NC(=O)Cc2ccc(Cl)cc2)n1,False,False,False,False
O=[PH](Oc1ccccc1)Oc1ccccc1,True,True,True,True
COc1cc(S(=O)(=O)NCc2cccnc2)ccc1F,False,False,False,False
CNS(=O)(=O)c1ccc(CNC(=O)c2cccc3c2cnn3-c2ccc(F)cc2)cc1,False,False,False,False
CC(=O)c1ccc(C(=O)N2CC(=O)N(Cc3ccccc3)[C@@H](Cc3ccccc3)C2)cc1,False,False,False,False
CC(=O)O[C@H](Cc1ccc(O)cc1)NC(=O)[C@H](Cc1ccccc1)NC(=O)c1ccccc1,False,False,False,False
COc1cc(C(=O)N(C)c2ccc(-c3cccnc3)cc2F)cc(OC)c1OC,False,False,False,False
Cc1ccc(S(=O)(=O)N(CC(=O)N2CCOCC2)c2ccc(Br)cc2)cc1,False,False,False,False
CCC[C@H](N[C@@H](C)C(=O)N1[C@H](C(=O)O)C[C@@H]2CCCC[C@@H]21)C(=O)O,False,False,False,False
CC[C@@H]1NCCOc2ccccc2/C=C\CNC(=O)[C@H](Cc2ccccc2)NC(=O)C2(CCCC2)NC1=O,False,False,False,False
CC(C)Cc1ccc(-c2cc(O)nc(N)n2)cc1,False,False,False,False
NC(=O)c1ccc(N2CCN(C(=O)N3CCOCC3)CC2)cc1,False,False,False,False
COc1cccc(OCCNS(=O)(=O)c2ccccc2[N+](=O)[O-])c1,False,False,False,False
CNC(=O)[C@H]1C[C@@H]2CN(S(=O)(=O)c3ccc(C)c(F)c3)C[C@@H]2N1C,False,False,False,False
O=C1CN(CCS(=O)(=O)c2ccc(Cl)cc2)CCN1,False,False,False,False
COc1ccccc1N1CCN(C(=O)c2cc(S(=O)(=O)N3CCOCC3)ccc2C)CC1,False,False,False,False
COc1ccc2c(c1)C(c1ccccc1C)CC(=O)O2,False,False,False,False
CC(=O)c1cccc(NC(=O)COC(=O)c2[nH]nc3ccccc23)c1,False,False,False,False
COC(=O)[C@H]1C[C@@H]1[C@H](NS(=O)(=O)c1ccc(-c2ccccc2)cc1)c1ccccc1,False,False,False,False
O=C(Nc1cccc(F)c1)c1ccc2snnc2c1,False,False,False,False
COc1ccc(-n2cnc3c(-c4cccc(C)c4)csc3c2=O)cc1,False,False,False,False
CCOC1=C2[C@@H](CN(S(=O)(=O)c3ccc(C)cc3)[C@H]2c2ccccc2)[C@H]2C(=O)N(Cc3ccccc3)C(=O)[C@H]2C1,False,False,False,False
CCC(CC)C(=O)NCc1cccnc1,False,False,False,False
O=C(O)c1ccc(CNC(=O)c2ccccc2NC(=O)c2cccc([N+](=O)[O-])c2)cc1,True,True,True,True
Cc1nn(C)c(C(=O)N/N=C/c2ccccc2)c1[N+](=O)[O-],False,False,False,False
Cc1nc2c(OCc3c(F)cccc3F)cccn2c1C(=O)NC(CO)(CO)c1ccc(F)cn1,False,False,False,False
CSc1nnc(O)n1-c1ccc(Cl)cc1Cl,False,False,False,False
Nc1nc(=O)n([C@@H]2CO[C@H](CO)O2)cc1F,False,False,False,False
O=[N+]([O-])c1cc(CSc2nnnn2-c2ccc(F)cc2)cc([N+](=O)[O-])c1,False,False,False,False
Cc1c(F)cc(C(=O)NC2CC2)cc1-c1c(F)cn2c(C3CC3)nnc2c1F,True,True,True,True
CC(=O)Nc1cccc(C(=O)Nc2nc(C)cs2)c1,False,False,False,False
COc1ccc(NC(=O)c2c(NO)cc(-c3cccs3)oc2=O)cc1,False,False,False,False
CCC(CO)NC(=O)COc1c(C)cc(C)cc1C,False,False,False,False
CC1Cc2ccccc2N1S(=O)(=O)c1ccc(Br)cc1,False,False,False,False
O=C(NNC(=O)C1CCCCC1)c1ccncc1,False,False,False,False
O=C(Cc1ccccc1OCc1ccccc1)N[C@@H](CS)Cc1ccccc1,False,False,False,False
O=C(Cn1nc(C(=O)O)c2ccccc2c1=O)c1c[nH]c2ccccc12,False,False,False,False
Nc1nc(N)c2c(Oc3cccnc3)cccc2n1,False,False,False,False
O=C(Cc1nnc(O)c2ccccc12)OCC(=O)c1ccccc1,False,False,False,False
O=C(O)C(=O)Nc1ccc(C#Cc2ccc(O)cc2)cc1,True,True,True,True
Cc1ccc(C(=O)C(C)N2C(=O)NC(C)(c3ccccc3)C2=O)cc1,False,False,False,False
O=S(=O)(NCCc1csc2nc(-c3ccc(F)cc3)nn12)c1ccc(Oc2ccccc2)cc1,False,False,False,False
CC(=O)CC1=C[C@H]2[C@@H]3C(C)(C)[C@]3(OC(=O)Cc3ccccc3)C[C@@H](C)[C@]2(O)[C@@H]2C=C(C)C(=O)[C@@]2(O)C1,False,False,False,False
Cc1ccc(NC(=O)C(=O)c2c[nH]c3cc(C)ccc23)cc1,False,False,False,False
O=c1c2ccccc2n(Cc2cn(Cc3ccccc3)nn2)c2ccc(Br)cc12,False,False,False,False
CN1C(=O)CC[C@]2(C)C3CC[C@@]4(C)C(CC[C@@]4(O)C#CCCO)C3CCC12,False,False,False,False
COC(=O)C(=O)C(C(C)=O)C(=O)C(=O)Nc1ccc(C)cc1C,True,True,True,True
CC(C)(C)c1ccc(C(=O)NCC(=O)OCC(=O)N2CCN(S(=O)(=O)c3ccc(Cl)cc3)CC2)cc1,False,False,False,False
Cn1c(SCC(=O)Nc2ccc(Br)cn2)nnc1C1CC1,False,False,False,False
CCC1(C(=O)Nc2cc(CN3CCOCC3)c(C)cn2)CCCCC1,False,False,False,False
Cc1ccc(NC(=O)CSc2nnc(-c3ccco3)o2)cc1,False,False,False,False
COc1ccc(CCNC(=O)C(=O)NCc2ccc(C)cc2)cc1OC,False,False,False,False
CC(C)NC(=O)N1CCN2C(=O)OC[C@H]2C1,False,False,False,False
Cc1ccc(NC(=O)C(c2ccc(Cl)cc2)N2CCCCC2)cc1,False,False,False,False
C=CC1Cc2nc(N)nc(N(C)c3ccc(OC)cc3)c2C1,False,False,False,False
CCCCCCN(C)CCCCC(=O)N(O)CCC(=O)OC,False,False,False,False
CC1=NN(C(=O)COc2cc(C)ccc2C(C)C)C(O)(c2ccccc2)C1,False,False,False,False
NC(=O)c1cnc(Nc2ccc(CCO)cc2)nc1NCc1ccccc1,False,False,False,False
CCC(C)(C(=O)NC1CCCC1)N(C(=O)c1cnccn1)c1ccccc1,False,False,False,False
O=C(NC(=S)Nc1sc2c(c1C(=O)O)CCCC2)c1ccccc1,False,False,False,False
COc1ccc(C(=O)Nc2cc3c(cc2Cl)OCCCO3)cc1,False,False,False,False
O=[N+]([O-])c1cccc(NC(=S)N2CCN(S(=O)(=O)c3ccccc3)CC2)c1,False,False,False,False
COc1cc(OC)c2cc(-c3ccc(O)cc3)c(O)nc2c1,False,False,False,False
C=CCOc1ccccc1/C=C1\Oc2c(OC)cccc2C1=O,False,False,False,False
CCc1nnc(C(C)N2CCCN(C(=O)Oc3ccccc3)CC2)o1,False,False,False,False
CCCNCC(P(=O)(O)O)P(=O)(O)O,True,True,True,True
O=C(O)c1cccc2c(=O)c3ccccc3ccc12,False,False,False,False
N[C@H]1CCN(c2cc3c(cc2F)c(=O)n(N)c(=O)n3C2CC2)C1,False,False,False,False
Cc1cc([N+](=O)[O-])ccc1Nc1nc2ccccc2n2cnnc12,False,False,False,False
CN(N=O)c1ccc(/C=C/c2ccccc2)cc1,False,False,False,False
Cc1c(C(=O)NNc2c(Cl)cccc2Cl)n(C)oc1=O,False,False,False,False
CC(C)c1cccc(NC(=O)c2ccc(C(=O)O)cc2)c1,False,False,False,False
COc1ccc2c(C(=O)c3cc(OC)c(OC)c(OC)c3)c[nH]c2n1,False,False,False,False
Cc1ccncc1C(=O)NC[C@H]1[C@H](C(=O)Nc2ccc(Br)cc2)[C@@H]2C=C[C@H]1C21CC1,False,False,False,False
CCN1CCN(C(=O)CN(CC)S(=O)(=O)c2ccc(Cl)cc2)CC1,False,False,False,False
Cc1noc(C)c1CN1CCN(C(=O)C(C(C)C)n2cncn2)CC1,False,False,False,False
Cc1cccnc1-n1c(-c2ccco2)nc2ccccc2c1=O,True,True,True,True
COc1ccc2cc(C(=O)NCC(c3ccccc3)n3ccnc3)oc2c1,False,False,False,False
Nc1cc(=O)oc2cc(OCc3cccc(Cl)c3)ccc12,False,False,False,False
CC(=O)OCCNc1cc(SC(C)C)c2nonc2c1[N+](=O)[O-],False,False,False,False
CC(c1cccnc1)N(C)S(C)(=O)=O,False,False,False,False
CNCCc1c(C)cc(C(C)(C)C)cc1C,False,False,False,False
COc1cc(OC)c2cc(-c3cn4nc(C(C)F)sc4n3)oc2c1,False,False,False,False
Cc1nn(C2CCCCC2)c2sc(C(=O)Nc3ccc(C(=O)N(C)C)cc3)cc12,False,False,False,False
O=C(NO)C1(NS(=O)(=O)c2ccc(Oc3cccnc3)cc2)CCOCC1,False,False,False,False
NCCCNCCCc1ccc(CCCNCCCN)cc1,False,False,False,False
COc1ccccc1N1CCN(c2ccc(-c3nc(-c4ccccc4)no3)cc2[N+](=O)[O-])CC1,False,False,False,False
NC(=O)[C@@H](CCC(F)(F)F)N(C[C@H]1CCCOC1)S(=O)(=O)c1ccc(Cl)cc1,False,False,False,False
CCN1CCN(c2ccc(S(=O)(=O)N3CCOCC3)cc2NC(=O)c2ccc(Cl)cc2Cl)CC1,False,False,False,False
COc1ccc(-c2ccc3c(c2)S(=O)(=O)c2cccc(C(=O)O)c2C3=O)cc1OC,False,False,False,False
COc1nc(C)cc(OC(=O)N(C)C)n1,False,False,False,False
CC1=NC2c3c(oc(C(=O)NC4CCCC4)c3C)CCC2S1,False,False,False,False
Cc1n[nH]c(C)c1NC(=O)C1CCCN(C(=O)NCC(C)C)C1,False,False,False,False
CC1([N+](=O)[O-])COC(c2cccc3ccccc23)OC1,False,False,False,False
COc1ccc(-c2cccc3c2CC(=O)C(N)CC3)cn1,False,False,False,False
CCC(c1nnc(SCC(=O)Nc2c(F)cccc2F)n1Cc1ccccc1)N(C)C,False,False,False,False
COc1ccc(C2CC(c3cccc([N+](=O)[O-])c3)=NN2C(C)=O)c(OC)c1OC,False,False,False,False
CCOC(=O)CNC(=O)Cn1cnc2ccc(S(=O)(=O)N3CCC(C)CC3)cc2c1=O,False,False,False,False
CCCCCCC(=O)NC1=NN(C)c2ncnc3c2c1cn3C1O[C@H](CO)[C@@H](O)[C@H]1O,False,False,False,False
Cc1ccc(-c2cc(C(=O)N[C@H](C)c3ccc(F)cn3)cc(C(C)(C)O)c2)nc1,False,False,False,False
CCc1nccn1S(=O)(=O)c1cc(Br)ccc1Br,False,False,False,False
COc1cc(C(=O)c2cccc(-c3ccc(C)c(C)c3)n2)cc(OC)c1OC,False,False,False,False
CCCCNC(=O)c1cccc(NC(=O)CCCCCNc2ncnc3[nH]cnc23)c1,False,False,False,False
O=C1C2C3c4ccccc4C(c4ccccc43)C2C(=O)N1c1ccccc1O,False,True,True,True
Cc1cccc(OCC(=O)Nc2ccc(C(=O)O)cc2NC(=O)COc2cccc(C)c2)c1,False,False,False,False
Cc1cc(NC(=O)NC2CCCc3c2cnn3CCO)n(C)n1,False,False,False,False
O=C(C[n+]1ccccc1Br)c1ccc(-c2ccccc2)cc1,False,False,False,False
CCOC(=O)c1cc2c(OC)c(OC)ccc2c2ncc(C#N)c(O)c12,False,False,False,False
NCCNC(=O)c1ccc([N+](=O)[O-])cc1,True,True,True,True
CC(C)Nc1cc(-n2ncc3cc(C#N)cnc32)ncc1C(=O)NCCC1(O)CCOCC1,False,False,False,False
O=C(NN1Cc2ccccc2C1)c1ccccc1,False,False,False,False
COc1ccc(-c2c[nH]c3ccc(-c4nnc(N)s4)cc23)nc1OC,False,False,False,False
O=C(Cc1ccccc1)Nc1ccc(NC(=O)c2ccc(Br)cc2)cc1,False,False,False,False
Cc1ccc2onc(CC(=O)Nc3cc(F)ccc3F)c2c1,False,False,False,False
CS(=O)(=O)NC(=O)CCn1c2ccc(O)cc2c2c3c(c(-c4ccccc4Cl)cc21)C(=O)NC3=O,False,False,False,False
COC(=O)c1sc2cc(-c3ccc(OC)cc3)cnc2c1N,False,False,False,False
CCCNC(=O)c1ccc(-c2ccccn2)nn1,False,False,False,False
COc1ccc(OC)c(NS(=O)(=O)c2cccs2)c1,False,False,False,False
CC(=O)C1=C(NC(=O)c2ccccc2F)C[C@@H]2[C@H]1C2(C)C,False,False,False,False
Cc1cc(-c2ccccc2)n(C(=O)C(C(=O)n2nc(C)cc2-c2ccccc2)N2C(=O)c3ccccc3S2(=O)=O)n1,False,False,False,False
Cc1cc(C(O)c2ccc(F)cc2)nc(Nc2ccc(C#N)cc2)n1,False,False,False,False
Cc1nc2ccc(S(=O)(=O)NCC(=O)Nc3ccc(F)cc3F)cc2s1,False,False,False,False
CCOc1cccc(C(=O)Nc2ccn(CC)n2)c1,False,False,False,False
COc1ccccc1CNS(=O)(=O)c1ccc2c(c1)CC(C)N2C(=O)C1CCC1,False,False,False,False
O=C(OCc1nnc(-c2ccccc2)o1)c1cc(S(=O)(=O)N2CCOCC2)ccc1F,False,False,False,False
Cc1ccc(NC(=O)CN(C)S(=O)(=O)c2ccc3c(c2)c(=O)n(C)c(=O)n3C)cc1,False,False,False,False
CCS(=O)(=O)c1ccccc1C(=O)Nc1nc(-c2ccccn2)cs1,False,False,False,False
Cc1ccc(CN(C(=O)COc2ccc([N+](=O)[O-])cc2)c2ccccn2)o1,False,False,False,False
C=C[C@H](OC(C)=O)c1ccc(OC(C)=O)c(F)c1F,True,True,True,True
Cc1ccc(S(=O)(=O)N2CCC(C(=O)Nc3ccccc3N3CCCC3)CC2)cc1C,False,False,False,False
O=C(Nc1ccccc1)c1ccccc1OCC(O)CN1C(=O)c2ccccc2S1(=O)=O,False,False,False,False
CCCc1nn(C)c(C(=O)NCc2ccc(C(C)(C)C)cc2)c1Cl,False,False,False,False
Cc1cc(C)c(C#N)c(Nc2ccccc2C)n1,False,False,False,False
O=C(NCC(O)c1ccccc1)c1cccs1,False,False,False,False
COc1ccc(S(=O)(=O)N2Cc3ccccc3CC2C(=O)N2CCOCC2)cc1OC,False,False,False,False
CC(C)NC(=O)c1cc(Oc2ccc(/C=C/c3ccncc3)cc2)ccn1,False,False,False,False
COc1ccc(C(=O)Nc2ccccc2)cc1NC(=O)c1ccccc1,False,False,False,False
CC1(C)C=Cc2c(ccc(C(=O)CCc3ccc(O)cc3)c2O)O1,False,False,False,False
CSCc1ccc(C(=O)NCCc2cccnc2)o1,False,False,False,False
CCc1ccc(Nc2nc3nonc3nc2O)c(F)c1,False,False,False,False
CCCCCn1cc(C(=O)NC23CC4CC(CC(C4)C2)C3)c(=O)c2cccc([N+](=O)[O-])c21,False,False,False,False
CCCc1nnc(SCc2ccc(C(=O)OC)o2)n1N,False,False,False,False
CC(C)CN(C(=O)CN(C)CC(=O)Nc1ccccc1C#N)c1c(N)n(CC(C)C)c(=O)[nH]c1=O,False,False,False,False
N#Cc1cccc(C(=O)c2ccc3c(-c4ccc(OCC(=O)O)cc4)nocc2-3)c1,False,False,False,False
CCCC(=O)c1cnc2c(OC)cccc2c1Nc1ccccc1CO,False,False,False,False
COc1ccc(-c2cc(NC=O)c3ncc(-c4ccc(C(C)=O)cc4)n3c2)cc1OC,False,False,False,False
O=C(Cc1ccc([N+](=O)[O-])cc1)N1CCCCC1CN1CCCC1,False,False,False,False
C/C(=N\NS(=O)(=O)c1ccccc1)c1ccc2c(c1)OCCO2,False,False,False,False
CNn1cc(C(=O)O)c(=O)c2cc(F)c(N3CCSCC3)cc21,False,False,False,False
CCOc1ccc(NC(=O)c2cccc(S(=O)(=O)Nc3c(C)n(C)n(-c4ccccc4)c3=O)c2)cc1,False,False,False,False
CC(C)(C)C(=O)OCC(CNC(=O)Cc1ccc(NS(C)(=O)=O)c(F)c1)Cc1ccc(C(C)(C)C)cc1,False,False,False,False
CO/C=C(\Br)c1ccc2c(c1)OCO2,False,False,False,False
N[C@@H](Cc1c[nH]cn1)C(=O)CSc1ccc(Br)cc1,False,False,False,False
O=C(O)C1=CN(c2ccncc2)C(c2ccco2)=CC1c1ccccc1[N+](=O)[O-],False,False,False,False
Cc1ncc([N+](=O)[O-])n1CCOC(=O)c1cc(Cl)ccc1Cl,False,False,False,False
CC1(NC(=O)N[C@H](C(=O)N2C[C@H]3[C@@H]([C@H]2C(=O)NC(CC2CC2)C(=O)C(N)=O)C3(C)C)C(C)(C)C)CCCCC1,False,False,False,False
CCN(Cc1ccncc1)C(=O)CCc1ccccc1,False,False,False,False
Cc1ccc(S(=O)(=O)Cn2nnnc2C(c2ccc(F)cc2)N2CCCCC2)cc1,False,False,False,False
NC(=O)c1ccc(-n2nnnc2SCC(=O)Nc2ccc(F)cc2)cc1,False,False,False,False
c1ccc(CCc2nc(-c3ccccn3)no2)cc1,True,True,True,True
Cc1cccnc1NC(=O)C1CC(=O)N(c2ccc3c(c2)OCCO3)C1,False,False,False,False
CN1Cc2c(C#Cc3ccccc3)ncn2-c2ccc(F)cc2C1=O,False,False,False,False
CC(C)(C)c1ccc(S(=O)(=O)NC(=O)C2(C)CCN2C(=O)CC2CCCCC2)cc1,False,False,False,False
COC(=O)c1cc(NC(=O)c2ccoc2C)cc(C(=O)OC)c1,False,False,False,False
CC(C)COc1ncnc2[nH]cc(C#N)c12,False,False,False,False
CCCCCCC[C@H]1OC2=C(C(=O)O[C@@H]2C)[C@@H](O)[C@]1(C)O,False,False,False,False
Cc1cc(C)cc(Cn2c(=O)ccn(C/C=C/c3ccccc3)c2=O)c1,False,False,False,False
O=C(COC(=O)CNC(=O)c1ccccc1)Nc1ccc(Cl)cn1,False,False,False,False
Cc1ccc(C(=O)Nc2cccc([C@H](C)Nc3cncc(Cl)n3)c2)cn1,False,False,False,False
CCOC(=O)c1cnc2c(cc(OC)c3nnn(C)c32)c1OCC,False,False,False,False
O=S(=O)(CCc1ccccc1)CC(O)(O)C(F)(F)F,False,False,False,False
Cc1cc(O)c(-c2cc(C(=O)Nc3ccc(S(=O)(=O)N4CCOCC4)cc3)[nH]n2)cc1C,False,False,False,False
N=C(Cc1ccc(Cl)cc1Cl)NOC(=O)c1ccccc1F,False,False,False,False
COc1ccc(CS/C=C\C[S+]([O-])Cc2ccc(OC)cc2)cc1,False,False,False,False
COc1cc(NC(C)=O)c2ncccc2c1Br,False,False,False,False
CC(C)[C@H](NC(=O)c1cc(-c2ccc(NC(=O)Nc3ccccc3Cl)cc2)no1)C(=O)O,False,False,False,False
O=C(Nc1ccc(C(=O)N2CCCCC2)cc1)C1CCCCC1,False,False,False,False
Cn1ccnc1SCCOc1ccc(C(=O)O)cc1,False,False,False,False
CC(C)c1ccc(NC(=O)Cn2nc3ccc(SCc4ccc(Cl)cc4)nn3c2=O)cc1,False,False,False,False
C[C@H]1C(=O)C[C@H]2[C@@H](C1O)[C@@H](C(C)(C)O)CC[C@@]2(C)O,False,False,False,False
Cc1cccc(C)c1NC(=O)CSc1nnc(O)n1C1CC1,False,False,False,False
O=C1CCN(S(=O)(=O)c2ccccc2)C2CCCCC12,False,False,False,False
COc1cc(C(C)C(=O)NCc2cc(C(C)(C)C)nn2-c2cccc(Cl)c2)ccc1NS(C)(=O)=O,False,False,False,False
COc1ccc(N2CC(=O)C(c3nc4ccccc4s3)=C2N)cc1,False,False,False,False
CC1(C)C(=O)OC(c2cccn2-c2ccc([N+](=O)[O-])cc2)C2(CCCCC2)C1=O,False,False,False,False
Cc1ccc(N(CC(=O)NCCSCc2ccco2)S(=O)(=O)c2ccc(C)cc2)cc1,False,False,False,False
Cc1cnc(C(=O)Nc2n[nH]c3c2CN(C(=O)N2C[C@@H]4CCCN4C[C@@H]2C)C3(C)C)cn1,False,False,False,False
CNC(=O)c1cccc(NC(=O)Cc2ccccc2)c1,False,False,False,False
NCC1(CC(=O)O)CC2CCCCC2C1,True,True,True,True
CCC(C)[C@]1(C)NC(=O)C(C(C)=O)C1=O,False,False,False,False
CC1(c2ccccc2)CC(c2cccc([N+](=O)[O-])c2)=NO1,False,False,False,False
CCn1c(SCC(=O)Nc2ccc(OC)cc2OC)nc2nc3c(cc2c1=O)COC(C)(C)C3,False,False,False,False
O=C(c1nnc(O)c2ccccc12)N1CCN(c2ccccc2)CC1,False,False,False,False
COc1ccc2nc(C3=N[C@H](C(=O)O)C(C)(C)S3)sc2c1,False,False,False,False
CCCSCCCNC(=O)Cn1cc2c(n1)CCCCC2,False,False,False,False
CC(=O)Nc1ccc(S(=O)(=O)N2CCC(N3CCCCC3)CC2)cc1,False,False,False,False
O=C(NO)C1CN(C(=O)c2ccccc2)c2ccccc2CN1S(=O)(=O)c1ccc(Oc2ccc(Cl)cc2)cc1,False,False,False,False
Cc1nc(C(=O)O)c2c(O)nc3ccccc3n12,False,False,False,False
COC(=O)C1(Cc2ccccc2)Cc2c(C)ccc(C)c2C1=O,False,False,False,False
N#Cc1cc(C#N)c(SCC(=O)Nc2ccc(F)cc2)nc1N,False,False,False,False
O=C(Nc1ccc2c(c1)CC(=O)N(O)C2=O)c1ccccc1,False,False,False,False
CCc1csc([C@H](Cc2ccc(NS(=O)(=O)O)cc2)NC(=O)[C@@H](NC(=O)OC(C)(C)C)C(C)C)n1,False,False,False,False
O=C(Nc1cccc(F)c1)c1cc2ccc(O)cc2o/c1=N\c1cccc(F)c1,False,False,False,False
Cc1cc(-n2cc(CNc3ccc4c(=O)n(-c5ccccc5)c(C)nc4c3)nn2)cc(C)c1C,False,False,False,False
Cc1nc(CNC(=O)c2cc(COc3c(F)cccc3F)on2)cs1,False,False,False,False
COc1cc(Nc2nc(N)n(-c3ccccc3)n2)ccc1-c1cnco1,False,False,False,False
CC(CCc1ccccc1)NC(=O)Cc1cccs1,False,False,False,False
CN=[S@@]1(=O)C[C@@](C)(c2cc(NC(=O)c3ccc(Cl)cn3)ccc2F)N=C(N)N1C,False,False,False,False
Cc1ccc(S(=O)(=O)Nc2nc(C)c(C(=O)NNS(=O)(=O)c3ccccc3)s2)cc1,False,False,False,False
CCOc1cc(C(=O)Nc2cc(C)on2)cc(OCC)c1OCC,False,False,False,False
COc1ccc(NC(=O)C2(C#N)CC2)cc1,False,False,False,False
CCCCNc1nc(NCCCC)nc(NCCc2ccc(S(N)(=O)=O)cc2)n1,False,False,False,False
CC1(C)S[C@H](c2ccccc2C(=O)O)N[C@@H]1CC(=O)O,False,False,False,False
Cc1cc(OC(=O)c2ccc(C(C)(C)C)cc2)c([N+](=O)[O-])c(O)n1,False,False,False,False
Cc1cc(C(N)=O)c2nc(-c3ccc(C4(N)CCC4)cc3)c(-c3ccccc3)n2c1,False,False,False,False
COc1cccc(-c2ccc(C(=O)N(C)c3cccc(C)c3)o2)c1F,False,False,False,False
CC(C(=O)NC(Cc1ccccc1)C(=O)O)c1cccc(C(=O)c2ccccc2)c1,False,False,False,False
O=C(O)c1ccc2c(c1)C(=O)N([C@H](Cc1ccccc1)C(=O)O)C2=O,False,False,False,False
COc1ccc(NC(=O)COC(=O)CN2C(=O)C3CC=CCC3C2=O)c([N+](=O)[O-])c1,False,False,False,False
COc1ccc(C2N(S(=O)(=O)c3ccccc3)CCN2S(=O)(=O)c2ccc(C)cc2)cc1,False,False,False,False
Nc1cccc(C(=O)NCCc2ccccc2)c1,False,False,False,False
CC(C)SCC(C)(O)C(=O)Nc1ccc([N+](=O)[O-])c(C(F)(F)F)c1,False,False,False,False
O=S(=O)(CF)c1ccc(-c2cc3c(cc2Cc2ccccc2)OCO3)cc1,False,False,False,False
C[C@H]1CN(C)C(C)(C)CN1C(=O)N1Cc2c(NC(=O)c3ccccn3)n[nH]c2C1(C)C,False,False,False,False
Cc1ccc(NC(=O)c2ccc(Cl)cc2)cc1S(=O)(=O)N1CCOCC1,False,False,False,False
CCOC(=O)C1C(=O)CC(O)(c2ccccc2)C(C(=O)OCC)C1c1ccc(OC)cc1,False,False,False,False
O=c1cc(-c2ccccc2)sc(N2CCOCC2)c1,False,False,False,False
OC[C@]12CO[C@H]([C@@H]1O)[C@H](n1cnc3c(NCc4cccc(I)c4)ncnc31)O2,False,False,False,False
CC(C)(C)CCN1CCC(CNC(=O)c2cc(Cl)cc(Cl)c2)CC1,False,False,False,False
CCCn1cc(NC(=O)c2cccnc2O)ccc1=O,False,False,False,False
COc1cc(S(C)(=O)=O)ccc1Nc1nc2ccc(-c3ccc(NC(=O)Cc4ccc(F)cc4)cc3)cn2n1,False,False,False,False
COc1ccc2c(c1)C(=O)Cc1ccccc1CC2,False,False,False,False
CN1C(=O)C(O)(CC(=O)c2ccc3c(c2)OCO3)c2ccccc21,False,False,False,False
Cc1ccc(S(=O)(=O)N2CCN(C(=O)C(C)Cn3nc(C)c(C)c3C)CC2)cc1,False,False,False,False
O=C(Nc1ccc(-c2ccccc2)cn1)c1ccccc1,False,False,False,False
Cc1cccc(C(=O)n2cc(C(=O)Nc3ccccc3)c3cccnc32)c1,False,False,False,False
CC(C)(C)OC(=O)NCC1CC(Br)=NO1,False,False,False,False
COC(=O)C(NS(=O)(=O)c1cccc(S(=O)(=O)NC(C(=O)OC)c2ccccc2)c1)c1ccccc1,False,False,False,False
COc1cccc(CNC(=O)C2CCN(S(=O)(=O)c3ccc(-n4cnnn4)cc3)CC2)c1,False,False,False,False
COc1ccc(C(=O)C2CC2c2ccc3c(c2)OCO3)cc1,False,False,False,False
COC(=O)CC/C(C)=C/Cc1c(OC)c(C)c2c(c1OC)C(=O)OC2,False,False,False,False
NS(=O)(=O)Oc1ccc(NC(=O)NCCc2ccccn2)cc1,False,False,False,False
CCN(CC)S(=O)(=O)c1ccc(C(=O)C(C#N)c2ccccn2)cc1,False,False,False,False
CCc1nn(C)c(C(=O)NCc2ccc(C(=O)c3ccc(C)cc3)cc2)c1Cl,False,False,False,False
CCNC(=O)Cc1c(C)c2cc(OC)c(O)c(C=O)c2oc1=O,False,False,False,False
Cn1c(=N)n(CC(=O)O)c2ccccc21,False,False,False,False
COc1ccccc1CCc1ccnc(NC(N)=O)c1,False,False,False,False
COC(=O)C(C(=O)OC)C(C[N+](=O)[O-])c1ccc(OC)cc1,False,False,False,False
CCN1CC(C(=O)NCCCc2nc(C)c(C)s2)CC1=O,False,False,False,False
COc1cc(/C=C\c2ccc(OC)c(OP(=O)(O)O)c2O)cc(OP(=O)(O)O)c1OC,False,False,False,False
Oc1ccc2cc(-c3ccc(O)c4ncccc34)oc2c1,False,False,False,False
Cc1c(CC(=O)NN)c2ccccc2n1-c1ccccc1,False,False,False,False
CCCNCC(=O)Nc1c(C)[nH]c(/C=C2\C(=O)Nc3ccc(F)cc32)c1C,False,False,False,False
Nc1ncc(-c2cc(C3CN(C4COC4)C3)cc(N3CC[C@H](F)C3)n2)cc1OC(F)F,False,False,False,False
COc1cc(OC)cc([C@]2(C(=O)N[C@@H](Cc3ccc(-c4c(OC)cccc4OC)cc3)C(=O)O)CCCO2)c1,False,False,False,False
CCN(CC)c1cccc(NC(=O)N[C@@H]2N=C(c3ccccn3)c3ccccc3N(CC(=O)C(C)(C)C)C2=O)c1,True,True,True,True
N/C(=N\O)c1ccc(OCCCCCCCC/C(N)=N\O)cc1,False,False,False,False
Nc1cc2ncnc(NCc3ccccc3Br)c2cn1,False,False,False,False
COc1ccc2c(c1)c(C(C)N(O)C(C)=O)c(C)n2C(=O)c1ccc(Cl)cc1,False,False,False,False
C[C@@](CCc1ccc(-c2ccc(CC(=O)N3CCC(O)CC3)cc2)cc1)(C(=O)NO)S(C)(=O)=O,False,False,False,False
COc1ccc(-n2c(-c3ccco3)nc3ccccc3c2=O)cc1,True,True,True,True
CCCC(=O)NCc1ccc(C(=O)Nc2cc(-c3ccccc3)ccc2N)cc1,False,False,False,False
COc1ccc(F)c(-c2ncccc2NC(=O)C(C)C)c1,False,False,False,False
C[C@H]1OC(n2cc(I)c3c(S)ncnc32)[C@H](O)[C@@H]1O,False,False,False,False
CC1(C(=O)CSc2n[nH]c(-c3ccccc3Cl)n2)CCC(=O)O1,False,False,False,False
NS(=O)(=O)c1cccc(N2S(=O)(=O)c3ccccc3S2(=O)=O)c1,False,False,False,False
O=C(CCn1nc(-c2ccc(F)cc2)ccc1=O)NCc1ccccc1,False,False,False,False
CNC(=O)Oc1cc2c(cc1C)N(C)[C@H]1N(C)CC[C@@]21C,False,False,False,False
CCn1nnnc1NC(=O)c1cc(OC)c(OC)c(OC)c1,False,False,False,False
Cc1cccc(NC(=O)c2cccc(NC(=O)C[n+]3cccc(C(N)=O)c3)c2)c1,False,False,False,False
COC(=O)c1cc(S(=O)(=O)n2nc(C)c(Br)c2C)c(Cl)cc1Cl,False,False,False,False
COc1ccc(C2=C(OC(C)=O)c3cccn3-c3cc(OC)ccc3S2)cc1,False,False,False,False
Cc1cccc(N2CCN(C(=O)c3cccc(N4C(=O)C5C6C=CC(C6)C5C4=O)c3)CC2C)c1,False,False,False,False
CCc1ccc(NC(=O)c2ccc(Cn3cc([N+](=O)[O-])cn3)cc2)cc1,False,False,False,False
CCOP(=O)(OCC)C1(c2ccccc2)N=CC2C(=O)N(CC)C(=O)C21,True,True,True,True
C[C@]12N[C@H](Cc3cc4ccccc4cc31)c1ccccc12,False,False,False,False
COC(=O)C1C(O)=C/C(=N\Cc2ccccc2)CC1(C)C,False,False,False,False
COc1ccc2cc(NC(=O)N/N=C\c3ccc([N+](=O)[O-])cc3)ccc2c1,False,False,False,False
O=C1/C(=C/c2ccc(Oc3ccccc3)cc2)NC(=S)N1c1ccccc1,False,False,False,False
CCOC(=O)c1ccc(CNC(=O)c2ccc(Cl)cn2)o1,False,False,False,False
CC(C)Nc1cccnc1N1CCN(C(=O)c2ccc(C(=O)NCCN3CCOCC3)cn2)CC1,False,False,False,False
CC(=O)c1ccc(N2CCN(C(=O)C3CCN(c4ccc(S(=O)(=O)C5(C(=O)NO)CCOCC5)cc4)CC3)CC2)cc1,False,False,False,False
CCNC(=O)CCC(=O)Nc1nc(C)c(Cc2ccc(F)cc2)s1,False,False,False,False
COC(=O)C1=C(C)NC(C)=C(C(=O)OCCC#N)C1c1cccc([N+](=O)[O-])c1,False,False,False,False
CC(NC(=O)C(C)N1CCN(Cc2ccccc2)CC1)c1ccccc1,False,False,False,False
O=C(O)C(=O)Nc1cnc2ccccc2c1,False,False,False,False
COc1ccc([C@@H]2CN(C(=O)c3cscn3)C[C@H]2C(=O)O)cc1,False,False,False,False
COc1cccc(NC(=O)c2cnn(-c3ccccc3)c2C)c1,False,False,False,False
O=[N+]([O-])c1ccc(-[n+]2nc(-c3ccccc3)nn2-c2ccccc2)cc1,True,True,True,True
Cc1ccc(S(=O)(=O)N2C[C@H]3C(=O)C[C@@H](c4ccccc4)N(S(C)(=O)=O)[C@H]3C[C@H]2c2ccccc2)cc1,False,False,False,False
O=C(CSc1nc(O)nc(-c2ccc(Cl)cc2)n1)Nc1cccc(Cl)c1,False,False,False,False
CCCn1cc(C(=O)OCC)c(=O)c2cc(F)c(F)cc21,True,True,True,True
O=C(NCc1ccco1)c1ccc(COc2ccc(Cl)cc2)cc1,False,False,False,False
CNS(=O)(=O)c1cccc(C(=O)OCC(=O)N(Cc2ccccc2)C(C)(C)C)c1,False,False,False,False
CCN1C(=O)c2ccccc2[S+]([O-])c2ccc(C(=O)N3CCOCC3)cc21,False,False,False,False
CCN(CC)S(=O)(=O)c1ccc(N2CC(C(=O)NCCC3=CCCCC3)CC2=O)cc1,False,False,False,False
CCOC(=O)c1ccc(S(=O)(=O)N2CCN(CC(O)COc3ccc(C#N)cc3)CC2)cc1,False,False,False,False
CCC(=O)N1Cc2nc(-c3ccc(OC)cc3)nn2-c2cc(C)ccc21,False,False,False,False
COc1ccc(CNc2nc(C)c([N+](=O)[O-])c(C)c2C#N)cc1,False,False,False,False
COc1cc2nc(-c3ccc(Br)cc3)cc(N)c2cc1OC,False,False,False,False
O=C(CN1c2ccccc2Sc2ccccc21)N/N=C/c1ccccc1,False,False,False,False
Cc1ccc(NS(=O)(=O)Cc2nnc(CS(=O)(=O)c3ccc(C)cc3)o2)cc1,False,False,False,False
O=C(/N=C/N1CCN(c2cc3c(cc2F)c(=O)c(C(=O)O)cn3C2CC2)CC1)c1cnccn1,False,False,False,False
COc1ccc2c(c1OC)C(=O)N1C2SC(C)(C)[C@H]1C(=O)NC1CC1,False,False,False,False
COc1ccc(C(=S)N2CCOCC2)cc1OS(=O)(=O)c1ccccc1[N+](=O)[O-],False,False,False,False
NC(=O)N/N=C(\Cc1cc(=O)oc2cc(O)ccc12)C(=O)Nc1ccccc1C(N)=O,False,False,False,False
COc1ccc(-n2c(C)csc2=S)cc1,False,False,False,False
CN(NC(=O)/C(=C/c1ccc(Cl)cc1)NC(=O)c1ccccc1)c1cn[nH]c(=O)c1Cl,False,False,False,False
COC(=O)C1=C(C)N=C2SC(C)C(=O)N2C1/C=C/c1ccccc1OC,False,False,False,False
NC(=O)c1ccn(COc2ccccc2F)n1,False,False,False,False
CNc1ccc(C2CN=C3c4ccc(C(=O)OC)cc4NC(=O)N3C2)cc1,False,False,False,False
O=C(NC1CCCCC1)C1CCC(CNS(=O)(=O)c2cccc3nsnc23)CC1,False,False,False,False
Cc1cnc(C(CC(=O)O)c2cc(Cl)cc(-c3cccnc3)c2)s1,False,False,False,False
CCn1nc(Cc2cc(OC)c(OC)c(OC)c2)c2ccccc2c1=O,False,False,False,False
COc1ccc(S(=O)(=O)c2cn(C)c3cc(N4CCCCC4)c(F)cc3c2=O)cc1,True,True,True,True
O=[N+]([O-])c1cccc(S(=O)(=O)N2CCCCC2c2cccnc2)c1,False,False,False,False
CCc1nnc(NC(=O)C2CC(=O)N(c3ccc4c(c3)OCCO4)C2)s1,False,False,False,False
O=C(Nc1ccc(Cl)cc1CN1C(=O)c2ccccc2C1=O)c1ccccn1,False,False,False,False
COc1cc(C(CC(=O)c2ccccc2)NC(C)=O)cc(OC)c1OC,False,False,False,False
CCCNC(=O)CN(C)S(=O)(=O)c1c(C)cc(C)cc1C,False,False,False,False
CCn1ncc(C(=O)Nc2ccccc2C)c1C,False,False,False,False
O=C(NC(=S)Nc1ccccc1)c1ccc(-c2ccccc2)cc1,False,False,False,False
Cc1ccccc1S(=O)(=O)NC(=O)N(Cc1ccc([N+](=O)[O-])cc1)C(C)C(=O)NO,False,False,False,False
Cc1ccc2[nH]c(SC(C)C(=O)Nc3cccc([N+](=O)[O-])c3)nc2c1,False,False,False,False
CC(C)c1ccc(CC(=O)N2CCC2(C)C(=O)Nc2ccc3c(c2)OCO3)cc1,False,False,False,False
Cc1occc1-c1nnc(SCC(=O)N(C)c2ccccc2)n1C,False,False,False,False
O=C(O)c1cc2ccccc2c(=O)c2ccccc12,False,False,False,False
O=[N+]([O-])c1ccccc1S(=O)(=O)N1CCN(C2CCCC2)CC1,False,False,False,False
Nc1scc(-c2ccccc2)c1C(=O)c1ccccc1,False,False,False,False
CCc1ccc(C(=O)Nc2cc(C)on2)o1,False,False,False,False
CC(C)c1ccccc1NC(=O)N[C@@H](C)c1ccccc1,False,False,False,False
CC(C)(C)CC(=O)NCCc1csc(-c2ccccc2)n1,False,False,False,False
CC(C)Cc1ccc(C(C)C(=O)NNC(=O)NCc2ccccc2)cc1,False,False,False,False
CC(C)C(=O)Nc1ccc(NC(=O)c2ccc3c(c2)OCO3)cc1,False,False,False,False
COc1cncc(C2=CC=C3[C@@H]4CCC5=CC(=O)NCC[C@]5(C)[C@H]4CC[C@]23C)c1,False,False,False,False
Cc1cn(CC2CC(c3ccccc3)(c3ccccc3)C(=O)O2)[n+](C)c1,False,False,False,False
O=C(N[C@H]1COC1=O)c1ccc(-c2ccccc2)cc1,False,False,False,False
COc1ccc(CCNC(=O)Cc2c(C)c3cc4c(C)coc4c(C)c3oc2=O)cc1,False,False,False,False
CCOC(=O)CN1CCN(C(=O)c2cc(S(N)(=O)=O)ccc2OC)CC1,False,False,False,False
COc1c(O)c(C(C)=O)c(C)c2c(C)cccc12,False,False,False,False
Cc1cc(C)n(-c2ccc(C(=O)N3CCN(S(=O)(=O)c4ccc(Cl)cc4)CC3)cc2)n1,False,False,False,False
COc1ccc(Nc2nc(=O)c3cc([N+](=O)[O-])ccc3s2)cc1,False,False,False,False
CNC(=O)c1ccc(Oc2ccc(NC(=O)Nc3cc(C(C)(C)C)on3)cc2)cc1,True,True,True,True
CC(=O)Nc1nc(C)c(-c2csc(N3CCCCC3)n2)s1,False,False,False,False
O=C(C1=NNc2nnnn2C1(O)C(F)(F)F)c1ccccc1,False,False,False,False
O=C(O)/C(=C\c1ccccc1)NC(=O)c1ccccc1,False,False,False,False
O=C(CCN1CCCCCC1)Nc1ccc2c(c1)OCCO2,False,False,False,False
Cc1cccc(Nc2ccc(C#N)cc2S(=O)(=O)NC(=O)NC(C)(C)C)c1,False,False,False,False
CCOCC(=O)N1CC[C@H]2O[C@@H](C)C[C@H]2C1,False,False,False,False
CSc1cccc2c1CN(C1CCC(=O)NC1=O)C2=O,False,False,False,False
Cc1ccc2c(c1)C(=O)[C@]1(O)CCN(c3cccc(C(=O)O)c3)C1=N2,False,False,False,False
CCC(Cn1cnc2ccc(-c3cnc(OC)c(NS(=O)(=O)c4ccc(F)cc4Cl)c3)cc2c1=O)C(N)=O,False,False,False,False
COc1ccc(C(=O)O[C@H]2CC3C(=C2C)[C@H]2OC(=O)[C@@H](C)[C@@H]2CC[C@@]3(C)O)cc1,False,False,False,False
O=C(CCN1C(=O)CC2(CCCC2)C1=O)NCCc1nccs1,False,False,False,False
CNCC(=O)NCC1CCN(c2cnn(C)c(=O)c2)C1,False,False,False,False
CS(=O)(=O)c1ccc(C2=C(c3ccccc3)CC2)cc1,False,False,False,False
Cc1cnc([C@H]2CC[C@@H]2c2nc3c(cnn3C3CCC(F)(F)CC3)c(=O)[nH]2)nc1,False,False,False,False
CC(C)(C)c1ccc(CN(Cc2cc(NCC(=O)O)ccn2)S(=O)(=O)c2cccnc2)cc1,False,False,False,False
CCCCCCCCc1ccc(C(=O)N[C@@H](C)C(N)=O)cc1,False,False,False,False
CCNC(=O)Nc1nc2cc(-c3cnc(C(C)(C)O)nc3)cc([C@@H]3CCCO3)c2[nH]1,False,False,False,False
CC(C)(C)C1CCc2c(sc(NC(=O)C3CCCO3)c2C(N)=O)C1,False,False,False,False
CC(=O)c1ccc2c(c1)[C@H](NC(=O)c1cccnc1)[C@@H](O)C(C)(C)O2,False,False,False,False
COc1cccc(-c2nc(-c3ccccc3)no2)c1,False,False,False,False
CCOc1ccc(S(=O)(=O)N(CC(=O)NCCSc2ccccc2)c2ccccc2)cc1,False,False,False,False
O=C(CCN1C(=O)c2ccc([N+](=O)[O-])cc2C1=O)Nc1ccc(O)cc1C(=O)O,False,False,False,False
Cc1nc(N(C)C)nc(C)c1NS(=O)(=O)c1ccc(OC(F)(F)F)cc1,False,False,False,False
CC(Cc1ccc(C#Cc2ccc(-c3ccc(F)cc3)cn2)cc1)NC(=O)C1CC1,False,True,True,True
COc1ccc(C(=O)N2CCN(Cc3ccccc3)CC2)cc1[N+](=O)[O-],False,False,False,False
CC(C(=O)NNC(=S)Nc1ccccc1)c1ccc(-c2ccccc2)c(F)c1,False,False,False,False
CC(C(=O)Nc1ccc(N2CCCC2)nc1)n1ccnc1,False,False,False,False
NC(=O)c1ccc2[nH]nc(-c3cccc(NC(=O)CCc4ccccc4)c3)c2c1,False,False,False,False
CC(=O)Nc1ccc(OCCOc2ccc(NC(C)=O)cc2)cc1,False,False,False,False
O=C(O)c1ccc(-n2nnc3cccnc32)cc1,False,False,False,False
COc1cc(Cn2cc(CNC(=O)c3cn(-c4ccccc4)nc3-c3ccc(F)cc3)nn2)cc(OC)c1,False,False,False,False
O=C(COc1c(Cl)cccc1Cl)N/N=C/c1ccc[nH]1,False,False,False,False
COc1ccc(C(=O)NNC(=O)c2cccs2)cc1S(=O)(=O)N1CCOCC1,False,False,False,False
COc1ccc(NC(=O)C2C(=O)N(c3ccc(OC)cc3)C(=O)/C2=N\NC(N)=O)cc1,False,False,False,False
Cc1ccc(NC(=O)c2cc(S(=O)(=O)N3CCCCC3)ccc2N2CCOCC2)cc1S(=O)(=O)N(C)C,False,False,False,False
CCOC(=O)C1C(=O)C=C(c2ccc(OC)cc2)CC1c1cccc([N+](=O)[O-])c1,False,False,False,False
CCOC(=O)C1CCCN(C(=O)c2ccc(CS(=O)(=O)c3ccc(C)cc3)o2)C1,False,False,False,False
CC(C)(C)OC(=O)N1CCN(C2CCC(N)CC2)CC1,False,False,False,False
COc1ccc(-c2cc3c(c(=O)o2)C[C@@]2(O)[C@@]4(C)CCC(=O)OC(C)(C)[C@@]4(O)CC[C@@]2(C)O3)cc1,False,False,False,True
CCSc1nn2c(Cc3ccccc3)nnc2s1,False,False,False,False
Cc1ccc2cc(CP(=O)(O)O)c(C[C@@H](N)C(=O)O)nc2c1,False,False,False,False
O=C(Cn1ncc2c3ccccc3nc-2c1O)Nc1cccnc1,False,False,False,False
Cc1cccc(OCC(=O)Nc2cc(S(=O)(=O)N3CCCCC3)ccc2N2CCN(C)CC2)c1,False,False,False,False
C[C@@H]1O[C@H](c2ccccc2)OC[C@H]1NC(=O)Cc1ccccc1,False,False,False,False
CC(C)c1ccccc1NC(=O)COC(=O)COc1ccccc1[N+](=O)[O-],False,False,False,False
CCOC(=O)c1nn(-c2ccc(F)cc2)cc1O,False,False,False,False
CC[C@H](NC(=O)c1cc(C(=O)N[C@H](CC)c2ccccc2)n2c1COCC2)c1ncccn1,False,False,False,False
CCN1C(N(C)C)=Nc2ccccc2C1CC(=O)NCc1ccc(NS(=O)(=O)c2ccc(F)cc2)cc1,False,False,False,False
CS(=O)(=O)c1ccc(C(=O)OCC(=O)N2CCN(C3CCCCC3)CC2)cc1[N+](=O)[O-],False,False,False,False
NC(=O)c1c(F)ccc(OCCCCOCC(O)CO)c1F,False,False,False,False
COc1cc(-c2nn(C(C)C)c3ncnc(N)c23)ccc1NC(C)CO,False,False,False,False
COc1cc(C(=O)Nc2c(Cl)cccc2Cl)cc(OC)c1OC,False,False,False,False
O=C(O)Cc1ccccc1-c1ccc(/C=C2\SC(=O)NC2=O)o1,False,False,False,False
C[C@H]1CN(c2ccc(-n3cnc4c(-c5ccc(F)cc5)cccc4c3=O)cn2)C[C@@H](C)O1,True,True,True,True
Cc1ccc(-n2nc(-c3ccc(NS(=O)(=O)c4cccc(N(C)C)c4)cc3)cc2N)cc1,False,False,False,False
O=c1c2sc3ccccc3c2[nH]c(=S)n1-c1c(F)cccc1F,False,False,False,False
CC(C)(C)C(=O)CNS(=O)(=O)c1ccc(S(=O)(=O)NC2CCCC2)cc1,False,False,False,False
CN1CC2ON=C(c3ccc(O)cc3)C2C1,False,False,False,False
CCOc1ccccc1N/C(=C(/C(Cl)=C(Cl)Cl)[N+](=O)[O-])n1cncn1,False,False,False,False
CCOC(=O)c1c(S(=O)(=O)NCC(=O)Nc2ccc(F)cc2)c(C)n(C)c1C,False,False,False,False
CN(Cc1nccn1CC(F)(F)F)C(=O)c1ccc(F)c(F)c1,False,False,False,False
O=[N+]([O-])c1ccc2nc(CSc3ccccc3)oc2c1,False,False,False,False
CCC(c1cccc(Cl)c1)n1c(C(=O)OC)cnc1S,False,False,False,False
Cc1cc(C)cc(NC(=O)CCNS(=O)(=O)c2cc(Br)cnc2N)c1,False,False,False,False
O=C(c1ccc(C[S+]([O-])Cc2ccccc2Cl)o1)N1CCN(c2cccc(Cl)c2)CC1,False,False,False,False
CCCCCCCCC[C@H](F)[C@@H](N)CO,False,False,False,False
CC(=O)N1CCN(S(=O)(=O)c2ccc(F)cc2)CC1c1ccccc1,False,False,False,False
CN(C)S(=O)(=O)c1ccc(Cl)c(NC(=O)CN2C(=O)NC3(CCc4ccccc43)C2=O)c1,False,False,False,False
Cc1ccc(NC(=O)N2CCOC(CO)C2)cc1,False,False,False,False
O=C(NCc1cccnc1)[C@H]1[C@@H]2CC[C@@H](O2)[C@@H]1C(=O)O,False,False,False,False
Cc1ccc2n(c1=O)C[C@@H]1CNC[C@H]2C1,False,False,False,False
CC(CCc1ccc(-c2ccc([N+](=O)[O-])cc2)cc1)(C(=O)NO)S(C)(=O)=O,False,False,False,False
COc1ccc(NC(=O)Cn2c(=O)nc(N)c3cc(C)sc32)cc1,False,False,False,False
COc1ccc(CCN)c(OC)c1SC,False,False,False,False
Cc1ccc(NC(=O)Cn2nc3ccc(SCc4ccc(Cl)cc4)nn3c2=O)cc1,False,False,False,False
C[N+]12CCC[C@@H]1c1cc3c(cc1CC2)OCO3,False,False,False,False
CN(CC(=O)NCc1ccc(F)cc1)Cc1ccc(Br)cc1,False,False,False,False
C[C@@](CCc1ccc(-c2ccc(OCC(=O)N3CC(O)C3)cc2)cc1)(C(=O)NO)S(C)(=O)=O,False,False,False,False
CCC(C)NC(=O)c1cn(CC)c2ccc(S(=O)(=O)N3CCCCCC3)cc2c1=O,False,False,False,False
O=C(NO)[C@H]1CCCC1S(=O)(=O)c1ccc(-c2ccc(Cl)c(Cl)c2)cc1,False,False,False,False
CC(C)CNc1cc(C(=O)Nc2cccc(CNc3ncnc4c(C(N)=O)cccc34)c2)ccn1,False,False,False,False
O=C(Nc1cccc(O)c1)c1cnn2cccnc12,False,False,False,False
NS(=O)(=O)c1cc(C(=O)NC2CCCCC2)c(Cl)cc1Cl,False,False,False,False
CCC(CC)(CNC(=O)OC(C)(C)C)NC(=O)C1CCOCC1,True,True,True,True
CCCNC(=O)c1onc(CSc2ccccn2)c1C(=O)NCCC,False,False,False,False
O=C(CN1CCn2ccnc2C1)NCCc1cccs1,False,False,False,False
CC(=O)O[C@@H]1C[C@@H](C)[C@](O)(CCC2=CC(=O)OC2)[C@@]2(C)CCCC(C)(C)[C@H]12,False,False,False,False
CCn1cc(C(=O)NCC2CCCO2)c(=O)c2cc(S(=O)(=O)N3CCCCC3)ccc21,False,False,False,False
Cc1cc(N)nc(C)c1CNC(=O)c1cc(C)n(S(=O)(=O)c2ccccc2)c1C,False,False,False,False
Cc1cc2oc(=O)cc(CN(C)Cc3ccccc3)c2cc1C(C)C,False,False,False,False
CNc1cccc2c(S(=O)(=O)Nc3ncc(Br)nc3OC)cccc12,False,False,False,False
Nc1ncnc2c1ncn2CCc1cccnc1,False,False,False,False
NC(=O)C1CCN(C(=O)CN2C(=O)c3ccccc3S2(=O)=O)CC1,False,False,False,False
Oc1ccc2oc(-c3ccc4c(c3)OCO4)cc2c1,False,False,False,False
O=C(O)c1ccc(/C=C2\SC(=O)N(CC3CCCC3)C2=O)cc1,False,False,False,False
O=C(CCc1ccccc1)N1CCC(O)(Cn2cnc3ccoc3c2=O)CC1,False,False,False,False
CCNc1nnc(Cc2cc(OC)c(OC)cc2S(=O)(=O)N(C)C)o1,False,False,False,False
O=S(=O)(Nc1ccc(CCNC[C@H](O)COc2cccnc2)cc1)c1ccc(I)cc1,False,False,False,False
C=C1CC[C@@H]2[C@H]([C@@H]3[C@H]1CC[C@]3(C)O)[C@@]2(C)C[C@@H]1C=C(C)C(=O)O1,False,False,False,False
CC[C@]1(O)c2cc3n(c(=O)c2COC(=O)[C@H]1OC(C)=O)Cc1c-3nc2ccccc2c1-c1ccncc1,False,False,False,False
CCOC(=O)c1c(NC(=O)Cn2nc(C(=O)O)c3ccccc3c2=O)sc(CC)c1C,False,False,False,False
CO[C@H]1[C@@H]([C@@H]2CC(=O)N(c3cc(C)cc(C)c3)C(=O)N2Cc2ccccc2)O[C@@H]2OC(C)(C)O[C@H]12,False,False,False,False
CC(C)NC(=O)C(=O)NCc1ccccn1,False,False,False,False
COc1cc(-c2cc(=O)c3c(O)cc(O)cc3o2)cc(OC)c1OC(=O)N[C@H](C(=O)O)C(C)C,False,False,False,False
CCc1nc(N)nc(N)c1-c1ccc(NCc2ccc(OC)c(OC)c2)c([N+](=O)[O-])c1,False,False,False,False
OC1N=C(S)N(c2ccccc2)C1O,False,False,False,False
CCCCNC(P(=O)(O)O)P(=O)(O)O,True,True,True,True
O=C(c1ccc(S(=O)(=O)N2CCSCC2)cc1)N1CCC(O)C1,False,False,False,False
O=C(O)CC(CC(=O)O)c1ccccc1,False,False,False,False
COC(=O)C1=C(C)N=c2s/c(=C3\C(=O)Nc4ccccc43)c(=O)n2C1c1ccccc1,False,False,False,False
Cc1occc1C(=O)NNC(=O)c1ccc(F)cc1,False,False,False,False
CCC(C)(C)NS(=O)(=O)c1cc(-c2cc(C)no2)ccc1C,False,False,False,False
CN(C(=O)c1cc(C(C)(C)C)cc(C(C)(C)C)c1)c1ccc(C(=O)NCCCN)cc1,False,False,False,False
O=C(O)c1ccc2nc(-c3ccc(Cl)cc3)c(O)c(C(=O)O)c2c1,False,False,False,False
Cc1nc(NC(=O)c2ccc(N3CCCCC3)c([N+](=O)[O-])c2)ccc1I,False,False,False,False
COc1cc(NC(=O)C2CCCN(c3ncccn3)C2)cc(OC)c1,False,False,False,False
O=C(O)C(=O)c1c[nH]c2cc(Cc3cccc(C(=O)O)c3)ccc12,False,False,False,False
NC(=O)c1cc2c(Oc3ccc(C(=O)N4CCOCC4)cc3)cncc2s1,False,False,False,False
Cc1ccc(OCCCOc2ccc(C)nc2[N+](=O)[O-])c([N+](=O)[O-])n1,False,False,False,False
Cc1ccc(C(=O)Nc2cccc(OC(C)C)c2)cc1C#Cc1cnc2ccnn2c1,False,False,False,False
O=C(Nc1cccc(Cl)c1)c1ccc(NCC2CCCO2)c([N+](=O)[O-])c1,False,False,False,False
O=[N+]([O-])c1ccc2c(c1)CO[C@@]21O[C@H](CCO)C[C@H](O)[C@H]1O,False,False,False,False
C[C@]12CCC3C(CCC4=CC(=O)CC[C@@]43C)C1CC[C@@]2(O)CC#N,False,False,False,False
C=CCc1cc(Cc2cnc(N)nc2N)c2ccc(C)nc2c1O,False,False,False,False
COC(=O)c1ccc(Cn2nc3ccc(S(=O)(=O)N4CCCCCC4)cn3c2=O)o1,False,False,False,False
CN1CCc2c(sc(NC(=O)c3ccc(S(=O)(=O)N4CCCCCC4)cc3)c2C(N)=O)C1,False,False,False,False
Cc1ccc(NC(=O)[C@H](CC2CCCCC2)n2ccc(S(=O)(=O)C(C)C)cc2=O)nc1,False,False,False,False
COC(=O)CC(c1ccc(OC)c(OC)c1)N1C(=O)c2cccc(N)c2C1=O,False,False,False,False
Cc1nc(NC(=O)[C@@H]2CCCN2C(=O)N(CCC2CCCC2)CC(=O)NO)sc1C,False,False,False,False
CCOC(=O)c1ccc(N2CCOCC2)c(NS(=O)(=O)c2ccc(F)cc2)c1,False,False,False,False
CCOc1ccc(C=O)cc1-c1cc2nc(N)nc(N)c2cc1C,False,False,False,False
NC(=O)c1c(F)ccc(OCc2nc3cc([N+](=O)[O-])ccc3[nH]2)c1F,False,False,False,False
CC(C)Cn1c2c(ccc1=O)CC(NC(=O)c1ccsc1)CC2,False,False,False,False
COc1cc(C(=O)NC(C)c2cccc(O)n2)ccc1-c1cn[nH]c1,False,False,False,False
CC(C)CC1(O)CCN(C(=O)c2ccc(NS(=O)(=O)c3cccc4ocnc34)cc2)CC1,False,False,False,False
O=C(N/N=C/c1ccccc1)c1ccc(N2CCOCC2)c([N+](=O)[O-])c1,False,False,False,False
COc1ccc2c(c1)OCC(Cc1ccnc(N)n1)C2,False,False,False,False
COc1ccc(C#Cc2ccc(S(=O)(=O)N[C@H](Cc3ccccc3)C(=O)O)cc2)cc1,False,False,False,False
O=C1CC2OCC=C3CN4CC[C@@]56c7ccccc7N1C5C2C3CC46,False,False,False,False
Cc1cc(NC(=O)NCC2CCS(=O)(=O)C2)no1,False,False,False,False
CCC(C(=O)OCC(=O)Nc1cccc(C(C)=O)c1)c1ccccc1,False,False,False,False
C=Cn1cc(C(=O)O)c(=O)c2cc(F)c(N3CCC(NC(C)=O)C3)nc21,False,False,False,False
O=C(O)c1ccc(NC(=O)c2cccc(C(F)(F)F)c2)cc1,False,False,False,False
CC(c1ccco1)N(C(=O)c1ccc(C#N)cc1)c1ccccn1,False,False,False,False
O=C(Nc1ccc(S(=O)(=O)N2CCCC2)cc1)c1cccs1,False,False,False,False
Nc1c2c(nc3ccccc13)CC/C(=C/c1ccccc1)C2=O,False,False,False,False
COC(=O)c1ccccc1NC(=O)c1cc(-c2ccc(C)cc2)on1,False,False,False,False
COc1cc(O)c2c(c1)/C=C/CCCC(=O)/C=C/C[C@H](C)OC2=O,False,False,False,False
CN1CCN(S(=O)(=O)c2ccc(NC(=O)c3ccc(Br)o3)cc2)CC1,False,False,False,False
CCOC(=O)c1cnn(CC(O)c2ccccc2)c1NC(=O)NC(C)C,False,False,False,False
CCOC(=O)C1=C(C)NC(C)=C(C(=O)OCC)C1c1cc(OC)c(OC)c(OC)c1,False,False,False,False
CCCCc1nc(SCC(=O)N2CCCCC2)c2c(=O)n(C)c(=O)n(C)c2n1,False,False,False,False
O=C(Nc1ccc(S(=O)(=O)N2CCOCC2)cc1)c1ccc(S(=O)(=O)N2CCOCC2)cc1,False,False,False,False
O=C(Nc1ccc(F)cc1)c1ccc(C(=O)O)nc1,False,False,False,False
COc1ccc(Cl)cc1NS(=O)(=O)c1ccc(S(=O)(=O)N2CCCC2)cc1,False,False,False,False
COc1ccc(C(=O)c2cc3cc(N)cc(OC)c3s2)cc1OC,False,False,False,False
Cc1ccc2ccc(C(=O)O)c(O)c2n1,False,False,False,False
O=C(Nc1cccc(O)c1)c1cc(-c2ccco2)on1,False,False,False,False
Nc1nc(-c2ccccn2)c(-c2cccc3ccccc23)s1,False,False,False,False
CC(C)OC(=O)[C@H](Cn1ccnc1)NC(=O)c1ccc(-c2ccccc2F)cc1,False,False,False,False
Cc1cn([C@H]2C[C@H](n3cc(-c4ccc(-c5ccccc5)cc4)nn3)[C@@H](CO)O2)c(=O)[nH]c1=O,False,False,False,False
O=C(Nc1ccccc1Br)c1ccc2cc(O)ccc2c1,False,False,False,False
O=C1OC(c2ccccc2)=N[C@@]12C[C@@H]2c1ccccc1,False,False,False,False
O=C(Nc1nc(-c2ccc(F)cc2F)cs1)c1ccc(Nc2ccnnc2)cc1,False,False,False,False
O=c1cc(N2CCCCC2)cnn1Cc1noc(C2CCCO2)n1,False,False,False,False
CCCC(C)COc1ccc([C@@H](NC(=O)Cc2ccc(Br)cc2)C(=O)OC)cc1,False,False,False,False
CC(=O)Oc1ccc(-c2cccc(C(=O)N(C)c3ccc(O)cc3)c2)cc1,False,False,False,False
O=C(CSc1nc2ccc(Cl)cc2c(=O)n1-c1ccccc1)NNC(=O)Cc1ccccc1,False,False,False,False
Nc1cc(C(=O)N2CCC(N3CCCC3)CC2)ccc1C(=O)N1CCC(N2CCCC2)CC1,False,False,False,False
CC(O)c1nc2cc([N+](=O)[O-])ccc2n1Cc1ccccc1,False,False,False,False
CCN(CC)S(=O)(=O)c1ccc2ncc(C(=O)NCCN3CCCCCC3)c(O)c2c1,False,False,False,False
O=C(c1cc(-c2cccs2)n[nH]1)N1CCN(S(=O)(=O)c2ccc(Br)cc2)CC1,False,False,False,False
COc1cc(OC)c2nnc3c(C)nc(-c4cccnc4C)n3c2c1,False,False,False,False
O=C(CN1c2nc(N3C4CCC3COC4)cc(=O)n2CC[C@H]1C(F)(F)F)c1cccnc1,False,False,False,False
CCCCC#Cc1nc(N)c2ncn([C@@H]3O[C@H](C(N)=O)[C@@H](O)[C@H]3O)c2n1,False,False,False,False
COc1ccc(S(=O)(=O)N2CCc3ccc(CNc4ccc(C(=O)Nc5ccccc5N)cc4)cc32)cc1,False,False,False,False
CC1(C(=O)NC2CCCCCCC2)CCC(=O)N1CCN1CCOCC1,False,False,False,False
Cc1ccc(-c2nnc(NC(=O)c3cccnc3)s2)cc1,False,False,False,False
CS(=O)(=O)N1CCC(C(=O)Nc2ccc(C(N)=O)cc2)CC1,False,False,False,False
c1ccc(-c2nc(-c3ccco3)cs2)nc1,True,True,True,True
Cc1ccc(-c2cccc(C3(c4ccccc4)N=C(N)N(C)C3=O)c2)cc1C,False,False,False,False
Cc1ccc(C(=O)CSc2nc3ccccc3c(=O)n2-c2ccccc2)s1,False,False,False,False
NC(=O)N1CCCN(Cc2cc(Cl)cs2)CC1,False,False,False,False
CCOc1ccc(CC(=O)N2CCN=C2SCc2ccc([N+](=O)[O-])cc2)cc1,False,False,False,False
O=C(CNC(=O)c1ccc2c(c1)OCCO2)N/N=C/c1cccc(Br)c1,False,False,False,False
O=c1c(Cl)c(Cl)cnn1-c1ccccc1,False,False,False,False
CNC1(c2ccccn2)C2CC3CC(C2)CC1C3,False,False,False,False
COC(C)(C)CNC(=O)c1ccc(NC(=O)N2Cc3ccccc3C2)cc1,False,False,False,False
CCCCCc1ccc(/C(O)=C2\C(=O)CN(C(C)C)C2=O)cc1,False,False,False,False
CS(=O)(=O)c1ccc(Cl)c(NC(=O)CSc2nnc3n2CCCCC3)c1,False,False,False,False
O=C(N[C@H](CO)c1ccc(F)cc1)c1ccc(NC(=O)N2Cc3ccncc3C2)cc1,False,False,False,False
CCOC(=O)c1c[nH]c2ncnc(-c3ccc4c(c3)OCO4)c12,False,False,False,False
COc1ccc(S(=O)(=O)N2CCC[C@H]2C(=O)Nc2cccc(OC)c2)cc1,False,False,False,False
CCCc1cc(C(=O)Nc2c(C)n(C)n(-c3ccccc3)c2=O)no1,False,False,False,False
Cc1ccc2cc3c(NC(=O)CC(C)C)nn(C)c3nc2c1,False,False,False,False
COc1ccc(NC2=C(C(C)=O)C(c3ccccc3)C(C(C)=O)C(C)(O)C2)cc1,False,False,False,False
CCS(=O)(=O)c1cccc(S(=O)(=O)c2ccc(CNC(=O)N3Cc4ccncc4C3)nc2)c1,False,False,False,False
CC(C)(C)c1ccc(CNCC(N)P(=O)(O)O)cc1,False,False,False,False
O=S(=O)(NCC(c1ccccc1)N1CCCCCC1)c1ccc(F)c(Cl)c1,False,False,False,False
CN1CC2(C1)C(=N)N[C@](C)(c1cc(NC(=O)c3ccc(Cl)cn3)ccc1F)CS2(=O)=O,False,False,False,False
O=C(Cc1cccc([N+](=O)[O-])c1)NCc1nc2cccnc2n1Cc1ccc(F)cc1,False,False,False,False
C/C(CC(=O)Nc1cc(C)ccc1C)=N\NC(=O)c1ccncc1,False,False,False,False
CC(C)(C)OC(=O)[C@H](CCc1ccccc1)NC(=O)c1cc(CCc2ccc(O)cc2)ccc1N,False,False,False,False
NCC(=O)Nc1cccnc1C(=O)Nc1nccs1,False,False,False,False
O=C(NC1CCCCCCC1)c1ccc(F)cc1,False,False,False,False
O=C(Cc1ccc(-c2ccc(OC(F)(F)F)cc2)cc1)N[C@@H]1COc2nc([N+](=O)[O-])cn2C1,False,False,False,False
CCOC(=O)Cn1c(=O)oc2cc(S(=O)(=O)N(C)c3cccc(C)c3)ccc21,False,False,False,False
CC(C)CC(N)c1csc(Nc2ccc(C(=O)NCCCO)cn2)n1,False,False,False,False
COc1ccc(C2N3CC4(C)CN2CC(C)(C3)C4)cc1OC,False,False,False,False
O=C(Nc1cccc(Cl)c1)c1cc(Oc2cccnc2)ccn1,False,False,False,False
O=C(Nc1ccc(Cl)c(S(=O)(=O)N2CCOCC2)c1)c1ccc(Cl)nc1,False,False,False,False
CC(=O)Nc1ccc(S(=O)(=O)N(C)CC(=O)OCC(=O)N2CCCCC2)cc1,False,False,False,False
COc1ccc(NC(=O)c2ccco2)cc1NC(=O)c1ccc(C)c(C)c1,False,False,False,False
CN1/C(=C\C(=O)c2cccnc2)C(C)(C)c2ccccc21,False,False,False,False
O=C(CN1Cc2ccccc2OC(c2ccsc2)C1)NCc1ccc2c(c1)OCO2,False,False,False,False
CC(=O)n1nc(SSc2ccc(C)cc2)nc1-c1ccccc1,False,False,False,False
CNS(=O)(=O)c1ccc(CNC(=O)N(C)CC(C)C)cc1,False,False,False,False
COC(=O)c1cc(NC(=S)Nc2nc3ccc(OC)cc3s2)ccc1O,False,False,False,False
COc1ccc(C2=NN(C3=NC(=O)CS3)C(c3ccc(OC)cc3)C2)cc1,False,False,False,False
Cc1cccc(NNS(=O)(=O)c2ccc(C#N)cc2)c1,False,False,False,False
O=C(CNC(=O)c1ccc(Oc2ccncc2)cc1)NO,False,False,False,False
CN1C2CCC1c1sc(NC(=O)Nc3ccc(Cl)cc3)c(C(N)=O)c1C2,True,True,True,True
CCOC(=O)[C@@H](N)CCn1cc(NC(=O)c2cnn3cccnc23)c(-c2cc(Cl)ccc2OC(F)F)n1,False,False,False,False
COc1cc(C(C#N)NNC(=O)c2ccccc2O)ccc1O,False,False,False,False
COc1cc2ncnc(Nc3cc(OC)c(OC(C)(C)C)c(OC)c3)c2cc1OC,False,False,False,False
COc1ccc(-c2cc(CN)ccc2F)c(OC)c1OC,False,False,False,False
CNC(=O)Nc1cc(Oc2c(F)cccc2F)ccn1,False,False,False,False
Cc1ccc(OCc2ccc(C(=O)Nc3ccccc3N)cc2)cc1,False,False,False,False
O=C(NO)C(Cc1ccccc1)C(=O)NCc1ccccc1,False,False,False,False
Cc1ccncc1-c1cc(F)cc(-n2nnc(-c3ccccn3)n2)c1,False,False,False,False
CN(Cc1ccccc1)C(=O)CCS(=O)(=O)c1ccc2c(c1)oc(=O)n2C,False,False,False,False
COC(=O)[C@@H]1C[C@H](CC(C)C)N(C(=O)c2ccccn2)[C@@]12C(=O)Nc1ccc(Cl)cc12,False,False,False,False
COc1ccc(C2CC(c3cc(OC)c(OC)c(OC)c3)=NN2C)cc1[N+](=O)[O-],False,False,False,False
CC(C)(C)NS(=O)(=O)c1ccc(OCC(=O)NCc2ccco2)cc1,False,False,False,False
c1cnc(N2CCCC(c3cncc(-n4ccnc4)n3)C2)nc1,False,False,False,False
CCCC[C@H](CN(O)C=O)C(=O)N[C@H](C(=O)N1CCN(C)CC1)C(C)(C)C,False,False,False,False
CC(C)c1cc(C(=O)c2cccc(NC(=O)Nc3ccccc3)c2)c2c(N)ncnn12,True,True,True,True
CC(=O)N(C1=CC(=O)CCC1)c1ccc(Cl)cc1,True,True,True,True
COc1ccc(N(C(=O)COc2ccccc2OC)S(=O)(=O)c2ccc(C)cc2)cc1,False,False,False,False
COc1cc2c(cc1OC)C(c1ccc(OC)c(OC)c1OC)CC(=O)N2,False,False,False,False
Cc1ccc(-n2nnc3ccccc3c2=O)cc1C,False,False,False,False
O=C(CN1C(=O)C2C3CCC(C3)C2C1=O)NCc1ccco1,False,False,False,False
COc1cccc(-c2ccc(N(C)S(=O)(=O)c3cccc(OC)c3)cc2)c1,False,False,False,False
Cc1ccc(Oc2ncccc2/C(N)=N/O)cc1,False,False,False,False
CNS(=O)(=O)c1ccc2oc3ccc(C(=O)O)cc3c(=O)c2c1,False,False,False,False
CCc1nn(CC(=O)NCc2ccc(C)cc2)c(=O)c2cc3occc3n12,False,False,False,False
CC(C)(C)C(=O)NCCc1nc2ccccc2n1CC(=O)c1ccc(Cl)cc1,False,False,False,False
Cc1ccn2cc(CSc3ccccc3N)nc2c1,False,False,False,False
COC(=O)C1=C(C)NC(=O)CC1c1ccc(F)c(Br)c1,False,False,False,False
CCNC(=O)COc1cccc(C(C)Nc2cc(-c3ccc4ncsc4c3)nc(C)n2)c1,False,False,False,False
O=c1c2cc(Cl)ccc2nc2n1Cc1cc3ccccc3nc1-2,False,False,False,False
NC(=O)c1ccc(N2CCN(c3ccc(F)c(F)c3)CC2)c2cncnc12,False,False,False,False
COc1cc([C@@H](C#Cc2cnc(N)nc2N)OC)cc(OC)c1OC,False,False,False,False
COC(=O)c1cc2c([nH]1)C(=O)C=C1N(C(=O)OC(C)(C)C)CC3CC123,False,False,False,False
C[C@]1(c2cc(NC(=O)c3ccccn3)ccc2F)N=C(N)OCC1(F)F,False,False,False,False
O=C(CSc1nncs1)NNC(=O)c1ccco1,False,False,False,False
O=[N+]([O-])c1ccc2nn(Cc3ccccc3)c(OCCBr)c2c1,False,False,False,False
COc1ccc(-n2nc3c(N)nc(-c4ccccc4)cn3c2=O)cc1,False,False,False,False
O=C(O)CN1C(=O)c2ccccc2C12CC(=O)NC2=O,False,False,False,False
COc1cc(-c2cnc(N)c(-c3ccc(C(=O)O)c(C)c3)n2)cc(OC)c1OC,False,False,False,False
CCn1cc(C(=O)NCCc2ccc(Cl)cc2)c(=O)c2cc(S(=O)(=O)N3CCc4ccccc4C3)ccc21,False,False,False,False
c1ccc(-n2cc(-c3nn[nH]n3)c(-c3cccc4ccccc34)n2)cc1,False,False,False,False
O=C(NCC1CCCO1)c1cncc(Br)c1,False,False,False,False
CC(C)OP(=O)(OC(C)C)/C(Cl)=N/Nc1ccc([N+](=O)[O-])cc1,False,False,False,False
CCOC(=O)c1oc2cc(-c3cccs3)cc(O)c2c1C,False,False,False,False
CC(=O)OCCCN1CCN/C1=C\[N+](=O)[O-],False,False,False,False
Cc1c2c(nc3[nH]c(=S)n(-c4ccc(S(N)(=O)=O)cc4)c(=N)c13)CC(C)(C)CC2=O,False,False,False,False
N=c1oc2cc(O)ccc2cc1C(N)=O,False,False,False,False
CC1(C)C=Cc2c(c(CO)c3occ(-c4ccc(O)cc4)c(=O)c3c2O)O1,False,False,False,False
Cc1ccc(-c2nn3c(NC(=O)c4cccc(Cl)c4)nc4ccccc4n3c2=O)cc1,False,False,False,False
Cc1oc(-c2ccccc2)nc1CNS(=O)(=O)c1ccc(Cl)cc1,False,False,False,False
COc1c(C(CC(C)=O)c2ccccc2)c(=O)oc2ccccc12,False,False,False,False
COc1ccc(NC(=O)c2cccc(S(=O)(=O)Nc3ccc(C(=O)O)cc3)c2)cc1,False,False,False,False
COc1ccc(CCNC(=S)Nc2ccc([N+](=O)[O-])cc2)cc1OC,False,False,False,False
COc1ccc(-c2ncc(C(=O)c3cc(OC)c(OC)c(OC)c3)n2S(=O)(=O)c2ccccc2)cc1OC,False,False,False,False
COc1ccccc1CC(=O)Nc1ccc2c(c1)OC1(CCCC1)O2,False,False,False,False
NC1=C(c2nc3ccccc3s2)C(=O)CN1Cc1ccco1,False,False,False,False
COc1cc(/C(=C/c2cccc([N+](=O)[O-])c2)C(C)O)cc(OC)c1OC,False,False,False,False
CC(C)Nc1nc(-c2cccnc2N)cc2ncn(C)c(=O)c12,False,False,False,False
CCOc1ccc(S(=O)(=O)N[C@@H](C)CC)cc1-c1nnc2c(n1)c(C)nn2-c1ccc(C)cc1,False,False,False,False
CC(C)N(C(=O)COC(=O)[C@H](C)NC(N)=O)c1ccccc1,False,False,False,False
CCOC(=O)C1=C(C)NC2=C(C(=O)CC(C)(C)C2)C1c1cc(OC)c(OC)c(OC)c1,False,False,False,False
CC(NC(=O)c1cc(O)nc2ccc(Br)cc12)c1ccccc1,False,False,False,False
O=C(CCS(=O)(=O)c1ccc2c(c1)NC(=O)CO2)NCc1ccccc1,False,False,False,False
NC(=O)COc1cccc2ncnc(Nc3ccc(OCc4ccccn4)c(Cl)c3)c12,False,False,False,False
O=C1C=CC[C@@H](C/C=C/[C@@H](O)CCc2ccccc2)O1,False,False,False,False
COc1ccc(/C=C2/SC(=Nc3ccccc3)NC2=O)c(OC)c1,False,False,False,False
CCNC(=O)Nc1cn(C(=O)c2ccccn2)c2cc(-c3cccnc3)cnc12,True,True,True,True
O=C(Cc1cccs1)Nc1ccc(-c2nnn(CC(=O)N3CCOCC3)n2)cc1,False,False,False,False
CCC(Sc1nc2ccccc2o1)C(=O)O,False,False,False,False
C=C1C(=O)N(c2ccccc2)N(c2ccccc2)C1C,False,False,False,False
Brc1ccc(Nc2nnc(-c3ccncc3)s2)cc1,False,False,False,False
COc1ccc([C@H](N[C@@H](C)CC(N)=O)C2CC2)c(F)c1C(=O)c1ccc(F)cc1,False,False,False,False
Cc1ccc(-c2ccc(=O)n(Cc3cc(C)ccc3C)n2)cc1,False,False,False,False
CC(C)(C)OC(=O)N1CCCC(C(=O)Nc2ccc(C(=O)N3CCOCC3)cc2)C1,False,False,False,False
Cc1cc(=O)c2ccccc2n1Cc1ccccc1,False,False,False,False
Cc1ccc(-c2cc(COC3(C(F)(F)F)Oc4ccccc4C=C3C(=O)O)on2)cc1,False,False,False,False
Cc1cc(C)cc(S(=O)(=O)c2c(C(=O)NCCc3ccccc3)[nH]c3ccc([N+](=O)[O-])cc23)c1,False,False,False,False
COc1ccc(NC(=O)C(OC(=O)CNC(=O)c2ccccc2)c2ccccc2)cc1Cl,False,False,False,False
Nc1nc(Nc2ccccn2)sc1C(=O)c1ccccc1F,False,False,False,False
CCCCCC1(C)SC(NC(C)=O)=NN1C(C)=O,False,False,False,False
CCO[C@H]1CN(Cc2csc(C(C)=O)c2)C[C@@H]1O,False,False,False,False
O=C(NC1CCCCCCC1)c1cc(F)c(F)cc1Cl,False,False,False,False
Cc1ccc(NS(=O)(=O)Cc2ccccc2)nc1,False,False,False,False
CCCC[C@H](O)[C@H]1OC(n2cnc3c(N)ncnc32)[C@H](O)[C@@H]1O,False,False,False,False
CC(C)COc1ccc(-c2cc(C(=O)O)nn2-c2ccccc2)cc1,False,False,False,False
CCC(Sc1nc(O)cc(-c2ccccc2)n1)C(=O)O,False,False,False,False
O=C(Nc1ccccc1)Nc1nc2ccccc2n2c(=O)n(-c3ccccc3)nc12,False,False,False,False
COc1cccc(NC(=O)c2nn(C)cc2Br)c1,False,False,False,False
C#CC[C@](Cc1cccnc1)(C(=O)NO)S(=O)(=O)c1ccc(OC)cc1,False,False,False,False
CCCc1cc(C(=O)O)ccc1OC(C(=O)NS(=O)(=O)c1ccc(C(C)C)cc1)c1ccc2c(c1)OCO2,False,False,False,False
CCOC(=O)CC1C(=O)Nc2ccc(Cl)cc21,False,False,False,False
O=C(c1ccc(Br)cc1)N1CCN(C(=O)c2ccc(-c3nccs3)cc2)CC1,False,False,False,False
CC(C)(C)OC(=O)N[C@H](C(=O)N1C[C@H]2[C@@H]([C@H]1C(=O)NC(CC1CCCC1)C(=O)C(N)=O)C2(C)C)C1CCCCC1,False,False,False,False
CNCC[C@H](c1ccccc1)N1C(=O)C(C)(C)c2cccc(F)c21,False,False,False,False
COC(=O)c1ccc(N(C(=O)c2cscn2)C(C)C)c(C)c1,False,False,False,False
COc1ccc(C(=O)Nc2ccc(S(=O)(=O)N3CCCC3)cc2)cc1[N+](=O)[O-],False,False,False,False
C[C@@H](Oc1ccc(-n2ccnc2)cc1)C(=O)Nc1ccc(-c2ccccc2)cc1,False,False,False,False
O=C(Nc1ccc(Br)cc1)c1c(NCCO)cc(-c2cccc(Br)c2)oc1=O,False,False,False,False
CC(C)OC(=O)N1CCC(n2ncc3cc(-c4cc(F)c(C(N)=O)cc4F)ncc32)CC1,False,False,False,False
CC(=O)Nc1ccc(/C=N/NC(N)=S)cc1,False,False,False,False
C[C@@H]1O[C@H](CCc2cccc(Cl)c2)CC2=C1C(=O)OC(C)(C)O2,False,False,False,False
CCOC(=O)c1ccc(-n2c(CN3CCOCC3)nc3ccc([N+](=O)[O-])cc3c2=O)cc1,False,False,False,False
O=C(NC(=S)Nc1ccc(Cl)c(C(=O)O)c1)c1cncc(Br)c1,False,False,False,False
COc1cc(N=S2(=O)CCC2)cc2ncnc(Nc3ccc(F)cc3O[C@H](C)C(=O)N[C@@H](C)C(F)(F)F)c12,False,False,False,False
COC(=O)c1ccccc1NC(=O)c1nn(C)c2c1COc1ccccc1-2,False,False,False,False
O=C(N/N=C\c1ccco1)c1cncc(Br)c1,False,False,False,False
CNC1=Nc2ccc(N(C)Cc3ccc(S(=O)(=O)c4ccccc4)cc3)c3cccc1c23,False,False,False,False
COC(=O)c1cccc(CNC(=O)c2ccc(-c3cn[nH]c3)c(OC)c2)c1,False,False,False,False
COc1ccc(S(=O)(=O)N(C)CC(=O)Nc2ccc3c(c2)OCCO3)cc1OC,False,False,False,False
Cn1c(N)c(C#N)c2cc(Oc3ccc(NC(=O)CN)cc3)ccc21,False,False,False,False
O=C(O)c1ccc(S(=O)(=O)N(Cc2ccccc2)c2ncc(C(F)(F)F)cc2F)cc1,False,False,False,False
C[C@H]1C[C@H]2[C@@H]3CCC4=CC(=O)C=C[C@]4(C)[C@@]3(F)[C@@H](O)C[C@]2(C)[C@@]1(OC(=O)NCCC(C)(C)C)C(=O)CO,False,False,False,False
CN1CC2CCCC1CC(N1Cc3cn(C)c4cccc(c34)C1=O)C2,False,False,False,False
Cc1cc(C)cc(C(=O)N(NC(=O)c2ccc(C)c(C)c2C)C(C)(C)C)c1,False,False,False,False
N#Cc1ccc(Oc2ccc(S(=O)(=O)Nc3cc(F)ccn3)cc2C#N)cc1Cl,False,False,False,False
CCCCCCCCCCCS(=O)(=O)N[C@@H](CC(=O)[O-])C[N+](C)(C)C,False,False,False,False
O=C(c1ccc(N2CCCC2)c([N+](=O)[O-])c1)N1CCN(c2ccccn2)CC1,False,False,False,False
CC1CCCC(NC(=O)c2cncc(Br)c2)C1C,False,False,False,False
O=C1CC(c2ccccc2)CC(O)=C1Sc1ccccc1,False,False,False,False
Cc1ccccc1OCC(=O)Nc1ccc(S(=O)(=O)Nc2ncccn2)cc1,False,False,False,False
Cc1nc2ccccc2nc1NS(=O)(=O)c1ccc(N)cc1,False,False,False,False
CCC(C)(CC)NC(=O)COc1nn(C)c2nc(C)cc(C)c12,False,False,False,False
Cc1cc2oc(-c3ccc(N(C)C)cc3)c(O)c(=O)c2cc1C,False,False,False,False
CC(NS(=O)(=O)c1ccc(N)cc1)c1ccccc1,False,False,False,False
COc1ccccc1CCN=C(N)NS(=O)(=O)c1ccc(C)c(C)c1,False,False,False,False
O=C(Cc1cccnc1)NCCC(c1ccccc1)c1ccccc1,False,False,False,False
COc1ccc2cc1Oc1ccc(cc1)CCC(=O)NCCC2,False,False,False,False
CC(C)CNS(=O)(=O)c1ccccc1-c1ccc(-c2cnc(N)cn2)c(F)c1,False,False,False,False
COc1cc(CC[N+](C)(C)[O-])c2ccc3ccccc3c2c1OC,False,False,False,False
CC(C)(C)C1Nc2ccccc2-c2ccnc3[nH]cc1c23,False,False,False,False
O=C(COC(=O)c1ccc(Cl)c([N+](=O)[O-])c1)Nc1ccccc1OC(F)F,False,False,False,False
COc1cc(-n2cc(-c3cc(O)cc(O)c3)nn2)cc(OC)c1OC,False,False,False,False
NS(=O)(=O)c1cc(C(=O)Cn2cnc(-c3ccccc3)c2-c2ccccc2)ccc1Cl,False,False,False,False
CN1C(=O)C[C@@](C)([C@@H]2C[C@@H]2c2ccccc2)N=C1N,False,False,False,False
Cc1nn(C)c(Cl)c1C(=O)NCCCN(C)S(C)(=O)=O,False,False,False,False
C[C@@H]1C[C@H](N)CN1c1nc2c(cc1F)c(=O)c(C(=O)O)cn2C(C)(C)C,False,False,False,False
COc1cc(=O)oc2c1CO[C@@H](CC(C)=O)C2,False,False,False,False
N[C@@H](C[C@H](CCC(c1ccccc1)c1ccccc1)C(=O)O)C(=O)O,False,False,False,False
Cc1ccc2oc(=S)n(Cc3ccc([N+](=O)[O-])cc3)c2c1,False,False,False,False
Cc1ccc(N(CC(=O)NCc2ccc3c(c2)OCO3)S(C)(=O)=O)cc1,False,False,False,False
COc1ccc2c(c1)c1cc(-c3ccccc3)oc(=O)c1n2C,False,False,False,False
COc1cccc(NC(=O)c2ccc(S(=O)(=O)c3ccccc3)o2)c1,False,False,False,False
CCCc1ccc(NC(=O)CSc2nnc(-c3cc(OC)c(OC)c(OC)c3)[nH]2)cc1,False,False,False,False
Nc1nc(N2CCCCC2)cc(NC(=O)NC(c2ccccc2)c2ccccc2)[n+]1[O-],False,False,False,False
CSCC(C)(O)CNS(=O)(=O)c1ccc(Br)cc1,False,False,False,False
CC(NC(=O)CCC(=O)NC(C)c1ccccc1)c1ccccc1,False,False,False,False
Cc1cccc(C)c1/N=C(\N)N/N=C/c1ccc(Br)cc1,False,False,False,False
Brc1ccc(/C=N/Nc2ccccc2)cc1,False,False,False,False
Cc1ccc(NS(=O)(=O)Cc2nnc(CS(=O)(=O)c3c[nH]cc3S(=O)(=O)c3ccc(C)cc3)s2)cc1,False,False,False,False
CC(C)CN1C(=O)CSCC1(C)C(=O)NC(C)C,False,False,False,False
Cc1ccc(S(=O)(=O)N2CCC(n3nnc4cc(C)ccc43)CC2)cc1,False,False,False,False
CC(C)OC(=O)c1ccc(NC(=O)c2cncc(Br)c2)cc1,False,False,False,False
CCC/C=C/c1c(C)cccc1C(=O)NC1(C(=O)O)Cc2ccccc2C1,False,False,False,False
CC(C)[C@H](NS(=O)(=O)c1ccc2c(c1)oc1ccc(NS(C)(=O)=O)cc12)C(=O)O,False,False,False,False
CC(C)CNc1nc(C#CCN)cn2c(-c3ccc(C(=O)NC4CC4)cc3)cnc12,False,False,False,False
COc1ccc(C(=O)COC(=O)Cn2c(C)csc2=O)c(OC)c1,False,False,False,False
Nc1ccccc1NC(=O)CCCCCNS(=O)(=O)c1ccccc1,False,False,False,False
CCc1nnc(NC(=O)COc2ccc(N(C)S(=O)(=O)c3ccc(C)cc3)cc2)s1,False,False,False,False
Cc1ccc(CC(=O)Nc2nnc(-c3ccncc3)s2)cc1,False,False,False,False
CC(C)NC(=O)c1cnc(Sc2nccn2C)c(Cl)c1,False,False,False,False
Cc1cc(C(=O)NCc2ccccc2-n2cnnn2)cc(C(=O)N(CC(C)C)CC(C)C)c1,False,False,False,False
CCc1ccc(Cc2c(NC(N)=S)nn3c(=O)[nH]c(=S)[nH]c23)cc1,False,False,False,False
CCS(=O)(=O)c1ccc(Oc2cccc(CO)c2)c(-c2cn(C)c(=O)c3[nH]ccc23)c1,False,False,False,False
COC(=O)c1[nH]c2ccccc2c1NS(=O)(=O)c1ccc(F)c(C)c1,False,False,False,False
COc1cc2ncc(C(N)=O)c(Nc3ccc(Cl)cc3F)c2cc1OC,False,False,False,False
C[C@@H](NC(=O)c1nc(N)nc2c(F)cccc12)c1cccc2cccnc12,False,False,False,False
COc1ccc(CC(=O)c2c(O)cc(O)cc2O)cc1,False,False,False,False
CCCOc1ccc(C(CC(=O)O)NC(=O)c2cccs2)cc1,False,False,False,False
CCOC(=O)c1nnn(-c2nonc2N)c1-c1cccs1,False,False,False,False
Cc1cc(NC(=O)N2CCN(C)CC2C)n(C(C)(C)C)n1,False,False,False,False
O=C1CN2Cc3cc(-n4ccnc4)ccc3N=C2N1,False,False,False,False
CC#CCN(CC(C)C)c1nccc(C#Cc2ccc(CC(C)NC(C)=O)cc2)n1,False,False,False,False
NC(=O)c1cccc2c(NCc3ccc(Cl)c(Cl)c3)nnnc12,False,False,False,False
Cc1nc2nc(O)n(C)c2cc1-c1ccncc1,False,False,False,False
CCc1c(C(=O)Nc2ccc(Cn3nc(C)c(CC(=O)O)c3C)cc2)oc2c(F)cccc12,False,False,False,False
CCOC(=O)C1C(=O)NC(NC(C)=O)=NC1c1ccc(C)cc1,False,False,False,False
O=C(O)c1cccc(-c2cccc(O)c2)c1C(=O)O,False,False,False,False
CC12CCC3C(C[C@H](O)C4=CC(=O)CCC43C)C1CCC2=O,False,False,False,False
CCOC(=O)C(=O)Nc1cccc(OC)c1C#N,False,False,False,False
CC(C)(C)c1nnc2c(C(=O)NCCc3nc4ccccc4s3)cc(Br)cn12,False,False,False,False
Cc1ccc(S(=O)(=O)NCC2CCC(C(=O)NCCc3ccccc3)CC2)cc1,False,False,False,False
CC(C)c1ccc(NC(=O)C2CCOCC2)c(N2CCN(c3cnccn3)CC2)c1,False,False,False,False
CC(C)(C(=O)Nc1nccs1)c1ccccc1,False,False,False,False
C/C(=N\NC(=S)Nc1cccnc1)c1ccccn1,False,False,False,False
Cc1ccc(C2CC=NN2C(=O)C(C)(C)C)cc1,False,False,False,False
CCOC(=O)C1=C(C)NC(C)=C(C(=O)OC)[C@@H]1c1cccc([N+](=O)[O-])c1,False,False,False,False
Cc1ccc(S(=O)(=O)N(C)c2ccc(OCC(=O)OCc3nnc(-c4ccccc4)o3)cc2)cc1,False,False,False,False
CC(=O)Nc1ccc(C2NC(=O)CCC2[N+](=O)[O-])cc1,False,False,False,False
CCN(C(=O)NCc1cccnc1N(C)C)C(C)c1cccnc1,False,False,False,False
Cc1cn2nc(-n3ccc(=O)c(O)c3)ccc2n1,False,False,False,False
Cc1oc(-c2ccccc2)nc1Cc1ccc(C[C@H]2CO[C@@](C)(C(=O)O)OC2)cc1,False,False,False,False
CCOC(=O)c1nc(O)c2cc3ccc(F)cc3nc2n1,False,False,False,False
Cc1csc(NC(=O)CSc2nnc(CCNC(=O)c3cccs3)n2C)n1,False,False,False,False
Cc1nc(C)c(-c2ccc(-c3ccc(CC(=O)O)c(Cl)c3)cc2)nc1C(N)=O,False,False,False,False
CC(=O)c1ccc(Nc2cccc(C(=O)O)c2)c(C(=O)O)c1,False,False,False,False
CCC(C)n1cc(-c2ccn(C)n2)c2[nH]nc(N)c2c1=O,False,False,False,False
N[C@H]1Cc2c(cnn2Cc2ccccc2)N(O)C1=O,False,False,False,False
COc1ccc(-c2c(C)nn3c(=O)cc(Cc4ccccc4)[nH]c23)cc1,False,False,False,False
Cc1ccc(NS(=O)(=O)c2ccc3c(c2)n(C)c(=O)n3C)cc1,False,False,False,False
CCNS(=O)(=O)c1ccc(NC(=O)c2ccccc2SCCOC)cc1,False,False,False,False
CNC(=O)c1cc(Oc2ccc3c(C)c(C(=O)N(C)C)sc3c2)ccn1,False,False,False,False
CNC(=O)c1ccc(CNc2cncc(C)c2)cc1,False,False,False,False
CC#CCOc1ccc(S(=O)(=O)CC2(C(=O)NO)CCN(S(=O)(=O)CCN3CCOCC3)CC2)cc1,False,False,False,False
Cc1ccc(S(=O)(=O)OCCOCCOCC[18F])cc1,False,False,False,False
COc1nc(N[C@H]2CC[C@H](N)CC2)c(F)cc1C(N)=O,False,False,False,False
Cc1sc2ncnc(N)c2c1-c1ccc(NC(=O)NCC2CCCCC2)cc1,False,False,False,False
CCC(=O)N1c2ccc(S(=O)(=O)N3CCN(c4ccc(C(C)=O)cc4)CC3)cc2CC1C,False,False,False,False
COc1cc(CCC(=O)Nc2ccc3c(c2)COC3=O)cc(OC)c1OC,False,False,False,False
Cc1cc(NC(=O)c2ccccc2-c2ccccc2C(=O)O)no1,False,False,False,False
Cc1c(NC(C)C(C)C)cccc1C(=O)NCc1ccnn1C,False,False,False,False
CCOC(=O)N1CCN(c2ccc(F)cc2[N+](=O)[O-])CC1,False,False,False,False
Cc1nnc(-c2cnn(-c3ccccc3)c2N)n1Cc1ccc(F)cc1,False,False,False,False
CCCc1ccc(S(=O)(=O)Nc2ccc3c(c2)ncn3Cc2ccccc2)cc1,False,False,False,False
CC(C)(C)NC(=O)CN(C(=O)C[S+]([O-])CC(=O)Nc1ccc(F)cc1)c1cccc(F)c1,False,False,False,False
CSC(C)(C)CNC(=O)NCC[S+]([O-])c1ccccc1,False,False,False,False
CCCNC(=O)Cn1c(=O)oc2cc(S(=O)(=O)N3CC(C)CC(C)C3)ccc21,False,False,False,False
COC(=O)c1cc(NC(=O)c2cc3c(-c4ccccc4F)nn(C)c3s2)cc(C(=O)OC)c1,False,False,False,False
Cc1cc(C(=O)NNC(=O)c2ccc(F)cc2)c(C)s1,False,False,False,False
Cc1cc(C)nc(NC(=O)Nc2ccc(F)cc2F)n1,True,True,True,True
CCCNC(=O)c1nnc2c(-c3cc(OC)ccc3OC)cccc2c1N,False,False,False,False
COc1c(C)cnc(CNC(=O)CSC)c1C,False,False,False,False
CC(C)(F)C[C@H](NC(=O)c1ccc(F)cc1)C(=O)NCC#N,False,False,False,False
O=C(COc1c(F)c(F)cc(F)c1F)NC(=O)NC1CCCC1,False,False,False,False
CC(C)CCNC(=O)C1CC(=O)N(CCc2ccccc2)C1,False,False,False,False
NC(=O)c1ccccc1Nc1cccc(OCCc2ccccc2Br)c1,False,False,False,False
Nc1ncc(-c2ccc(-c3ccccc3C(=O)NCCO)cc2F)cn1,False,False,False,False
O=[N+]([O-])c1cccc(-c2csc(Nc3ccccc3)n2)c1,False,False,False,False
Cc1nc(C#Cc2ccccc2)c2n1-c1ccccc1OC2,False,False,False,False
CCOC(=O)c1ccc(NC(=O)Cn2nc3c4cc(-c5ccc(Cl)cc5)nn4ccn3c2=O)cc1,False,False,False,False
CC(C)=CCc1c(O)ccc2c(=O)c(-c3ccc(O)cc3)coc12,False,False,False,False
O=S(=O)(NCCN1CCN(CCNS(=O)(=O)c2ccc(Cl)cc2)CC1)c1ccc(Cl)cc1,False,False,False,False
Cc1cc(Nc2nn(C3CC3)c3ccc(S(=O)(=O)N4CCC(O)CC4)cc23)ncc1F,False,False,False,False
COc1ccccc1-n1nnnc1SCC(=O)Nc1ccccc1,False,False,False,False
CC(=O)c1ccccc1-c1cc(C(=O)O)ccn1,False,False,False,False
Cc1ccc2c(c1)nnn2C1CCN(S(=O)(=O)c2ccc(C(=O)N3CC(C)CC(C)C3)cc2)CC1,False,False,False,False
O=C1c2cccc3cc([N+](=O)[O-])cc(c23)C(=O)C1CN1CCCCC1,False,False,False,False
CC(=O)Nc1ccc(S(=O)(=O)N2CCN(C(=O)c3cnn(-c4nn5cccc5c(=O)[nH]4)c3C)CC2)cc1,False,False,False,False
Cc1ccc2c(c1-c1ccccc1)C(=O)OC2,False,False,False,False
O=[N+]([O-])c1ccc(N2CCNCC2)c2nonc12,False,False,False,False
CCCCCCCC(NC(=O)[C@H](CC(=O)O)NC(C)=O)C(=O)O,False,False,False,False
CC(C)Cc1ccc(S(=O)(=O)N2CCN(C(=O)c3ccco3)CC2)cc1,False,False,False,False
Cc1oc2nc(N3CCCC3)cc(N)c2c1C,False,False,False,False
O=C(NCCc1ccccc1)c1ccc([N+](=O)[O-])o1,False,False,False,False
N#Cc1ccc(C(=O)CSc2ccc(C(=O)Nc3ccc(F)cc3)cn2)cc1,False,False,False,False
CC(C)Nc1nccnc1Oc1ccc(Nc2ccccn2)cc1,False,False,False,False
Cc1ccccc1C(=O)NC1(C(=O)c2ccccc2)CCCC1,False,False,False,False
CCc1cnc(CNC(=O)NC2CCN(C3CCCC3)CC2)s1,False,False,False,False
CCC(=O)NNc1nc2c(F)cc(F)cc2s1,False,False,False,False
COc1ccc(S(=O)(=O)Nc2ccc(-c3ccccc3)c3cccnc23)cc1,False,False,False,False
Cc1ncc(C(=O)N2CCOC(C(=O)N3CCCCCC3)C2)c(C)n1,False,False,False,False
COc1ccccc1NS(=O)(=O)c1ccc(C)c(NC(=O)NC2CCCCC2)c1,False,False,False,False
COc1ccc(Cl)cc1C1=NOC2(CCC2)C(=O)N1Cc1ccc(NC(C)=O)cc1,False,False,False,False
Cc1nnc(SCC(=O)c2ccc(C#N)cc2)s1,False,False,False,False
COc1ccc(C(C)=O)cc1COc1cccc(C)c1,False,False,False,False
CCOc1nc(OCC)nc(N2CCC(C)CC2)n1,False,False,False,False
CC(C)Cc1cc(CNS(=O)(=O)c2ccc(C(C)(C)C)cc2)nn1-c1ccccc1,False,False,False,False
COc1cc(OC)c(S(=O)(=O)N2CCCCC2)cc1S(=O)(=O)N1CCCCC1,False,False,False,False
O=C(NO)[C@@H]1C[C@H](O)CN1C(=O)c1ccc(C#Cc2ccc(CN3CCSCC3)cc2)cc1,False,False,False,False
CCCS(=O)(=O)c1ccc2[nH]c(NC(=O)c3ccc4cc5n(c4c3)CCCNC5=O)nc2c1,False,False,False,True
CN(C)c1cccc(NS(=O)(=O)c2cccs2)n1,False,False,False,False
CCn1nc(NC(=O)C(C)(C)C)c2cc3cccc(C)c3nc21,False,False,False,False
COc1ccc(NC(=O)C/C(C)=N/NC(=O)c2ccncc2)c([N+](=O)[O-])c1,False,False,False,False
O=C(CNC(=O)c1ccco1)NCC(=O)Nc1ccccc1,False,False,False,False
CCNC1=N[C@H]2[C@H](O[C@H](CO)[C@@H](O)[C@@H]2O)S1,False,False,False,False
CC(C)(C)OC(=O)C[C@H]1C/C=C\C[C@@H](CC(=O)N[C@@H](CO)Cc2ccccc2)C(=O)N2CCC[C@H]2COC1=O,False,False,False,False
Oc1ccc(-c2cncc(-c3ccc(O)cc3)n2)cc1,False,False,False,False
NC(CO)(Cc1ccc(O)cc1)C(=O)O,True,True,True,True
CC(C)NC(=O)N(C)C[C@H]1Oc2ccc(NC(=O)C3CC3)cc2C(=O)N([C@H](C)CO)C[C@@H]1C,False,False,False,False
CC(=O)N1CCc2cc(S(=O)(=O)NCCC(=O)NCCc3ccc(Cl)cc3)ccc21,False,False,False,False
COc1ccc(-c2ccc(S(=O)(=O)NC(P(=O)(O)O)P(=O)(O)O)cc2)cc1,False,False,False,False
O=[N+]([O-])c1cccc(-c2nc3ccccc3n3cccc23)c1,False,False,False,False
COc1cc2c(cc1OC)C(=O)/C(=C/c1cc(OC)c(OC)c(OC)c1)CC2,False,False,False,False
O=C1NC(=O)C(CC2CCCCCCCCCCC2=O)C(=O)N1,False,False,False,False
COc1cccnc1CNC(=O)c1nc(N)nc2c(OC)cccc12,False,False,False,False
CC(C)Oc1cc(-c2cc(C3CCN(C4COC4)CC3)n(C3CCCC3)n2)cnc1N,False,False,False,False
CCOc1ccc(CNC(=O)Cn2c(=O)c3cccn3c3cccnc32)cc1,False,False,False,False
Nc1ccccc1NC(=O)c1ccc(CNc2cccc(F)n2)cc1,False,False,False,False
CCOC(=O)c1ccc(-n2c(CN3CCN(CCO)CC3)nc3ccc([N+](=O)[O-])cc3c2=O)cc1,False,False,False,False
CN(Cc1ccccc1)C(=O)CCS(=O)(=O)c1ccc2c(c1)n(C)c(=O)c(=O)n2C,False,False,False,False
COCOC(=O)Cc1cccc2c(=O)c([N+](=O)[O-])c(-c3ccccc3O)oc12,False,False,False,False
O=C(NCCCN1CCOCC1)c1cc(N(CCCl)CCCl)c([N+](=O)[O-])cc1[N+](=O)[O-],False,False,False,False
O=C(N[C@@H](Cc1ccccc1)C(=O)N[C@@H](Cc1ccccc1)C(=O)CO)OCc1ccccc1,False,False,False,False
COc1ccc(NC(=O)Nc2ccc3c(c2)OCO3)c(C)c1,False,False,False,False
Fc1ccc(CNc2ncnc3cc(Cl)ccc23)cc1,False,False,False,False
C/C1=C\CC(C)(C)/C=C/C(=O)[C@@H](C)[C@@H](O)CC1,False,False,False,False
CC1=C(C(=O)OCc2ccccn2)C(c2ccc(O)cc2)C2=C(CCCC2=O)N1,False,False,False,False
Cc1noc(C)c1CN1CCCC(C(N)=O)C1,False,False,False,False
CCCOc1ccc(C(=O)Nc2cnccn2)cc1,False,False,False,False
CCc1ccc(C(=O)Nc2ccc3c(c2)n(C)c(=O)n3C)cc1,False,False,False,False
